,external_gene_name,proba_de,proba_not_de,bayes_factor,scale1,scale2,pseudocounts,delta,lfc_mean,lfc_median,lfc_std,lfc_min,lfc_max,raw_mean1,raw_mean2,non_zeros_proportion1,non_zeros_proportion2,raw_normalized_mean1,raw_normalized_mean2,is_de_fdr_0.05,comparison,group1,group2,gene
0,Cyp2f2,0.9872,0.012800000000000034,4.345426711105514,0.0012623487,0.00012391988,0.0,0.25,4.444195,4.6337247,2.2482827,-5.185381,11.231359,20.54397394136795,1.3198669991687524,0.8023887079261675,0.1413133832086466,14.223999422946418,0.9602778777681151,True,"Lung, basal vs Rest","Lung, basal",Rest,Cyp2f2
1,Gm2a,0.983,0.017000000000000015,4.057395198028768,0.00071574375,9.6214215e-05,0.0,0.25,4.0536833,4.3541217,2.2329164,-5.4470353,10.625791,10.954397394136716,1.2327514546965954,0.6525515743756788,0.1821280133000803,7.307254725583292,0.8998195708210055,True,"Lung, basal vs Rest","Lung, basal",Rest,Gm2a
2,Krt6a,0.9824,0.01759999999999995,4.0220990973462705,0.00036869774,5.7588528e-05,0.0,0.25,4.436658,4.8543453,2.6849353,-5.9287195,12.84189,5.30401737242126,0.7748960931005786,0.4375678610206299,0.07514546965918566,3.5575169517065715,0.5279505828172124,True,"Lung, basal vs Rest","Lung, basal",Rest,Krt6a
3,Gp2,0.9822,0.017800000000000038,4.010595944690734,0.0010257598,0.00011942389,0.0,0.25,4.4326725,4.7377906,2.818793,-6.8592463,12.129375,19.64712269272522,1.8332502078138238,0.3963083604777417,0.11612635078969519,12.6636578990698,1.236761733279971,True,"Lung, basal vs Rest","Lung, basal",Rest,Gp2
4,Spink5,0.9822,0.017800000000000038,4.010595944690734,0.002474247,0.00028562688,0.0,0.25,5.513464,5.9849873,2.7173007,-3.7372227,11.693032,46.47014115092281,4.1283458021612445,0.8697068403908798,0.18894430590190833,30.640124827719145,2.9814373336681776,True,"Lung, basal vs Rest","Lung, basal",Rest,Spink5
5,Gsta4,0.9814,0.01859999999999995,3.965818015491911,0.0013026635,0.00015937797,0.0,0.25,4.4924903,4.883269,2.5831058,-5.06096,12.803455,24.175895765472138,2.335245220282653,0.8393051031487516,0.19783873649209857,14.528432949621083,1.492773607172195,True,"Lung, basal vs Rest","Lung, basal",Rest,Gsta4
6,Bpifa1,0.9812,0.01880000000000004,3.9549189208252784,0.0018637943,0.00026537073,0.0,0.25,4.0662227,4.2879357,2.5721045,-7.8378277,11.689602,74.54505971769822,8.176226101413015,0.3778501628664496,0.18478802992518392,41.90891707509196,5.421587979026034,True,"Lung, basal vs Rest","Lung, basal",Rest,Bpifa1
7,Sbsn,0.98,0.020000000000000018,3.8918198083148323,0.001512417,0.00044674944,0.0,0.25,3.505281,3.8518515,2.4910264,-7.3924932,9.102618,31.380021715526446,7.16533665835396,0.8099891422366995,0.3126350789692268,18.269661721477984,4.990514871156545,True,"Lung, basal vs Rest","Lung, basal",Rest,Sbsn
8,Slc16a11,0.9798,0.020199999999999996,3.8816653799540974,0.00021601115,3.7417965e-05,0.0,0.25,3.1882107,3.4237208,1.6218059,-3.777196,8.887017,3.5624321389793714,0.3997506234413914,0.6862106406080349,0.14729842061512974,2.347117835455065,0.28749620422480165,True,"Lung, basal vs Rest","Lung, basal",Rest,Slc16a11
9,Serpinb11,0.9784,0.021599999999999953,3.813224816940758,0.0009621667,0.00013965595,0.0,0.25,3.7146187,3.9414792,2.1816485,-4.056485,10.310929,17.073832790445017,1.4902743142144736,0.8067318132464715,0.1504571903574403,11.274223355671964,1.0372812177755568,True,"Lung, basal vs Rest","Lung, basal",Rest,Serpinb11
10,Gpc3,0.9782,0.02180000000000004,3.8038037298175786,0.00010415699,1.6289116e-05,0.0,0.25,3.6300406,3.7469616,2.1257327,-3.9051876,9.032298,1.395222584147666,0.17140482128013265,0.36373507057546156,0.06417290108063138,0.9993704309889248,0.11443853084439409,True,"Lung, basal vs Rest","Lung, basal",Rest,Gpc3
11,Pigr,0.978,0.02200000000000002,3.794466772356098,0.0004650533,0.00010411712,0.0,0.25,3.7728543,4.14309,2.6849043,-5.6674814,10.545508,6.539630836047742,1.3475477971737437,0.5504885993485343,0.14912718204488848,4.794035462880264,1.0323035121569681,True,"Lung, basal vs Rest","Lung, basal",Rest,Pigr
12,Sorbs2,0.9778,0.022199999999999998,3.7852124210430027,0.00026876188,4.9697588e-05,0.0,0.25,3.2174761,3.4309049,1.9031628,-4.0162096,8.165454,3.200868621064062,0.4659185369908483,0.697068403908795,0.1623441396508721,2.953408600310385,0.39624214042197226,True,"Lung, basal vs Rest","Lung, basal",Rest,Sorbs2
13,Rptn,0.9776,0.022399999999999975,3.7760391933569983,0.0012866294,0.00025513142,0.0,0.25,4.589242,5.156826,2.7462993,-6.161499,10.629566,23.431053203040072,4.132585203657504,0.7882736156351794,0.20565253532834046,16.079267198607894,2.987924376305416,True,"Lung, basal vs Rest","Lung, basal",Rest,Rptn
14,St3gal4,0.9774,0.022599999999999953,3.766945646311264,0.00054043054,9.929454e-05,0.0,0.25,3.5992296,3.9546332,2.0326593,-4.145481,8.6753845,7.396308360477673,1.1156275976724803,0.7839305103148754,0.15378221113881982,5.812623203263935,0.8389751357068007,True,"Lung, basal vs Rest","Lung, basal",Rest,St3gal4
15,Adgrf4,0.9766,0.023399999999999976,3.731340712153176,5.3242435e-05,1.3279185e-05,0.0,0.25,3.166262,3.4890475,1.9694647,-4.1531544,8.255864,0.704668838219327,0.11778886118038279,0.3441910966340935,0.04896093100581863,0.5147603714982582,0.08393110634617161,True,"Lung, basal vs Rest","Lung, basal",Rest,Adgrf4
16,Serpina7,0.9764,0.023599999999999954,3.722625213000223,0.00033626502,5.5428303e-05,0.0,0.25,3.902826,4.2005987,2.4146345,-4.078328,10.740321,5.491856677524414,0.5763923524521999,0.36264929424538556,0.06425602660016588,3.1746015102864096,0.38624084768174727,True,"Lung, basal vs Rest","Lung, basal",Rest,Serpina7
17,Cxcl5,0.9764,0.023599999999999954,3.722625213000223,0.00016966283,3.5599493e-05,0.0,0.25,3.7794714,4.114772,2.5670664,-5.436349,11.29453,2.077090119435397,0.40748129675810235,0.22366992399565697,0.05494596841230228,1.6827578385657014,0.35002908432127344,True,"Lung, basal vs Rest","Lung, basal",Rest,Cxcl5
18,Lratd1,0.976,0.02400000000000002,3.705408349644468,0.0003058861,5.680501e-05,0.0,0.25,3.4372761,3.7138524,1.8723775,-3.537284,8.99152,4.301845819761117,0.6322527015793746,0.7502714440825192,0.15403158769742328,3.140744321193405,0.4810851643316664,True,"Lung, basal vs Rest","Lung, basal",Rest,Lratd1
19,Cyp2g1,0.9752,0.024800000000000044,3.671798532024705,0.00027232367,4.2758726e-05,0.0,0.25,3.619337,3.8496618,2.464184,-6.335388,10.167663,4.091205211726383,0.28694929343308245,0.3040173724212813,0.048877805486284134,2.376796647501697,0.19041525336839504,True,"Lung, basal vs Rest","Lung, basal",Rest,Cyp2g1
20,Pcx,0.975,0.025000000000000022,3.663561256386136,4.5776706e-05,1.3788159e-05,0.0,0.25,2.0922556,2.2123818,1.1963657,-3.3638039,5.406789,0.5418023887079263,0.1302576891105582,0.33441910966340943,0.09426433915212114,0.37791555317997216,0.09479398147623545,True,"Lung, basal vs Rest","Lung, basal",Rest,Pcx
21,Rad51b,0.9748,0.0252,3.65538794066687,0.0001372773,2.5397521e-05,0.0,0.25,2.8068032,3.0361037,1.4396447,-3.3441086,6.590248,2.1976112920738333,0.33832086450539767,0.5428881650380023,0.15494596841230265,1.3775642481812667,0.243637249875371,True,"Lung, basal vs Rest","Lung, basal",Rest,Rad51b
22,Pdzk1ip1,0.9742,0.025800000000000045,3.631241752112877,0.00051718863,0.00010962627,0.0,0.25,3.9014227,4.1535387,2.4823976,-4.476491,10.363603,7.640608034744764,1.2511221945137179,0.8317046688382196,0.15926849542809604,5.061979141781234,0.8616957771600666,True,"Lung, basal vs Rest","Lung, basal",Rest,Pdzk1ip1
23,St6galnac1,0.9742,0.025800000000000045,3.631241752112877,5.1425726e-05,8.571951e-06,0.0,0.25,4.125682,4.3397584,2.5169265,-4.719245,10.198388,0.6579804560260588,0.08395677472984228,0.1867535287730728,0.035494596841230415,0.40672136413550836,0.05399502788539498,True,"Lung, basal vs Rest","Lung, basal",Rest,St6galnac1
24,Pir,0.974,0.026000000000000023,3.623314391272682,0.00023267062,3.211694e-05,0.0,0.25,3.7690926,3.8858957,2.146457,-3.4410238,9.708923,4.387622149837123,0.3244389027431393,0.5787187839305105,0.1048212801330029,2.761056484091521,0.22498412830002582,True,"Lung, basal vs Rest","Lung, basal",Rest,Pir
25,Serpinb2,0.974,0.026000000000000023,3.623314391272682,0.0010497611,0.00016123833,0.0,0.25,4.4050694,4.721651,2.6011915,-4.07209,10.315391,19.4560260586318,2.433915211970093,0.8382193268186756,0.21263507896923747,12.40083171932709,1.567850721895605,True,"Lung, basal vs Rest","Lung, basal",Rest,Serpinb2
26,Cyp2a5,0.974,0.026000000000000023,3.623314391272682,0.0013705369,0.00020724168,0.0,0.25,4.5831704,5.0086946,2.7965994,-4.593334,10.624022,27.078175895765302,3.328179551122198,0.7513572204125952,0.212385702410634,16.684971354249384,2.0668844800613657,True,"Lung, basal vs Rest","Lung, basal",Rest,Cyp2a5
27,Aqp4,0.974,0.026000000000000023,3.623314391272682,0.00015350738,2.7452448e-05,0.0,0.25,2.887236,2.9990773,1.8670837,-4.417308,9.082361,1.6547231270358311,0.20199501246882762,0.19435396308360484,0.057107231920199154,1.0781506415764572,0.16742437136736743,True,"Lung, basal vs Rest","Lung, basal",Rest,Aqp4
28,Cyp2d12,0.9732,0.026800000000000046,3.592187360533676,6.324087e-05,1.45172835e-05,0.0,0.25,3.3347461,3.5914507,2.1086023,-4.15804,8.669437,0.5244299674267102,0.12485453034081488,0.12703583061889254,0.025768911055694253,0.41344125606213844,0.08901278269956885,True,"Lung, basal vs Rest","Lung, basal",Rest,Cyp2d12
29,Gsto1,0.9726,0.02739999999999998,3.569429529893944,0.0004690663,0.000113464346,0.0,0.25,3.518109,3.8095064,2.8500466,-7.6640425,10.782789,9.02171552660144,2.738154613466347,0.5472312703583063,0.17805486284289038,5.9124738968036805,2.133673232684463,True,"Lung, basal vs Rest","Lung, basal",Rest,Gsto1
30,Upk3a,0.9724,0.027599999999999958,3.561951117683924,0.0006076533,5.321608e-05,0.0,0.25,4.137745,4.2110653,3.2841537,-7.720685,13.822048,15.127035830618874,1.0179551122194472,0.17915309446254077,0.06799667497921848,8.211161979592468,0.6057290753876637,True,"Lung, basal vs Rest","Lung, basal",Rest,Upk3a
31,Anxa1,0.9724,0.027599999999999958,3.561951117683924,0.00913294,0.0018690794,0.0,0.25,3.1622348,3.2799237,1.9338552,-3.4365015,9.231646,209.0466883821933,34.73748960930887,0.9978284473398483,0.8750623441395741,133.8538625062358,24.194001040942734,True,"Lung, basal vs Rest","Lung, basal",Rest,Anxa1
32,Cdo1,0.9718,0.028200000000000003,3.539827699708052,0.0008618025,0.00016726351,0.0,0.25,3.3058949,3.413062,2.110121,-4.2061586,10.031014,14.319218241042218,2.416126350789722,0.8371335504885996,0.3161263507896753,9.441301367963515,1.5626891084380305,True,"Lung, basal vs Rest","Lung, basal",Rest,Cdo1
33,Orm1,0.9718,0.028200000000000003,3.539827699708052,0.0006769957,0.00013420332,0.0,0.25,3.7343059,4.0000114,2.7046974,-7.4264755,11.455788,14.105320304017264,2.0571072319202326,0.6710097719869709,0.18104738154613195,7.553047718040753,1.1970545420059928,True,"Lung, basal vs Rest","Lung, basal",Rest,Orm1
34,Ly6g6c,0.9716,0.02839999999999998,3.532554710140545,0.0006650234,0.00018867741,0.0,0.25,3.6101954,3.8779159,2.9298036,-8.747345,12.368315,12.775244299674169,3.024688279301742,0.6438653637350708,0.1871155444721496,8.118953066627403,1.9944511454931597,True,"Lung, basal vs Rest","Lung, basal",Rest,Ly6g6c
35,Ikzf3,0.9704,0.02959999999999996,3.4899336687670752,3.5207762e-05,7.956456e-06,0.0,0.25,2.6853988,2.8980112,1.5824565,-3.5562105,6.6278667,0.4864277958740501,0.0676641729010807,0.2877307274701412,0.042643391521197,0.3410560353533107,0.04962408766624156,True,"Lung, basal vs Rest","Lung, basal",Rest,Ikzf3
36,Pon3,0.9704,0.02959999999999996,3.4899336687670752,9.355006e-05,2.1640784e-05,0.0,0.25,2.5377355,2.7680688,1.4033765,-2.8913279,6.5402536,1.4549402823018462,0.23740648379052212,0.5591748099891424,0.13474646716542202,0.9409076106966138,0.1727115348298186,True,"Lung, basal vs Rest","Lung, basal",Rest,Pon3
37,Bace2,0.9704,0.02959999999999996,3.4899336687670752,0.00024051004,6.155879e-05,0.0,0.25,2.5761187,2.687622,1.5813361,-2.9332867,7.758733,3.6275787187839317,0.6004156275976568,0.7709011943539633,0.2258520365752211,2.315724358677647,0.46511355269940813,True,"Lung, basal vs Rest","Lung, basal",Rest,Bace2
38,Klk1b16,0.9702,0.02980000000000005,3.4829935170364954,0.00019292801,2.9911036e-05,0.0,0.25,3.5578165,3.813108,2.530179,-6.4197645,11.319958,4.372421281216068,0.5203657522859501,0.12703583061889254,0.0357439733998339,2.638124481617054,0.29052394837238726,True,"Lung, basal vs Rest","Lung, basal",Rest,Klk1b16
39,Scgb1a1,0.9702,0.02980000000000005,3.4829935170364954,0.0012615704,0.000269857,0.0,0.25,3.829907,4.0153546,2.8451364,-6.171092,11.068314,45.03474484256242,6.761263507896826,0.49945711183496216,0.1834580216126321,28.08165982616091,4.626170184824635,True,"Lung, basal vs Rest","Lung, basal",Rest,Scgb1a1
40,Fut9,0.9696,0.030399999999999983,3.4624406882690915,8.352015e-05,1.8225319e-05,0.0,0.25,3.8208406,3.8006945,2.9716578,-5.2980623,11.863053,0.9522258414766561,0.09301745635910255,0.2660152008686211,0.03250207813798859,0.7946128094110738,0.08279595243447618,True,"Lung, basal vs Rest","Lung, basal",Rest,Fut9
41,Serpinb7,0.9692,0.03080000000000005,3.4489559846053557,0.00027522029,6.6237335e-05,0.0,0.25,3.4053957,3.6310434,2.3038404,-4.369649,8.893508,4.0032573289902285,0.7453865336658276,0.6178067318132466,0.1320033250207839,2.516663989520358,0.4783251647739166,True,"Lung, basal vs Rest","Lung, basal",Rest,Serpinb7
42,Serpinb3c,0.9692,0.03080000000000005,3.4489559846053557,6.544658e-05,9.671021e-06,0.0,0.25,3.7786121,3.9452748,3.1247127,-7.459051,12.571796,2.4353963083604784,0.17556109725685776,0.12160694896851253,0.015960099750623416,1.3638208514546704,0.10132369432136104,True,"Lung, basal vs Rest","Lung, basal",Rest,Serpinb3c
43,Cysrt1,0.9688,0.031200000000000006,3.4356397872327245,6.293136e-05,3.655219e-05,0.0,0.25,3.2389507,3.5849495,3.1048636,-8.962229,10.499913,1.0770901194353966,0.47714048212801,0.29424538545059725,0.07115544472152956,0.6452627663463077,0.31529733299702706,True,"Lung, basal vs Rest","Lung, basal",Rest,Cysrt1
44,Tmem125,0.9686,0.031399999999999983,3.429043528907814,1.7093489e-05,4.872794e-06,0.0,0.25,2.535073,2.7041183,1.6872481,-4.2058554,6.879019,0.24864277958740508,0.04655029093931837,0.1889250814332248,0.037572734829592794,0.1660239052073772,0.03230664909652114,True,"Lung, basal vs Rest","Lung, basal",Rest,Tmem125
45,Wfdc2,0.9686,0.031399999999999983,3.429043528907814,0.0017440098,0.000383794,0.0,0.25,2.5473921,2.6364317,2.0499341,-6.634736,8.6836815,53.36373507057542,6.184621778885982,0.7350705754614552,0.44006650041559725,31.002197753828476,4.464948874983611,True,"Lung, basal vs Rest","Lung, basal",Rest,Wfdc2
46,Gabrp,0.9684,0.03159999999999996,3.4224877983417037,0.0002873796,4.3801494e-05,0.0,0.25,4.0476594,4.094505,2.564251,-4.5552483,10.181342,4.2214983713355005,0.4300083125519491,0.6178067318132466,0.10257689110557135,3.063170252456096,0.29332855182863027,True,"Lung, basal vs Rest","Lung, basal",Rest,Gabrp
47,Pof1b,0.968,0.03200000000000003,3.409495882307477,9.6138974e-05,3.5575125e-05,0.0,0.25,2.5680485,2.805461,1.9261392,-5.951911,7.585535,1.2812160694896855,0.3262676641728978,0.5005428881650381,0.11014131338321104,0.9233461598879094,0.25080733318053744,True,"Lung, basal vs Rest","Lung, basal",Rest,Pof1b
48,Gne,0.968,0.03200000000000003,3.409495882307477,9.672401e-05,2.4197108e-05,0.0,0.25,2.4023564,2.544464,1.4831257,-3.097952,6.4607267,1.3289902280130297,0.2840399002493727,0.5287730727470142,0.1637572734829584,0.9562142006410911,0.22377440362799722,True,"Lung, basal vs Rest","Lung, basal",Rest,Gne
49,Tspan8,0.968,0.03200000000000003,3.409495882307477,0.000353973,9.4174975e-05,0.0,0.25,3.4282246,3.645998,2.5999045,-4.3475065,9.350324,5.104234527687268,1.0747298420615037,0.6601520086862108,0.15519534497090612,3.3437074148141908,0.6990124342795044,True,"Lung, basal vs Rest","Lung, basal",Rest,Tspan8
50,Krt23,0.9676,0.032399999999999984,3.3966600576305104,0.0003350524,0.00012316044,0.0,0.25,3.0469918,3.4398198,2.27988,-5.2626905,9.0899935,5.806731813246434,1.7170407315045908,0.7187839305103151,0.16824605153782077,3.993957139347365,1.1737785385263682,True,"Lung, basal vs Rest","Lung, basal",Rest,Krt23
51,Aqp5,0.9676,0.032399999999999984,3.3966600576305104,0.00017698646,4.0417563e-05,0.0,0.25,3.0188916,3.1233063,2.1822782,-6.1066666,11.075702,2.4571118349619985,0.3379052369077284,0.3724212812160696,0.08561928512053292,1.3309953725237795,0.24557242783687513,True,"Lung, basal vs Rest","Lung, basal",Rest,Aqp5
52,Cxcl3,0.9676,0.032399999999999984,3.3966600576305104,0.0004223455,8.408796e-05,0.0,0.25,3.6918523,3.9526534,2.57803,-4.87481,10.866053,10.124864277958677,1.349293433083967,0.44733984799131393,0.09617622610141469,5.995914733982486,0.8739817498756406,True,"Lung, basal vs Rest","Lung, basal",Rest,Cxcl3
53,Vtcn1,0.9668,0.03320000000000001,3.371441482045512,1.4135794e-05,4.1266103e-06,0.0,0.25,4.402795,4.457817,3.9079838,-6.2547636,15.746496,0.20304017372421287,0.025436408977556165,0.11292073832790449,0.017040731504571898,0.13120499066755031,0.016757043056001078,True,"Lung, basal vs Rest","Lung, basal",Rest,Vtcn1
54,Spink12,0.9668,0.03320000000000001,3.371441482045512,0.00022383497,7.0979724e-05,0.0,0.25,3.1899254,3.355782,3.1933656,-11.31073,13.483989,6.206297502714434,1.1098088113050706,0.21715526601520094,0.052119700748129445,3.2974882624170547,0.7620926591823954,True,"Lung, basal vs Rest","Lung, basal",Rest,Spink12
55,Ankub1,0.9666,0.033399999999999985,3.3652285703727176,1.9301648e-05,4.313081e-06,0.0,0.25,2.5944347,2.790979,1.5074016,-5.5691395,6.5807457,0.1400651465798046,0.036076475477971805,0.10423452768729645,0.0290108063175397,0.1020447450136643,0.028626292105914428,True,"Lung, basal vs Rest","Lung, basal",Rest,Ankub1
56,Mapk11,0.9664,0.03359999999999996,3.359051472940072,4.768281e-05,1.3122265e-05,0.0,0.25,2.3026896,2.4413614,1.4909365,-3.3947496,7.043874,0.6243213897937027,0.1236076475477987,0.3756786102062976,0.08844555278470599,0.4866578901955467,0.10395783433431785,True,"Lung, basal vs Rest","Lung, basal",Rest,Mapk11
57,Acsl1,0.9664,0.03359999999999996,3.359051472940072,0.00017087313,5.2538795e-05,0.0,0.25,2.1686764,2.3555408,1.4529334,-3.4714956,6.453641,2.386536373507058,0.5676641729010645,0.6644951140065148,0.22477140482127275,1.908806040779582,0.4417995547320383,True,"Lung, basal vs Rest","Lung, basal",Rest,Acsl1
58,Calml3,0.966,0.03400000000000003,3.3468030258307184,0.00029782293,0.0001029181,0.0,0.25,2.3161964,2.4525847,1.7034765,-4.239977,7.5347977,3.8273615635179166,0.9224438902743002,0.5222584147665582,0.15777223607647525,2.5520305968260364,0.7326838392363622,True,"Lung, basal vs Rest","Lung, basal",Rest,Calml3
59,Il18,0.9658,0.03420000000000001,3.3407308473273742,0.00013344035,5.5180783e-05,0.0,0.25,2.6731184,2.990161,2.304578,-6.4209995,8.9564905,2.0228013029315965,0.7886118038237602,0.5027144408251901,0.15569409808811305,1.4585653508369718,0.5282456753141194,True,"Lung, basal vs Rest","Lung, basal",Rest,Il18
60,Krt80,0.9658,0.03420000000000001,3.3407308473273742,7.79843e-05,3.305587e-05,0.0,0.25,2.1210582,2.3709779,1.7363602,-4.772648,7.256153,1.2008686210640611,0.37755610972568143,0.49619978284473415,0.12252701579385185,0.8681085620070437,0.2768894738506131,True,"Lung, basal vs Rest","Lung, basal",Rest,Krt80
61,Hebp2,0.9656,0.034399999999999986,3.3346928250625925,0.00023421567,8.320064e-05,0.0,0.25,2.6360517,2.935896,2.060067,-5.325077,7.9687424,3.5689467969598274,1.127597672485447,0.7535287730727472,0.2536990856192747,2.222217216652123,0.7219293905036696,True,"Lung, basal vs Rest","Lung, basal",Rest,Hebp2
62,Slco1a5,0.9656,0.034399999999999986,3.3346928250625925,0.00013719397,3.7478123e-05,0.0,0.25,2.3195806,2.4519176,1.4116277,-3.903489,6.23248,1.841476655808904,0.4152119700748053,0.6210640608034746,0.16824605153782077,1.3223315630639794,0.2788904175561409,True,"Lung, basal vs Rest","Lung, basal",Rest,Slco1a5
63,Csta1,0.9654,0.034599999999999964,3.3286885625038165,0.00011494353,5.1002848e-05,0.0,0.25,2.8175743,3.0594754,2.6211455,-8.586036,9.459461,1.7090119435396314,0.5369077306733139,0.3507057546145495,0.06841230257689099,1.107207574555188,0.3861351899338453,True,"Lung, basal vs Rest","Lung, basal",Rest,Csta1
64,Por,0.9654,0.034599999999999964,3.3286885625038165,0.00023550147,5.9290534e-05,0.0,0.25,2.3515465,2.5046973,1.3066607,-2.2179556,5.8733263,3.7741585233441923,0.6576059850373808,0.8013029315960915,0.29476309226931185,2.6637042723389692,0.5477497549124171,True,"Lung, basal vs Rest","Lung, basal",Rest,Por
65,Upk1b,0.9654,0.034599999999999964,3.3286885625038165,7.5266566e-05,2.5952104e-05,0.0,0.25,3.2034352,3.4567342,3.0947576,-9.4975,11.247323,1.0912052117263846,0.16841230257689127,0.20412595005428888,0.03075644222776417,0.7100326920668739,0.11655136010678635,True,"Lung, basal vs Rest","Lung, basal",Rest,Upk1b
66,Gm94,0.9654,0.034599999999999964,3.3286885625038165,0.00018663169,4.3779262e-05,0.0,0.25,3.4663067,3.631712,2.7378361,-6.2161913,11.608743,2.36156351791531,0.40315876974230996,0.13572204125950058,0.026433915211970242,1.350173653097779,0.286529996871508,True,"Lung, basal vs Rest","Lung, basal",Rest,Gm94
67,Ldhd,0.9652,0.03480000000000005,3.322717669974713,2.5086576e-05,6.945219e-06,0.0,0.25,2.3433242,2.4863915,1.4621453,-3.4691143,6.7842226,0.1856677524429968,0.06275976724854514,0.13680781758957658,0.04879467996674964,0.12437451974346893,0.04994298645815177,True,"Lung, basal vs Rest","Lung, basal",Rest,Ldhd
68,Serpina3j,0.965,0.03500000000000003,3.316779764498021,0.00011907355,3.315313e-05,0.0,0.25,2.760833,2.9571738,1.941892,-4.972001,8.947076,0.688382193268187,0.25228595178719815,0.13137893593919656,0.05669160432252668,0.47120417530723097,0.18198361381771555,True,"Lung, basal vs Rest","Lung, basal",Rest,Serpina3j
69,Scel,0.965,0.03500000000000003,3.316779764498021,5.158211e-05,1.8053903e-05,0.0,0.25,2.8213975,3.051228,2.3268118,-5.2055426,9.128019,0.5819761129207385,0.16284289276808006,0.31704668838219335,0.06957605985037402,0.4297574197957165,0.1154021966932382,True,"Lung, basal vs Rest","Lung, basal",Rest,Scel
70,Ephx3,0.9648,0.03520000000000001,3.310874469642843,4.4094653e-05,1.4231402e-05,0.0,0.25,2.5509338,2.7664623,1.9559475,-4.199197,8.387998,0.5472312703583063,0.1300083125519543,0.2855591748099892,0.0648379052369074,0.3424119851113428,0.08563067285218433,True,"Lung, basal vs Rest","Lung, basal",Rest,Ephx3
71,Pdzk1,0.9648,0.03520000000000001,3.310874469642843,2.7751472e-05,5.930605e-06,0.0,0.25,4.116927,4.3680506,2.9428446,-4.7788534,10.551977,0.3756786102062976,0.042643391521197095,0.17806731813246476,0.023192019950124796,0.2416215416700335,0.027675346178940075,True,"Lung, basal vs Rest","Lung, basal",Rest,Pdzk1
72,Cttnbp2,0.9646,0.03539999999999999,3.305001415376299,0.00023418925,5.7465182e-05,0.0,0.25,2.517338,2.6371431,1.423869,-3.6048765,7.712447,3.1074918566775254,0.5365752285951645,0.7763300760043433,0.2222776392352381,2.2673090348774667,0.4436770370123052,True,"Lung, basal vs Rest","Lung, basal",Rest,Cttnbp2
73,Lypd3,0.9644,0.035599999999999965,3.2991602379193363,0.000105822786,3.3932803e-05,0.0,0.25,2.513456,2.7473512,1.8283459,-4.6373005,7.5659866,1.2877307274701415,0.27738985868661564,0.4191096634093378,0.07714048212801371,0.8931332405771717,0.20430741419890483,True,"Lung, basal vs Rest","Lung, basal",Rest,Lypd3
74,Pglyrp4,0.9642,0.035800000000000054,3.293350579606588,3.8894388e-05,1.2830852e-05,0.0,0.25,2.8476572,3.1100283,2.1479883,-5.3459187,8.038869,0.4799131378935941,0.10274314214463888,0.24538545059717706,0.04721529509559423,0.33108196871942663,0.07870941001747855,True,"Lung, basal vs Rest","Lung, basal",Rest,Pglyrp4
75,Ttc36,0.9642,0.035800000000000054,3.293350579606588,0.0007089575,0.00014202943,0.0,0.25,3.7878234,3.951395,2.6420693,-4.29891,10.024904,10.720955483170362,1.9083956774730122,0.8284473398479916,0.24039900249375654,6.700831834036483,1.2408767581787623,True,"Lung, basal vs Rest","Lung, basal",Rest,Ttc36
76,S100a9,0.9642,0.035800000000000054,3.293350579606588,0.00012672199,9.49358e-05,0.0,0.25,2.0034847,2.468974,3.019355,-7.8602934,9.335296,2.667752442996743,2.5089775561097376,0.10314875135722044,0.0926849542809656,1.4652917783399904,1.510699459794391,True,"Lung, basal vs Rest","Lung, basal",Rest,S100a9
77,Ly6g6e,0.964,0.03600000000000003,3.2875720887501396,9.330988e-05,2.2932103e-05,0.0,0.25,3.430136,3.6174035,2.4448447,-4.4820232,9.911322,1.4744842562432143,0.2747298420615108,0.5526601520086863,0.11579384871155718,0.8928431599198074,0.17935029844531128,True,"Lung, basal vs Rest","Lung, basal",Rest,Ly6g6e
78,Hp,0.9638,0.03620000000000001,3.2818244195070476,0.00030311637,7.1362e-05,0.0,0.25,4.0131893,4.3472285,3.1276884,-6.7396345,11.77356,5.973941368078164,1.0610141313383183,0.24972855591748108,0.0650041562759764,3.702106639810222,0.7455527189955492,True,"Lung, basal vs Rest","Lung, basal",Rest,Hp
79,Trpm6,0.9638,0.03620000000000001,3.2818244195070476,4.3918615e-05,9.941779e-06,0.0,0.25,2.8266845,2.8752995,2.10915,-4.8353605,10.567372,0.5407166123778503,0.07073981712385723,0.29424538545059725,0.04530340814630084,0.473610652099333,0.06127287761777426,True,"Lung, basal vs Rest","Lung, basal",Rest,Trpm6
80,Porcn,0.9634,0.036599999999999966,3.270420190944699,3.2855845e-05,9.481531e-06,0.0,0.25,2.3527722,2.391601,1.723917,-4.1277933,9.51595,0.3767643865363736,0.06832917705735658,0.2084690553745929,0.03649210307564436,0.2605113888348621,0.05837004670200962,True,"Lung, basal vs Rest","Lung, basal",Rest,Porcn
81,Psapl1,0.9634,0.036599999999999966,3.270420190944699,9.1900525e-05,4.18441e-05,0.0,0.25,2.4689515,2.4749064,2.2573574,-7.26035,11.730102,1.2128121606948972,0.31629260182875996,0.38436482084690565,0.06026600166250997,0.7861188167041313,0.23477439380544904,True,"Lung, basal vs Rest","Lung, basal",Rest,Psapl1
82,Cst6,0.9634,0.036599999999999966,3.270420190944699,0.0023753613,0.0008260097,0.0,0.25,2.904455,3.1947865,2.58415,-7.303332,10.602453,59.62540716612371,16.406899418120744,0.8697068403908798,0.512385702410602,32.87651898398093,11.092031475248875,True,"Lung, basal vs Rest","Lung, basal",Rest,Cst6
83,Sh3bgrl2,0.9632,0.036800000000000055,3.264762968022636,0.000105622195,2.7548334e-05,0.0,0.25,2.328308,2.3944592,1.2686858,-2.7546291,5.6406612,1.5960912052117269,0.3196176226101345,0.6796959826275789,0.18861180382377038,1.1285288350667335,0.24640102401641573,True,"Lung, basal vs Rest","Lung, basal",Rest,Sh3bgrl2
84,Gjb6,0.9628,0.03720000000000001,3.2535366861990203,9.865396e-05,2.6543268e-05,0.0,0.25,3.1188483,3.182682,2.2036374,-4.080077,8.091934,1.2442996742671013,0.19592684954280953,0.43322475570032587,0.0650041562759764,0.7750619547964396,0.14262287368595303,True,"Lung, basal vs Rest","Lung, basal",Rest,Gjb6
85,Ddx51,0.9628,0.03720000000000001,3.2535366861990203,5.0208062e-05,1.2428874e-05,0.0,0.25,2.015329,2.031423,1.1471785,-3.5441675,6.545189,0.5711183496199784,0.11230257689110726,0.24755700325732907,0.09052369077306854,0.36979196883705073,0.10156250660436703,True,"Lung, basal vs Rest","Lung, basal",Rest,Ddx51
86,St8sia6,0.9628,0.03720000000000001,3.2535366861990203,0.00010859878,2.2649348e-05,0.0,0.25,2.4973578,2.5530958,1.8067403,-3.924861,8.314022,1.6938110749185673,0.13250207813798875,0.38762214983713367,0.05527847049044026,1.1863095770335192,0.1002774188784334,True,"Lung, basal vs Rest","Lung, basal",Rest,St8sia6
87,Tspan7,0.9624,0.03759999999999997,3.2424258586979,5.903936e-05,1.6953192e-05,0.0,0.25,2.1066656,2.1655197,1.2080898,-2.0819387,5.9034576,0.7448425624321392,0.17182044887780532,0.40282301845819773,0.1244389027431454,0.5384486953955641,0.15231064529479804,True,"Lung, basal vs Rest","Lung, basal",Rest,Tspan7
88,Evpl,0.9624,0.03759999999999997,3.2424258586979,7.6818666e-05,2.3071017e-05,0.0,0.25,2.6840615,2.8732467,2.1454685,-4.8689594,8.543837,0.930510314875136,0.24264339152119666,0.3995656894679697,0.09817123857024274,0.7710402184554564,0.18451352223817383,True,"Lung, basal vs Rest","Lung, basal",Rest,Evpl
89,Defb1,0.9622,0.037799999999999945,3.236912972482433,0.00024754132,7.5222306e-05,0.0,0.25,2.477565,2.6084237,1.9069711,-5.252721,8.694297,4.201954397394132,0.9175394846217595,0.5917480998914225,0.20157938487115054,2.676983997727422,0.7163006406383967,True,"Lung, basal vs Rest","Lung, basal",Rest,Defb1
90,Slc9a4,0.962,0.038000000000000034,3.23142803817647,6.414621e-05,2.1348684e-05,0.0,0.25,3.0648384,3.3419733,2.3693173,-4.347987,9.32157,0.8675352877307277,0.19434746467165387,0.35722041259500553,0.08295926849542885,0.6137555492837642,0.13581447380611691,True,"Lung, basal vs Rest","Lung, basal",Rest,Slc9a4
91,Krt19,0.9618,0.03820000000000001,3.225970761848134,0.00076062424,0.00018968369,0.0,0.25,3.2881298,3.481555,2.499113,-5.5071964,10.126913,13.155266015200764,2.3965918536991153,0.5418023887079263,0.19110556940980503,8.836993163773712,1.765792706087188,True,"Lung, basal vs Rest","Lung, basal",Rest,Krt19
92,Arg1,0.9618,0.03820000000000001,3.225970761848134,0.00022731104,7.7567835e-05,0.0,0.25,3.828647,4.156599,3.3006942,-6.260998,11.571769,3.5711183496199794,1.047298420615118,0.5602605863192184,0.1709060681629244,2.7371335006371087,0.725567740880528,True,"Lung, basal vs Rest","Lung, basal",Rest,Arg1
93,Rab27b,0.9616,0.03839999999999999,3.2205408541699643,0.0001320301,4.099658e-05,0.0,0.25,2.2293901,2.2862058,1.7676952,-4.2634525,8.170974,2.2442996742671015,0.4044056525353193,0.6254071661237787,0.19010806317539117,1.5710791042545313,0.34221227774126833,True,"Lung, basal vs Rest","Lung, basal",Rest,Rab27b
94,Fam174b,0.9616,0.03839999999999999,3.2205408541699643,4.71547e-05,1.2261907e-05,0.0,0.25,3.1744647,3.2979798,2.3038616,-4.4843864,8.740351,0.463626492942454,0.06699916874480465,0.21498371335504893,0.038403990024937745,0.3174440770160819,0.05305210992154282,True,"Lung, basal vs Rest","Lung, basal",Rest,Fam174b
95,Septin5,0.9614,0.03859999999999997,3.2151380303232497,9.2158525e-06,2.5071838e-06,0.0,0.25,2.30817,2.4417162,1.6327016,-4.2410173,7.1963835,0.12269272529858853,0.02294264339152127,0.10423452768729645,0.020116375727348347,0.07738503530623021,0.01424074259619247,True,"Lung, basal vs Rest","Lung, basal",Rest,Septin5
96,Bglap3,0.9614,0.03859999999999997,3.2151380303232497,9.778628e-05,3.175777e-05,0.0,0.25,3.5073175,3.9763017,2.7002063,-5.0994883,9.874964,0.7730727470141153,0.36541978387364754,0.1161780673181325,0.04380714879467993,0.4943010824530858,0.2072913010603488,True,"Lung, basal vs Rest","Lung, basal",Rest,Bglap3
97,Foxq1,0.961,0.039000000000000035,3.204412516836249,0.00025603015,7.252964e-05,0.0,0.25,2.1153731,2.1927052,1.3134838,-3.2842894,6.7100496,3.8219326818675365,0.8058187863673884,0.7557003257328992,0.27705735660846587,3.014986192871108,0.6446396119360237,True,"Lung, basal vs Rest","Lung, basal",Rest,Foxq1
98,Sectm1b,0.961,0.039000000000000035,3.204412516836249,3.34693e-05,1.2163771e-05,0.0,0.25,2.4835145,2.7848973,1.9308993,-4.027833,8.845606,0.4212812160694898,0.12518703241895332,0.24647122692725307,0.06192851205319987,0.2865720100450215,0.08654226249136494,True,"Lung, basal vs Rest","Lung, basal",Rest,Sectm1b
99,Tom1,0.961,0.039000000000000035,3.204412516836249,5.407521e-05,1.7828832e-05,0.0,0.25,2.0645268,2.2417402,1.4726629,-4.047741,5.8519487,0.8208469055374595,0.21413133832086378,0.4191096634093378,0.12202826267664484,0.5510031367989169,0.16740475904783014,True,"Lung, basal vs Rest","Lung, basal",Rest,Tom1
100,Cdkn2a,0.961,0.039000000000000035,3.204412516836249,0.00080978154,0.00018923318,0.0,0.25,2.9654102,3.0366817,1.9835975,-3.3412638,7.86654,11.635179153094356,2.670656691604362,0.8925081433224759,0.40133000831252574,8.106546832290318,1.7800549061519055,True,"Lung, basal vs Rest","Lung, basal",Rest,Cdkn2a
101,Rnf144b,0.961,0.039000000000000035,3.204412516836249,5.0776995e-05,1.2679345e-05,0.0,0.25,2.574728,2.7099934,1.7178485,-3.9747467,7.1481323,0.6634093376764388,0.12684954280964383,0.38870792616720967,0.08312551953449786,0.5271820053582985,0.0994116916863905,True,"Lung, basal vs Rest","Lung, basal",Rest,Rnf144b
102,Fads2b,0.961,0.039000000000000035,3.204412516836249,0.00043422703,0.00012032958,0.0,0.25,2.898182,3.139215,1.9976355,-3.9600344,8.2858305,6.747014115092239,1.4302576891105738,0.8262757871878396,0.2598503740648268,4.27795534125339,1.005802727237459,True,"Lung, basal vs Rest","Lung, basal",Rest,Fads2b
103,Ccl6,0.961,0.039000000000000035,3.204412516836249,0.00028021907,0.00013842867,0.0,0.25,2.7555866,3.03643,2.8300166,-6.160655,11.3506,5.353963083604753,1.879301745635934,0.4408251900108579,0.1511221945137162,3.1386682349735797,1.1693760791031564,True,"Lung, basal vs Rest","Lung, basal",Rest,Ccl6
104,A2ml1,0.961,0.039000000000000035,3.204412516836249,7.2120485e-05,1.65042e-05,0.0,0.25,2.9219668,2.8888206,1.919039,-2.5899582,8.770103,0.47014115092291003,0.12435577722360805,0.10206297502714444,0.033416458852868036,0.32409604963898125,0.07625180476407512,True,"Lung, basal vs Rest","Lung, basal",Rest,A2ml1
105,Cnfn,0.961,0.039000000000000035,3.204412516836249,0.0001653387,9.3639064e-05,0.0,0.25,2.5722077,2.7461982,3.0461547,-9.282475,12.06291,2.6590662323561354,1.2507896924355835,0.3897937024972857,0.07772236076475522,1.6474918998612595,0.8573871294749158,True,"Lung, basal vs Rest","Lung, basal",Rest,Cnfn
106,Muc20,0.9606,0.03939999999999999,3.1937920295299222,2.6741222e-05,9.439213e-06,0.0,0.25,2.7604122,2.9153152,2.49992,-7.06135,9.051878,0.3007600434310533,0.08013300083125542,0.15852334419109668,0.0374896093100583,0.19883740233750227,0.06063043371009736,True,"Lung, basal vs Rest","Lung, basal",Rest,Muc20
107,Cavin3,0.9604,0.03959999999999997,3.1885205039737716,2.520431e-05,0.00016493782,0.0,0.25,-2.586757,-2.6615295,1.8673602,-7.2786064,5.22178,0.20412595005428888,1.1888611803823677,0.10966340933767647,0.42734829592682055,0.14614055149629132,1.4852753566054342,True,"Lung, basal vs Rest","Lung, basal",Rest,Cavin3
108,Tacstd2,0.9604,0.03959999999999997,3.1885205039737716,0.00064307067,0.00022303073,0.0,0.25,2.2249465,2.3976831,1.6018363,-3.6043587,6.3077,10.309446254071563,3.1187032418952967,0.930510314875136,0.4233582709891651,7.353164736736458,2.2561096038398953,True,"Lung, basal vs Rest","Lung, basal",Rest,Tacstd2
109,Hopx,0.9602,0.03979999999999995,3.1832744429646964,0.00038956475,0.000119974065,0.0,0.25,2.6968715,2.935925,2.0997171,-5.337327,7.9347334,7.807817589576474,2.102161263507937,0.7285559174809991,0.30606816292600225,5.0926088100238855,1.2761054534072922,True,"Lung, basal vs Rest","Lung, basal",Rest,Hopx
110,Slc5a9,0.9602,0.03979999999999995,3.1832744429646964,0.00040780962,0.00011022303,0.0,0.25,2.2439828,2.3174195,1.3669409,-3.1101742,7.022135,5.7426710097719385,1.2891105569409946,0.8935939196525519,0.40906068162923315,4.256002265616043,1.010134568288737,True,"Lung, basal vs Rest","Lung, basal",Rest,Slc5a9
111,Upk2,0.96,0.040000000000000036,3.1780535907646423,5.7863e-05,1.5537167e-05,0.0,0.25,3.295844,3.1032352,2.4773405,-3.927556,8.995632,0.9001085776330079,0.15876974231088992,0.38436482084690565,0.07381546134663362,0.5841132727930918,0.10571683827324614,True,"Lung, basal vs Rest","Lung, basal",Rest,Upk2
112,Krt79,0.9598,0.040200000000000014,3.172857695461819,0.00013750471,4.7030117e-05,0.0,0.25,3.1760893,3.4505377,2.7398815,-6.507989,11.073358,1.629750271444083,0.4940980881130468,0.24755700325732907,0.0845386533665844,1.0236817007526773,0.32926947439457,True,"Lung, basal vs Rest","Lung, basal",Rest,Krt79
113,Nupr1,0.9594,0.04059999999999997,3.16253978657807,0.0007615879,0.00024573065,0.0,0.25,2.5346243,2.6565542,2.1514976,-5.4911385,8.238943,12.485342019543866,3.355860349127188,0.6416938110749187,0.2635910224438788,9.834392545275412,2.5272648886451012,True,"Lung, basal vs Rest","Lung, basal",Rest,Nupr1
114,Serpina1e,0.9594,0.04059999999999997,3.16253978657807,9.215102e-05,2.3394654e-05,0.0,0.25,3.4014804,3.5893373,2.4806392,-3.3365774,10.351648,1.420195439739414,0.2064006650041561,0.19326818675352883,0.04563591022443882,0.7578667292931676,0.13677124395486562,True,"Lung, basal vs Rest","Lung, basal",Rest,Serpina1e
115,Cd14,0.9592,0.04079999999999995,3.157417287630535,0.00014394213,3.7361282e-05,0.0,0.25,2.6260006,2.8271432,1.8648235,-4.451169,7.708233,2.089033659066233,0.37980049875311395,0.5591748099891424,0.10814630091438299,1.4399612873423826,0.2633667489949683,True,"Lung, basal vs Rest","Lung, basal",Rest,Cd14
116,Sftpd,0.959,0.041000000000000036,3.152318774704249,0.00036294447,8.186108e-05,0.0,0.25,3.8570907,3.9812627,2.9920735,-4.968354,10.979279,5.977198697068375,0.9536159600997439,0.43322475570032587,0.08960931005818902,3.6904278139148543,0.6291917179297256,True,"Lung, basal vs Rest","Lung, basal",Rest,Sftpd
117,Sdr16c6,0.959,0.041000000000000036,3.152318774704249,3.961524e-05,1.3334527e-05,0.0,0.25,2.3597476,2.5030932,2.0336199,-7.387233,8.876111,0.5244299674267102,0.07946799667497934,0.19001085776330082,0.026101413133832248,0.3148642615166577,0.055834081040950535,True,"Lung, basal vs Rest","Lung, basal",Rest,Sdr16c6
118,Atg9b,0.959,0.041000000000000036,3.152318774704249,5.422834e-05,1.7537403e-05,0.0,0.25,2.5294595,2.5954518,2.0262024,-6.7292585,8.773959,0.3908794788273617,0.1116375727348302,0.21824104234527694,0.05054031587697404,0.38245880716580694,0.10235655245394788,True,"Lung, basal vs Rest","Lung, basal",Rest,Atg9b
119,Wfdc21,0.9588,0.041200000000000014,3.1472440139160347,0.0004489799,0.0001798703,0.0,0.25,2.6726575,2.972252,2.932327,-7.3796406,11.40856,6.96851248642777,4.006151288445555,0.29533116178067326,0.2083125519534441,3.8028896055239065,2.3529409356443374,True,"Lung, basal vs Rest","Lung, basal",Rest,Wfdc21
120,Dsg3,0.9586,0.04139999999999999,3.1421927747802774,4.9823837e-05,1.5322223e-05,0.0,0.25,2.2837613,2.3629408,1.7601848,-5.231762,7.741105,0.6036916395222586,0.13948462177888665,0.2779587404994572,0.06176226101413088,0.42715151886294916,0.10022229137930297,True,"Lung, basal vs Rest","Lung, basal",Rest,Dsg3
121,Rassf7,0.9586,0.04139999999999999,3.1421927747802774,7.019796e-05,2.7506492e-05,0.0,0.25,1.9018344,2.0995927,1.4412335,-3.9578218,5.7233706,1.0282301845819763,0.3491271820448797,0.5103148751357222,0.19019118869492566,0.6992729065807931,0.26361032134326984,True,"Lung, basal vs Rest","Lung, basal",Rest,Rassf7
122,Itpripl1,0.9586,0.04139999999999999,3.1421927747802774,3.726287e-05,1.2406545e-05,0.0,0.25,1.8730867,2.0133662,1.2430437,-3.0728493,5.739726,0.4885993485342021,0.12019950124688429,0.3224755700325734,0.08661679135494695,0.37616580410135453,0.09589928279205721,True,"Lung, basal vs Rest","Lung, basal",Rest,Itpripl1
123,Asprv1,0.9586,0.04139999999999999,3.1421927747802774,0.0003470791,0.00022005472,0.0,0.25,2.4673088,2.7312093,2.4815016,-9.10249,9.515266,4.191096634093373,3.0083956774729854,0.2595005428881651,0.1285951787198699,2.3827721408626186,2.2396359165189264,True,"Lung, basal vs Rest","Lung, basal",Rest,Asprv1
124,Kcnj16,0.9584,0.04159999999999997,3.1371648301434383,3.4456607e-05,7.827011e-06,0.0,0.25,3.0096645,3.1704988,2.7042093,-5.837166,11.470094,0.3767643865363736,0.02834580216126354,0.12160694896851253,0.012718204488778029,0.2384917641972909,0.021196813383254118,True,"Lung, basal vs Rest","Lung, basal",Rest,Kcnj16
125,Lipm,0.9584,0.04159999999999997,3.1371648301434383,8.155188e-05,2.794724e-05,0.0,0.25,2.3186417,2.4762974,1.9395995,-5.4273396,7.963229,0.9685124864277962,0.2610141313383192,0.3669923995656896,0.10349127182045087,0.6191517852262728,0.17719222694750178,True,"Lung, basal vs Rest","Lung, basal",Rest,Lipm
126,Prss27,0.9582,0.04179999999999995,3.132159956120126,0.00014058246,5.0748236e-05,0.0,0.25,2.5031831,2.6961908,2.5568743,-7.77695,10.545381,2.2519001085776336,0.5930174563590973,0.4364820846905539,0.0890274314214475,1.5610200862644419,0.4297749703624844,True,"Lung, basal vs Rest","Lung, basal",Rest,Prss27
127,Crabp2,0.9582,0.04179999999999995,3.132159956120126,0.0002713666,8.91983e-05,0.0,0.25,2.2117202,2.388534,1.8595369,-6.060729,7.960308,5.021715526601497,1.193433083956773,0.6026058631921826,0.17689110556940754,2.835368342906273,0.7723925820848543,True,"Lung, basal vs Rest","Lung, basal",Rest,Crabp2
128,Clic3,0.9582,0.04179999999999995,3.132159956120126,0.00023145208,0.00010178281,0.0,0.25,2.8485951,3.207604,2.7310157,-5.8987007,9.120954,3.713355048859936,1.5446384039900394,0.6492942453854508,0.19775561097256408,2.2255060932957873,0.9310085473235067,True,"Lung, basal vs Rest","Lung, basal",Rest,Clic3
129,Tmprss11b,0.9582,0.04179999999999995,3.132159956120126,2.37191e-05,6.2236018e-06,0.0,0.25,2.3539584,2.4797878,2.0402133,-5.6982574,8.735791,0.31487513572204134,0.06259351620947619,0.19001085776330082,0.040648379052369114,0.25795821512849415,0.05061744856888141,True,"Lung, basal vs Rest","Lung, basal",Rest,Tmprss11b
130,Adi1,0.958,0.04200000000000004,3.127177932030695,8.142059e-05,2.4970563e-05,0.0,0.25,1.852885,1.9579039,1.0618573,-2.7191591,5.002122,0.9826275787187843,0.2038237738985856,0.33984799131378945,0.13931837073981887,0.5954381495323898,0.18499068274479316,True,"Lung, basal vs Rest","Lung, basal",Rest,Adi1
131,Tmod3,0.958,0.04200000000000004,3.127177932030695,0.00017880098,6.078671e-05,0.0,0.25,1.7217299,1.8525171,0.9675457,-2.6273375,4.277995,2.552660152008687,0.7285120532002963,0.7958740499457114,0.37938487115542086,1.8711129652618597,0.6014542372932088,True,"Lung, basal vs Rest","Lung, basal",Rest,Tmod3
132,Mal2,0.9578,0.042200000000000015,3.122218540340339,9.3615075e-05,3.4447123e-05,0.0,0.25,2.6473963,2.7918744,2.1247377,-3.9567327,7.6056128,1.3257328990228017,0.41371571072318497,0.5624321389793704,0.15020781379883683,0.9864262453033792,0.2809886436593295,True,"Lung, basal vs Rest","Lung, basal",Rest,Mal2
133,Tmc5,0.9578,0.042200000000000015,3.122218540340339,5.6537436e-05,1.6144475e-05,0.0,0.25,2.7529137,2.885892,1.9693476,-4.1534204,7.9320116,0.6525515743756788,0.1266832917705745,0.3072747014115093,0.06442227763923489,0.46724569353224754,0.09510541256637069,True,"Lung, basal vs Rest","Lung, basal",Rest,Tmc5
134,Ccr3,0.9576,0.04239999999999999,3.1172815665995963,3.5500234e-05,1.1805948e-05,0.0,0.25,2.324215,2.5524364,1.805646,-4.825309,7.513604,0.3517915309446255,0.09118869492934356,0.14657980456026062,0.03624272651704087,0.22113915994323127,0.06184149942974894,True,"Lung, basal vs Rest","Lung, basal",Rest,Ccr3
135,Ceacam19,0.9576,0.04239999999999999,3.1172815665995963,1.7568691e-05,6.5625118e-06,0.0,0.25,2.2416918,2.4462733,1.780347,-4.756523,7.5553656,0.20195439739413687,0.058270989193682426,0.15309446254071665,0.04023275145469664,0.15486472123092349,0.04372259476317115,True,"Lung, basal vs Rest","Lung, basal",Rest,Ceacam19
136,Fetub,0.9576,0.04239999999999999,3.1172815665995963,0.00018478643,5.746563e-05,0.0,0.25,2.947256,3.1986709,2.4142225,-6.405855,9.246198,2.9218241042345285,0.6959268495427939,0.5602605863192184,0.17597672485452817,1.9825947689644765,0.5083910272083747,True,"Lung, basal vs Rest","Lung, basal",Rest,Fetub
137,Asb11,0.9574,0.04259999999999997,3.112366799386283,8.406669e-05,2.9970384e-05,0.0,0.25,2.860044,3.12038,2.172699,-4.8165903,8.16727,0.8447339847991316,0.29102244389027304,0.2605863192182411,0.0688279301745635,0.5381329512942759,0.1978398443209945,True,"Lung, basal vs Rest","Lung, basal",Rest,Asb11
138,Fam3d,0.9572,0.04279999999999995,3.1074740302487736,0.00066356943,0.00015380014,0.0,0.25,3.8763196,4.37649,2.5714734,-4.138648,8.890762,9.804560260586221,2.1742310889443437,0.922909880564604,0.3021612635078813,6.834700970938852,1.4904357518388809,True,"Lung, basal vs Rest","Lung, basal",Rest,Fam3d
139,Mal,0.957,0.04300000000000004,3.1026030536505993,9.854385e-05,6.753084e-05,0.0,0.25,2.608301,2.7898479,3.3663018,-9.393136,11.50656,1.398479913137894,1.1106400665004141,0.32030401737242137,0.10299251870324386,0.9706438453634572,0.768592515791732,True,"Lung, basal vs Rest","Lung, basal",Rest,Mal
140,Ifitm1,0.957,0.04300000000000004,3.1026030536505993,0.00033841448,8.821909e-05,0.0,0.25,2.3225403,2.4203854,2.1847901,-7.6168222,10.505996,4.8892508143322235,1.4546965918537167,0.2866449511400652,0.12809642560266296,3.7560643677263634,1.0862318977667742,True,"Lung, basal vs Rest","Lung, basal",Rest,Ifitm1
141,Slc6a14,0.9568,0.043200000000000016,3.0977536669163523,3.4900124e-05,1.509761e-05,0.0,0.25,2.9148114,3.0589762,2.6574275,-4.873287,9.503893,0.5016286644951141,0.1527015793848715,0.24212812160694905,0.05943474646716502,0.41146774885800197,0.1097789570449727,True,"Lung, basal vs Rest","Lung, basal",Rest,Slc6a14
142,Ltf,0.9566,0.043399999999999994,3.0929256701788073,0.00019336262,6.953161e-05,0.0,0.25,2.7370465,2.8430657,2.8476639,-8.04925,11.512579,3.719869706840392,1.0536159600997468,0.3072747014115093,0.0926018287614311,3.3692410194424154,0.9610983263259079,True,"Lung, basal vs Rest","Lung, basal",Rest,Ltf
143,Krt78,0.9566,0.043399999999999994,3.0929256701788073,6.553341e-05,3.4580076e-05,0.0,0.25,2.0404317,2.2297907,2.3593047,-6.8989,8.453597,0.7828447339847994,0.37913549459683854,0.24538545059717706,0.07747298420615172,0.6024324285192044,0.29075533017503713,True,"Lung, basal vs Rest","Lung, basal",Rest,Krt78
144,Grhl1,0.9564,0.04359999999999997,3.088118866327286,0.00010690141,3.934822e-05,0.0,0.25,1.9196076,2.0610714,1.4845741,-4.0992937,6.563719,1.5407166123778506,0.4675810473815339,0.6221498371335507,0.2273482959268419,1.1280986656813587,0.3647989088915953,True,"Lung, basal vs Rest","Lung, basal",Rest,Grhl1
145,Elf3,0.9564,0.04359999999999997,3.088118866327286,0.00024239419,9.316922e-05,0.0,0.25,2.1667578,2.4193401,1.7311064,-4.437392,6.7126045,3.5624321389793714,1.213715710723194,0.7882736156351794,0.30249376558601926,2.634890268366961,0.9040134126305354,True,"Lung, basal vs Rest","Lung, basal",Rest,Elf3
146,Akr1c18,0.9564,0.04359999999999997,3.088118866327286,4.6242647e-05,1.7533974e-05,0.0,0.25,2.7972536,3.1155272,2.7219892,-5.338601,10.103599,1.0901194353963086,0.2674979218620112,0.19978284473398486,0.03491271820448895,0.5830580668728587,0.16190794217139995,True,"Lung, basal vs Rest","Lung, basal",Rest,Akr1c18
147,Nccrp1,0.9562,0.04379999999999995,3.0833330609571905,9.89463e-05,5.028945e-05,0.0,0.25,2.3951204,2.6155725,2.8476255,-8.334265,10.141823,1.2464712269272533,0.4902743142144617,0.1856677524429968,0.05843724023275108,0.9021568892701328,0.38027019016722846,True,"Lung, basal vs Rest","Lung, basal",Rest,Nccrp1
148,Tff3,0.956,0.04400000000000004,3.078568062320689,0.0001601263,9.4035946e-05,0.0,0.25,1.8247602,2.0808206,3.1340117,-8.12658,11.451084,2.1758957654723132,1.8569409808811492,0.13246471226927256,0.10124688279301931,1.477299475046918,1.148080849445269,True,"Lung, basal vs Rest","Lung, basal",Rest,Tff3
149,Cbr2,0.9558,0.04420000000000002,3.0738236812785265,0.00067222957,0.00019191291,0.0,0.25,2.32489,2.4457774,1.8216099,-4.9372168,7.2696686,10.703583061889132,2.08212801330015,0.6764386536373509,0.3685785536159374,7.189264416091753,1.7892985938836747,True,"Lung, basal vs Rest","Lung, basal",Rest,Cbr2
150,Cyp4f15,0.9558,0.04420000000000002,3.0738236812785265,2.1619424e-05,6.0883604e-06,0.0,0.25,2.608166,2.7227058,1.9609786,-4.381363,7.8153296,0.24212812160694905,0.04571903574397339,0.1617806731813247,0.028013300083125716,0.17908312829005896,0.030446956480063358,True,"Lung, basal vs Rest","Lung, basal",Rest,Cyp4f15
151,Calm4,0.9554,0.04459999999999997,3.0643960281814424,0.0002070296,0.000104200706,0.0,0.25,2.5845273,2.79039,2.9851775,-9.660301,10.977278,1.7426710097719873,1.5835411471321799,0.1617806731813247,0.06267664172901034,0.9295429936735256,1.1276697797683275,True,"Lung, basal vs Rest","Lung, basal",Rest,Calm4
152,Iapp,0.9554,0.04459999999999997,3.0643960281814424,0.0009095092,0.00018520624,0.0,0.25,2.9449544,3.0721428,3.27079,-8.876752,13.10853,15.968512486427754,3.6049875311720605,0.23778501628664503,0.15278470490440596,8.417488763829102,2.2393469979924197,True,"Lung, basal vs Rest","Lung, basal",Rest,Iapp
153,Pdk4,0.9552,0.04479999999999995,3.0597123904721504,5.233004e-05,1.4318648e-05,0.0,0.25,2.4504263,2.4052415,1.8345321,-3.841959,8.104632,0.5200868621064062,0.09559434746467206,0.15092290988056464,0.05120532003325,0.39375800147172196,0.09133749497104622,True,"Lung, basal vs Rest","Lung, basal",Rest,Pdk4
154,Ppl,0.9552,0.04479999999999995,3.0597123904721504,0.00018876666,8.780532e-05,0.0,0.25,1.9121561,2.1167583,1.7995028,-5.6434107,7.8614206,2.4386536373507064,1.0837905236907606,0.692725298588491,0.2739817123856898,1.8977026752843371,0.8082971237149076,True,"Lung, basal vs Rest","Lung, basal",Rest,Ppl
155,Spink1,0.955,0.04500000000000004,3.0550486389594163,0.00045427112,0.000117521464,0.0,0.25,2.7031991,2.8539586,3.105315,-8.785421,13.403475,10.961997828447323,1.7697423108894612,0.12377850162866454,0.07065669160432254,6.366759828898783,1.2323068573549303,True,"Lung, basal vs Rest","Lung, basal",Rest,Spink1
156,Lpcat4,0.955,0.04500000000000004,3.0550486389594163,0.00010780437,3.557325e-05,0.0,0.25,2.551049,2.5823789,1.9990946,-4.211355,7.2730618,1.4940282301845824,0.43067331670821757,0.5863192182410425,0.20590191188694393,1.0941541356703404,0.2966082641275385,True,"Lung, basal vs Rest","Lung, basal",Rest,Lpcat4
157,Sh3rf2,0.9548,0.04520000000000002,3.0504045968609734,3.3377688e-05,1.0301483e-05,0.0,0.25,2.0205584,2.130806,1.4345217,-3.5671158,6.647629,0.3724212812160696,0.07988362427265214,0.24647122692725307,0.058104738154613096,0.2874085512929897,0.06478912710841414,True,"Lung, basal vs Rest","Lung, basal",Rest,Sh3rf2
158,Alcam,0.9546,0.045399999999999996,3.0457800897357927,0.00072628475,0.00022591706,0.0,0.25,1.9201697,2.0260572,1.2617502,-3.6778898,5.665988,10.989142236699127,2.49201995012476,0.9022801302931599,0.5950124688278833,7.539456995753001,2.0253487024121544,True,"Lung, basal vs Rest","Lung, basal",Rest,Alcam
159,Ephx1,0.9542,0.04579999999999995,3.036588994101264,0.00015732824,5.045918e-05,0.0,0.25,1.7952737,1.8254824,1.0658653,-2.1308613,5.829582,2.146579804560261,0.45328345802159814,0.7133550488599351,0.244222776392343,1.6365911352369504,0.4252326992950194,True,"Lung, basal vs Rest","Lung, basal",Rest,Ephx1
160,Rnf186,0.954,0.04600000000000004,3.03202206805009,5.957332e-05,1.799196e-05,0.0,0.25,2.4962249,2.6893044,1.7860621,-3.9045544,7.1348333,0.7426710097719872,0.18013300083125505,0.31378935939196534,0.08379052369077387,0.5358326466282289,0.11608654254925949,True,"Lung, basal vs Rest","Lung, basal",Rest,Rnf186
161,Vmo1,0.9538,0.04620000000000002,3.0274740018106154,0.000578902,0.00045043236,0.0,0.25,1.7241389,2.0029368,2.987048,-6.78819,8.843611,10.52117263843641,9.06990856192838,0.6199782844733986,0.4206982543640615,5.752542370335787,4.935977256035967,True,"Lung, basal vs Rest","Lung, basal",Rest,Vmo1
162,Dmkn,0.9538,0.04620000000000002,3.0274740018106154,0.0007589999,0.0003384079,0.0,0.25,2.442645,2.5870385,2.5664623,-6.7013535,9.462594,12.923995656894572,4.787697423108856,0.7274701411509231,0.2782211138819487,8.02003729279084,3.254847023678376,True,"Lung, basal vs Rest","Lung, basal",Rest,Dmkn
163,Itgam,0.9536,0.0464,3.0229446320482345,4.5503253e-05,1.6018386e-05,0.0,0.25,2.4976046,2.7033033,2.2289534,-6.035426,7.884473,0.6340933767643867,0.17173732335827116,0.2855591748099892,0.08237738985868734,0.45597299971250804,0.13131007963481262,True,"Lung, basal vs Rest","Lung, basal",Rest,Itgam
164,Olfm4,0.9536,0.0464,3.0229446320482345,0.0004986025,0.00011951409,0.0,0.25,3.1114194,3.1133919,2.4864295,-4.8248825,9.228433,3.041259500542889,1.5172069825436671,0.3724212812160696,0.3016625103906744,1.7787629238863445,0.9286279395850069,True,"Lung, basal vs Rest","Lung, basal",Rest,Olfm4
165,Cftr,0.9536,0.0464,3.0229446320482345,0.00012800646,3.4057484e-05,0.0,0.25,2.4420385,2.567576,1.7840261,-3.8416185,8.0689535,1.9500542888165044,0.3570241064006582,0.6384364820846907,0.16899418121363116,1.4872979469868015,0.2633794233456089,True,"Lung, basal vs Rest","Lung, basal",Rest,Cftr
166,H3c15,0.9534,0.046599999999999975,3.0184337975356508,2.056669e-05,6.002749e-06,0.0,0.25,1.9136705,1.9934936,1.2566206,-2.9783354,6.0751524,0.31487513572204134,0.05536159600997496,0.19761129207383285,0.03998337489609315,0.1765716508153428,0.037500673906627646,True,"Lung, basal vs Rest","Lung, basal",Rest,H3c15
167,Trex2,0.9534,0.046599999999999975,3.0184337975356508,3.1353386e-05,2.389254e-05,0.0,0.25,1.9743812,2.1846824,2.9282634,-7.7899065,9.944266,0.5276872964169382,0.22011637572734813,0.20086862106406086,0.05361596009975036,0.27682882145546933,0.1480629388001416,True,"Lung, basal vs Rest","Lung, basal",Rest,Trex2
168,Tspan1,0.9534,0.046599999999999975,3.0184337975356508,0.00031116945,0.00011459103,0.0,0.25,2.5301104,2.747971,2.5077784,-6.1031637,9.954415,4.858849077090099,1.4779717373233736,0.6221498371335507,0.2144638403989962,2.9609179183402965,0.9256129257491629,True,"Lung, basal vs Rest","Lung, basal",Rest,Tspan1
169,Garem1,0.9532,0.04679999999999995,3.0139413391167738,2.9346787e-05,1.0386453e-05,0.0,0.25,2.1917949,2.3316884,1.7357823,-3.4305525,7.255437,0.3756786102062976,0.09517871986699972,0.26818675352877314,0.06616791354945943,0.2871935996673429,0.07243199807851336,True,"Lung, basal vs Rest","Lung, basal",Rest,Garem1
170,Cwh43,0.9532,0.04679999999999995,3.0139413391167738,1.9313304e-05,8.4198155e-06,0.0,0.25,2.6595242,2.7992601,2.8766904,-7.6940594,12.338158,0.17806731813246476,0.07572734829592687,0.10423452768729645,0.03665835411471335,0.15280313562095357,0.055909769862236273,True,"Lung, basal vs Rest","Lung, basal",Rest,Cwh43
171,Lrrc26,0.953,0.04700000000000004,3.0094670996713875,0.000113373484,3.9702758e-05,0.0,0.25,2.850587,2.9322925,2.9977927,-6.146386,11.216301,1.640608034744843,0.319035743973398,0.3952225841476657,0.08794679966749898,1.071020647921051,0.21340090898528655,True,"Lung, basal vs Rest","Lung, basal",Rest,Lrrc26
172,Ece1,0.953,0.04700000000000004,3.0094670996713875,0.0001312649,4.1598847e-05,0.0,0.25,2.1888072,2.232552,1.5740297,-2.879633,7.3227015,1.8881650380021722,0.4282626766417185,0.6862106406080349,0.20872817955111653,1.4651912983498887,0.37508204539560647,True,"Lung, basal vs Rest","Lung, basal",Rest,Ece1
173,Hcar2,0.9528,0.04720000000000002,3.005010924080578,7.277758e-05,2.3997041e-05,0.0,0.25,2.042991,2.104343,1.414165,-3.9345016,6.8005896,1.1194353963083608,0.20116375727348243,0.4429967426710099,0.10365752285951987,0.8333476542487696,0.15888795274310208,True,"Lung, basal vs Rest","Lung, basal",Rest,Hcar2
174,Prkab1,0.9528,0.04720000000000002,3.005010924080578,6.3694686e-05,2.3365705e-05,0.0,0.25,1.6432133,1.7866745,1.0289464,-2.774109,4.4142294,0.9391965255157441,0.2507896924355745,0.5070575461454941,0.17664172901080408,0.6546927634785166,0.2094739737310976,True,"Lung, basal vs Rest","Lung, basal",Rest,Prkab1
175,Stx19,0.9528,0.04720000000000002,3.005010924080578,4.2625063e-05,1.6225451e-05,0.0,0.25,2.071365,2.3161044,1.7091593,-4.424877,6.208233,0.6069489685124866,0.1660847880299253,0.34093376764386546,0.09152119700748257,0.3993058398916095,0.11530126605733154,True,"Lung, basal vs Rest","Lung, basal",Rest,Stx19
176,Muc13,0.9528,0.04720000000000002,3.005010924080578,8.369145e-05,4.1318588e-05,0.0,0.25,2.298657,2.5106268,2.3106215,-6.351261,8.591091,0.7133550488599351,0.3791354945968389,0.229098805646037,0.08204488778054933,0.5587317020725623,0.29529118981316105,True,"Lung, basal vs Rest","Lung, basal",Rest,Muc13
177,Alox12,0.9528,0.04720000000000002,3.005010924080578,3.4093402e-05,1.1503053e-05,0.0,0.25,1.7759582,1.8498149,1.2214583,-2.9069262,5.671015,0.4234527687296418,0.09002493765586084,0.25190010857763306,0.06334164588528636,0.3350269946020675,0.08330657241896462,True,"Lung, basal vs Rest","Lung, basal",Rest,Alox12
178,Mmp7,0.9526,0.0474,3.0005726591928727,8.2083985e-05,3.6457877e-05,0.0,0.25,2.8621,3.0047612,2.8701766,-6.309168,10.3603325,0.95114006514658,0.45577722360764417,0.10206297502714444,0.07057356608478804,0.6386024695665934,0.3736964763362369,True,"Lung, basal vs Rest","Lung, basal",Rest,Mmp7
179,Mmp23,0.9526,0.0474,3.0005726591928727,0.00013075281,3.978748e-05,0.0,0.25,3.036097,3.1307268,2.4434717,-3.6474867,9.358403,1.641693811074919,0.49260182876142167,0.45276872964169396,0.1615960099750617,1.1285257699389335,0.3414395481039766,True,"Lung, basal vs Rest","Lung, basal",Rest,Mmp23
180,Slc46a3,0.9526,0.0474,3.0005726591928727,2.0963425e-05,6.957673e-06,0.0,0.25,2.2904809,2.4450173,1.6351612,-4.3201904,6.545493,0.2996742671009773,0.06492103075644219,0.22258414766558096,0.047132169576059736,0.21672885762702723,0.04513239782919454,True,"Lung, basal vs Rest","Lung, basal",Rest,Slc46a3
181,Rhbg,0.9524,0.047599999999999976,2.996152153791112,4.998369e-05,1.5869286e-05,0.0,0.25,2.1828427,2.3336024,1.597505,-3.7265987,6.889786,0.7926167209554834,0.1630091438071491,0.3963083604777417,0.09135494596841356,0.5256230836393674,0.10844150080452637,True,"Lung, basal vs Rest","Lung, basal",Rest,Rhbg
182,Galnt6,0.9524,0.047599999999999976,2.996152153791112,4.7078e-05,1.3418335e-05,0.0,0.25,2.0330184,2.1324987,1.4300876,-3.4941607,6.593611,0.694896851248643,0.08046550290939349,0.3235613463626494,0.05170407315045697,0.5222405994856567,0.056097427236221506,True,"Lung, basal vs Rest","Lung, basal",Rest,Galnt6
183,9130008F23Rik,0.9522,0.047799999999999954,2.9917492585600054,4.553654e-05,1.6559026e-05,0.0,0.25,2.056687,2.2633696,1.6272068,-3.6750088,7.021079,0.5135722041259502,0.1431421446384048,0.33659066232356144,0.08304239401496336,0.38988791562582376,0.1141890554383611,True,"Lung, basal vs Rest","Lung, basal",Rest,9130008F23Rik
184,Clic6,0.9522,0.047799999999999954,2.9917492585600054,4.1218675e-05,1.1143367e-05,0.0,0.25,2.991824,3.1562004,2.0530212,-2.9138908,8.140122,0.27252985884907716,0.053782211138819626,0.1400651465798046,0.02967581047381569,0.18423532181248728,0.04252279893302082,True,"Lung, basal vs Rest","Lung, basal",Rest,Clic6
185,Clu,0.952,0.04800000000000004,2.987363826054364,0.0019883227,0.00061326503,0.0,0.25,1.9511352,1.9954009,1.3222511,-3.1720705,6.4426813,38.707926167209415,8.026517040731358,0.9402823018458201,0.7640066500414978,26.09143090959061,6.639156769086687,True,"Lung, basal vs Rest","Lung, basal",Rest,Clu
186,Dkkl1,0.9518,0.04820000000000002,2.982995710668006,2.1855845e-05,2.1551989e-05,0.0,0.25,1.042301,1.3224297,2.4523907,-6.2541437,6.9848185,0.27035830618892515,0.3201995012468794,0.12595005428881653,0.1256857855361628,0.17829082369165622,0.18191934843582513,True,"Lung, basal vs Rest","Lung, basal",Rest,Dkkl1
187,Ctsd,0.9518,0.04820000000000002,2.982995710668006,0.0008294936,0.00031916276,0.0,0.25,1.7255074,1.8392277,1.2082825,-3.0252361,6.483882,11.67969598262746,3.908645054031697,0.9706840390879482,0.7301745635909611,8.034947334699295,3.1714789322924077,True,"Lung, basal vs Rest","Lung, basal",Rest,Ctsd
188,Kctd14,0.9518,0.04820000000000002,2.982995710668006,0.00031329633,9.4688454e-05,0.0,0.25,2.3682234,2.576334,1.7886924,-3.7378979,6.716362,4.942453854505941,1.3873649210307757,0.7535287730727472,0.29492934330838083,3.622481615255213,0.9001894212890944,True,"Lung, basal vs Rest","Lung, basal",Rest,Kctd14
189,Atp1a1,0.9516,0.0484,2.978644768603285,0.00092520425,0.00026534617,0.0,0.25,2.0347226,1.9919295,1.4191438,-3.4725695,6.9799223,13.458197611291945,2.635577722360878,0.931596091205212,0.6911886949292861,9.403077722852506,2.5081904582467605,True,"Lung, basal vs Rest","Lung, basal",Rest,Atp1a1
190,Aldh1a7,0.9516,0.0484,2.978644768603285,3.0354813e-05,7.975493e-06,0.0,0.25,3.233909,3.508564,2.6261349,-5.418536,9.141195,0.3963083604777417,0.0797173732335828,0.12703583061889254,0.028096425602660215,0.25604977733660134,0.0488401727048165,True,"Lung, basal vs Rest","Lung, basal",Rest,Aldh1a7
191,Gltp,0.9516,0.0484,2.978644768603285,0.00026673247,9.7290016e-05,0.0,0.25,2.1257718,2.3088613,1.7985244,-5.507022,6.862133,4.216069489685119,1.4063175394846403,0.8251900108577636,0.39709060681626684,2.673706991099092,0.9181172059313214,True,"Lung, basal vs Rest","Lung, basal",Rest,Gltp
192,Nbeal2,0.9516,0.0484,2.978644768603285,3.875852e-05,1.2224079e-05,0.0,0.25,2.206677,2.3149877,1.5732237,-2.6184778,6.761632,0.5038002171552661,0.13059019118869597,0.3333333333333334,0.0968412302576907,0.40372492133303034,0.10232548948462468,True,"Lung, basal vs Rest","Lung, basal",Rest,Nbeal2
193,Gsta1,0.9514,0.04859999999999998,2.974310857841264,4.5700435e-05,1.9765312e-05,0.0,0.25,2.7551165,3.1018858,2.8798532,-8.242082,10.679401,0.7535287730727472,0.14671654197838763,0.2660152008686211,0.03832086450540325,0.42122671611414403,0.08307322715595664,True,"Lung, basal vs Rest","Lung, basal",Rest,Gsta1
194,Depp1,0.9514,0.04859999999999998,2.974310857841264,9.454041e-05,3.175607e-05,0.0,0.25,1.8583981,1.9592786,1.423488,-3.8080463,6.5760975,1.170466883821933,0.1743142144638406,0.2562432138979371,0.05045719035743954,0.853129700591706,0.1393562889294732,True,"Lung, basal vs Rest","Lung, basal",Rest,Depp1
195,Col4a1,0.9514,0.04859999999999998,2.974310857841264,3.9042287e-05,0.00016391203,0.0,0.25,-2.1434855,-2.2904253,1.8874458,-7.145097,4.9089994,0.31813246471226936,1.3848711554447488,0.17698154180238876,0.5487946799667078,0.20795373124737626,1.562747503394126,True,"Lung, basal vs Rest","Lung, basal",Rest,Col4a1
196,Psca,0.9514,0.04859999999999998,2.974310857841264,0.0007466273,0.00036893063,0.0,0.25,2.72806,2.9937134,3.0426507,-6.6492643,11.165885,17.267100977198577,10.355777223607442,0.6525515743756788,0.31022443890272666,10.292430582835346,6.376056631408073,True,"Lung, basal vs Rest","Lung, basal",Rest,Psca
197,Akip1,0.9514,0.04859999999999998,2.974310857841264,5.5406683e-05,2.0254309e-05,0.0,0.25,1.622077,1.7374716,0.92825454,-2.9464998,4.5934315,0.7296416938110751,0.2175394846217771,0.4419109663409339,0.1638403990024929,0.4927278532466813,0.1736057290361204,True,"Lung, basal vs Rest","Lung, basal",Rest,Akip1
198,Pcdh1,0.9512,0.048799999999999955,2.969993838112496,5.8830654e-05,2.4870998e-05,0.0,0.25,2.3096988,2.4674587,2.0339544,-4.992491,8.294791,0.700325732899023,0.226517040731504,0.42779587404994585,0.11928512053200627,0.5351668893278632,0.1846611185498141,True,"Lung, basal vs Rest","Lung, basal",Rest,Pcdh1
199,Wfdc17,0.9512,0.048799999999999955,2.969993838112496,0.00036069655,0.00016230419,0.0,0.25,2.1774695,2.3529701,2.5991795,-8.449589,10.7942705,9.14332247556997,3.066832917705752,0.4158523344191098,0.22128013300082425,4.933893548651027,1.8353101009480357,True,"Lung, basal vs Rest","Lung, basal",Rest,Wfdc17
200,Cxcl11,0.9512,0.048799999999999955,2.969993838112496,8.632666e-05,0.00037964433,0.0,0.25,-1.9323409,-2.1389322,1.8243918,-7.5063105,6.024638,0.5743756786102064,4.59559434746468,0.1878393051031488,0.5145469659184987,0.39666144838427164,3.603335037084468,True,"Lung, basal vs Rest","Lung, basal",Rest,Cxcl11
201,Homer2,0.9512,0.048799999999999955,2.969993838112496,0.000115112925,3.4976394e-05,0.0,0.25,2.619836,2.5989351,2.0702348,-4.2129173,7.5443306,1.6948968512486433,0.3642560266001608,0.5483170466883823,0.15444721529509572,1.1259460045537188,0.2526181878707042,True,"Lung, basal vs Rest","Lung, basal",Rest,Homer2
202,Pllp,0.9512,0.048799999999999955,2.969993838112496,3.807216e-05,1.7038536e-05,0.0,0.25,2.6927621,2.9150028,2.970031,-7.6338825,9.276799,0.5287730727470142,0.14497090606816337,0.2616720955483171,0.054696591853698795,0.36114698344144996,0.10499483115103368,True,"Lung, basal vs Rest","Lung, basal",Rest,Pllp
203,Mst1,0.9512,0.048799999999999955,2.969993838112496,1.8601377e-05,6.6411308e-06,0.0,0.25,1.6852933,1.776928,1.0494152,-2.8241205,5.6232967,0.19109663409337682,0.03158769742310907,0.14440825190010861,0.025852036575228752,0.13154964855472767,0.0241398247533809,True,"Lung, basal vs Rest","Lung, basal",Rest,Mst1
204,Faah,0.951,0.049000000000000044,2.9656935708683982,0.00011614869,3.7826194e-05,0.0,0.25,2.704856,2.8710794,2.1454666,-3.7074938,8.097332,1.6905537459283393,0.44995843724022394,0.5939196525515745,0.16965918536990707,1.1988303892162193,0.30771537625173273,True,"Lung, basal vs Rest","Lung, basal",Rest,Faah
205,Tmem43,0.951,0.049000000000000044,2.9656935708683982,8.15032e-05,2.8816647e-05,0.0,0.25,1.7727369,1.8209958,1.2069815,-2.700553,5.2194347,1.0781758957654726,0.2990856192851141,0.5689467969598264,0.18869492934330487,0.8522030308708523,0.2572644054241867,True,"Lung, basal vs Rest","Lung, basal",Rest,Tmem43
206,Spink8,0.951,0.049000000000000044,2.9656935708683982,4.7931757e-05,1.5021617e-05,0.0,0.25,2.6141336,2.602528,2.543191,-6.787079,10.710886,0.92942453854506,0.18187863674147964,0.10314875135722044,0.030922693266833168,0.5982688215936867,0.10616032446624647,True,"Lung, basal vs Rest","Lung, basal",Rest,Spink8
207,Sptssb,0.9508,0.04920000000000002,2.961409919253223,5.250466e-05,1.5654537e-05,0.0,0.25,2.340028,2.4442906,1.8735361,-5.0340033,10.294271,0.6243213897937027,0.07963424771404841,0.17046688382193273,0.027930174563591217,0.35932245148695946,0.05612435161714421,True,"Lung, basal vs Rest","Lung, basal",Rest,Sptssb
208,Mab21l4,0.9508,0.04920000000000002,2.961409919253223,2.0936674e-05,1.366232e-05,0.0,0.25,2.1762884,2.4560761,2.6650639,-6.0572147,9.136325,0.38110749185667764,0.12826267664172988,0.24429967426710106,0.06026600166250997,0.24377474790156564,0.08259129876125532,True,"Lung, basal vs Rest","Lung, basal",Rest,Mab21l4
209,Il12rb2,0.9506,0.0494,2.9571427480765746,1.35270775e-05,9.600765e-06,0.0,0.25,1.4552991,1.6837521,2.776166,-6.7545977,9.188678,0.21606948968512493,0.1073981712385708,0.11074918566775248,0.05353283458021586,0.16287650926445524,0.0695063957737346,True,"Lung, basal vs Rest","Lung, basal",Rest,Il12rb2
210,Etv1,0.9506,0.0494,2.9571427480765746,3.6322148e-05,1.4738061e-05,0.0,0.25,2.1644409,2.2620153,1.9039071,-6.465396,7.408617,0.461454940282302,0.14688279301745702,0.24864277958740508,0.0731504571903576,0.3632589522994519,0.11161575300174044,True,"Lung, basal vs Rest","Lung, basal",Rest,Etv1
211,Slc10a5,0.9506,0.0494,2.9571427480765746,1.5617832e-05,5.0033404e-06,0.0,0.25,2.1810365,2.3471584,1.9026842,-5.459446,7.274973,0.19652551574375685,0.030839567747298575,0.15526601520086866,0.02410640066500428,0.16888428045100212,0.023391240155126076,True,"Lung, basal vs Rest","Lung, basal",Rest,Slc10a5
212,Wfdc15b,0.9504,0.04959999999999998,2.9528919237865017,5.9938215e-05,3.2512628e-05,0.0,0.25,2.2167397,2.493235,2.9043317,-8.09335,9.872741,1.0705754614549405,0.47240232751454264,0.22366992399565697,0.09235245220282759,0.7127001468305171,0.29658873654918066,True,"Lung, basal vs Rest","Lung, basal",Rest,Wfdc15b
213,Il36rn,0.9502,0.049799999999999955,2.948657314443122,5.2528638e-05,3.857317e-05,0.0,0.25,2.0590916,2.2724638,2.8020914,-8.218855,11.130831,0.5863192182410425,0.28312551953449644,0.18241042345276878,0.04546965918536983,0.3972784990286492,0.20914823303550567,True,"Lung, basal vs Rest","Lung, basal",Rest,Il36rn
214,Vnn3,0.95,0.050000000000000044,2.9444387896927755,4.858799e-05,1.6724183e-05,0.0,0.25,2.3767297,2.4589162,2.1382825,-4.835456,9.851319,0.3517915309446255,0.09742310889443093,0.12812160694896854,0.03682460515378234,0.25365464116526343,0.07112465566290183,True,"Lung, basal vs Rest","Lung, basal",Rest,Vnn3
215,Cldn23,0.9496,0.0504,2.936049480336206,8.837394e-05,4.0003873e-05,0.0,0.25,2.112909,2.4297462,1.9862907,-4.749256,7.4764175,1.2280130293159612,0.47930174563589983,0.5070575461454941,0.18104738154613195,0.9137167285403908,0.3279194880932728,True,"Lung, basal vs Rest","Lung, basal",Rest,Cldn23
216,Spdef,0.9496,0.0504,2.936049480336206,3.1106552e-05,1.1286938e-05,0.0,0.25,2.2124777,2.2838793,3.069639,-6.8111067,11.366694,0.5059717698154181,0.043142144638404004,0.10749185667752446,0.015876974231088917,0.31039519810298305,0.03309804800455763,True,"Lung, basal vs Rest","Lung, basal",Rest,Spdef
217,Fxyd4,0.9496,0.0504,2.936049480336206,3.5464403e-05,1.7146935e-05,0.0,0.25,1.6254673,1.7763987,2.0106497,-6.792547,7.170576,0.5504885993485343,0.22078137988362362,0.13789359391965259,0.060515378221113456,0.3909770601503072,0.15422370848076658,True,"Lung, basal vs Rest","Lung, basal",Rest,Fxyd4
218,Adh1,0.9496,0.0504,2.936049480336206,3.2833923e-05,1.32196155e-05,0.0,0.25,2.238082,2.2898927,1.9358604,-7.0039434,9.654696,0.4419109663409339,0.08088113050706591,0.22366992399565697,0.03424771404821299,0.30897885004047204,0.07003193879791533,True,"Lung, basal vs Rest","Lung, basal",Rest,Adh1
219,Rnase1,0.9496,0.0504,2.936049480336206,0.00015499724,8.485988e-05,0.0,0.25,2.4284742,2.77631,2.6500542,-5.614525,9.809674,2.320304017372422,1.2188694929343338,0.3517915309446255,0.1532003325020784,1.5613146987830946,0.887458774854204,True,"Lung, basal vs Rest","Lung, basal",Rest,Rnase1
220,Tgm1,0.9494,0.05059999999999998,2.931878442728327,4.1793748e-05,1.8206414e-05,0.0,0.25,1.814317,1.9954824,1.7005556,-4.920536,6.6924515,0.5635179153094464,0.16408977556109774,0.2833876221498372,0.08113050706566981,0.40221463415616227,0.12438862014224814,True,"Lung, basal vs Rest","Lung, basal",Rest,Tgm1
221,Slc15a1,0.9494,0.05059999999999998,2.931878442728327,2.1238107e-05,8.264352e-06,0.0,0.25,1.8221102,2.0092392,1.5766253,-4.537792,6.445451,0.2833876221498372,0.07398171238570259,0.1878393051031488,0.051953449709060455,0.20519624244725623,0.06282936321787495,True,"Lung, basal vs Rest","Lung, basal",Rest,Slc15a1
222,Efna3,0.949,0.051000000000000045,2.9235829803445967,4.8207694e-05,2.3333732e-05,0.0,0.25,1.7376535,1.9626689,1.922446,-5.670088,7.55525,0.4375678610206299,0.14513715710723224,0.20304017372421287,0.04912718204488762,0.32446602715820205,0.10413645738630536,True,"Lung, basal vs Rest","Lung, basal",Rest,Efna3
223,Cyp27a1,0.9488,0.05120000000000002,2.9194583114251467,3.572383e-05,1.1312827e-05,0.0,0.25,2.241717,2.2909536,1.7153484,-3.715742,7.6896286,0.4896851248642781,0.10299251870324273,0.29533116178067326,0.06807980049875298,0.35827047570378157,0.07392851013372238,True,"Lung, basal vs Rest","Lung, basal",Rest,Cyp27a1
224,Slpi,0.9486,0.0514,2.9153488569717028,9.264746e-05,8.538921e-05,0.0,0.25,1.5199488,1.7475872,2.8197777,-7.5948277,9.936974,2.9348534201954406,2.1906899418121606,0.29641693811074926,0.1126350789692461,1.6550900912895536,1.2400326542546596,True,"Lung, basal vs Rest","Lung, basal",Rest,Slpi
225,Syt8,0.9486,0.0514,2.9153488569717028,4.3611868e-05,1.540225e-05,0.0,0.25,2.8739808,2.8118286,2.3570876,-4.4236307,8.166391,0.6449511400651468,0.18603491271820435,0.33441910966340943,0.09617622610141469,0.42144632415518396,0.12555289866142952,True,"Lung, basal vs Rest","Lung, basal",Rest,Syt8
226,Tgfa,0.9486,0.0514,2.9153488569717028,4.048682e-05,2.2943565e-05,0.0,0.25,2.2250166,2.4320889,2.2218797,-7.1117554,8.14034,0.5570032573289904,0.2225270157938475,0.34093376764386546,0.10415627597672689,0.4482734595991242,0.17552819025879474,True,"Lung, basal vs Rest","Lung, basal",Rest,Tgfa
227,Abca13,0.9484,0.05159999999999998,2.911254498449377,8.4105086e-05,2.4353334e-05,0.0,0.25,2.558251,2.5047574,2.2513778,-5.602725,9.399278,0.917480998914224,0.20947630922693256,0.31704668838219335,0.07855361596010024,0.8072319468480974,0.16217669504880722,True,"Lung, basal vs Rest","Lung, basal",Rest,Abca13
228,Sprr1a,0.9482,0.05179999999999996,2.907175118698705,0.0015974385,0.00054670917,0.0,0.25,2.1315804,2.2018352,1.984652,-6.6273513,9.405991,37.62214983713341,9.967996674978997,0.700325732899023,0.4227763923524237,21.310323798268563,7.167708197171004,True,"Lung, basal vs Rest","Lung, basal",Rest,Sprr1a
229,Cp,0.9482,0.05179999999999996,2.907175118698705,6.8129804e-05,2.1799433e-05,0.0,0.25,2.1207185,2.1321836,1.9375035,-6.254221,10.486198,0.5103148751357222,0.18778054862842894,0.1411509229098806,0.05569409808811274,0.44021407440353993,0.14417545475413895,True,"Lung, basal vs Rest","Lung, basal",Rest,Cp
230,Acta2,0.9482,0.05179999999999996,2.907175118698705,4.0548875e-05,0.00036423584,0.0,0.25,-2.2965968,-2.4661384,2.7042494,-9.307119,6.4420767,0.3995656894679697,3.2121363258520548,0.13572204125950058,0.3493765586034706,0.23673448902029515,4.011905503746531,True,"Lung, basal vs Rest","Lung, basal",Rest,Acta2
231,Fam3b,0.9482,0.05179999999999996,2.907175118698705,2.3435472e-05,1.3470218e-05,0.0,0.25,2.9422762,2.9800344,3.4820154,-5.893649,11.139424,0.2551574375678611,0.09393183707398214,0.13572204125950058,0.04505403158769736,0.16682806339920417,0.07042773163614509,True,"Lung, basal vs Rest","Lung, basal",Rest,Fam3b
232,Abhd14b,0.9482,0.05179999999999996,2.907175118698705,0.00010111913,3.272185e-05,0.0,0.25,1.7993286,1.8828707,1.1753185,-2.9844875,5.8787746,1.5960912052117269,0.4114713216957474,0.6232356134636267,0.24048212801329102,1.0409967224066534,0.31802680732640715,True,"Lung, basal vs Rest","Lung, basal",Rest,Abhd14b
233,Tagln,0.948,0.052000000000000046,2.903110601914443,9.491707e-05,0.00083527586,0.0,0.25,-2.0847666,-2.130978,3.2015734,-9.500206,8.317783,0.8621064060803477,6.622360764754704,0.1867535287730728,0.49027431421442813,0.5156204174941056,8.354362414756324,True,"Lung, basal vs Rest","Lung, basal",Rest,Tagln
234,Stom,0.948,0.052000000000000046,2.903110601914443,2.1870186e-05,8.486515e-06,0.0,0.25,2.5120034,2.598033,2.0824971,-4.5283566,8.815955,0.23995656894679704,0.07988362427265203,0.17480998914223675,0.05095594347464651,0.16999272883105027,0.06437233227598387,True,"Lung, basal vs Rest","Lung, basal",Rest,Stom
235,Ppfibp2,0.948,0.052000000000000046,2.903110601914443,5.682158e-05,2.2922319e-05,0.0,0.25,2.4040236,2.548204,2.1664546,-4.8491096,7.6415844,0.8892508143322478,0.2746467165419767,0.4201954397394138,0.11712385702410921,0.6334670017113102,0.18419401691837017,True,"Lung, basal vs Rest","Lung, basal",Rest,Ppfibp2
236,Ifit3,0.948,0.052000000000000046,2.903110601914443,6.531066e-05,0.00024150126,0.0,0.25,-1.1548399,-1.3853426,2.6415985,-9.038003,7.17196,0.47231270358306204,1.7713216957606253,0.14983713355048864,0.378221113881938,0.3648976139546425,2.2931832565338026,True,"Lung, basal vs Rest","Lung, basal",Rest,Ifit3
237,Mfsd5,0.9478,0.052200000000000024,2.8990608336247803,5.1855866e-05,2.1025453e-05,0.0,0.25,1.4599726,1.5693812,0.9481911,-3.1529284,4.659277,0.7654723127035833,0.25419783873648855,0.45168295331161795,0.18187863674147683,0.5700570572770608,0.2072271354603085,True,"Lung, basal vs Rest","Lung, basal",Rest,Mfsd5
238,Ces2f,0.9478,0.052200000000000024,2.8990608336247803,3.57446e-05,1.1246332e-05,0.0,0.25,2.056382,2.2050204,1.552633,-3.406433,6.8390694,0.467969598262758,0.10739817123857134,0.2801302931596092,0.07448046550290964,0.3794921482937111,0.09194721674803695,True,"Lung, basal vs Rest","Lung, basal",Rest,Ces2f
239,Heyl,0.9478,0.052200000000000024,2.8990608336247803,3.8503647e-05,1.2241728e-05,0.0,0.25,1.7871599,1.7708435,1.2833327,-3.5687885,7.5965033,0.5515743756786103,0.09210307564422324,0.2779587404994572,0.057439733998337135,0.3621758921154625,0.07912873220026762,True,"Lung, basal vs Rest","Lung, basal",Rest,Heyl
240,S100g,0.9474,0.05259999999999998,2.8910050911871408,0.0009540624,0.0003116153,0.0,0.25,3.0803263,3.2132354,2.8005767,-5.8569345,9.134474,8.698154180238857,4.02244389027431,0.17915309446254077,0.25444721529508507,4.419113455186505,2.486658946043084,True,"Lung, basal vs Rest","Lung, basal",Rest,S100g
241,Gcnt2,0.9474,0.05259999999999998,2.8910050911871408,8.9652756e-05,3.0890787e-05,0.0,0.25,1.8735673,1.9356589,1.3161733,-2.8665438,5.942895,1.2041259500542891,0.2579384871155429,0.5537459283387623,0.1510390689941817,0.8929262741441268,0.2413826298721065,True,"Lung, basal vs Rest","Lung, basal",Rest,Gcnt2
242,Myh4,0.9472,0.05279999999999996,2.886998894581037,5.4293312e-05,2.2728123e-05,0.0,0.25,2.3902016,2.50802,2.266973,-4.6817284,8.401045,0.5472312703583063,0.16674979218620117,0.11183496199782848,0.05020781379883606,0.3186794043602219,0.11301772401552067,True,"Lung, basal vs Rest","Lung, basal",Rest,Myh4
243,Slc45a3,0.9472,0.05279999999999996,2.886998894581037,1.615456e-05,1.4196384e-05,0.0,0.25,1.0687602,1.414114,2.188655,-5.271618,7.0727224,0.23887079261672103,0.11155444721529575,0.14983713355048864,0.05361596009975036,0.1583822639655975,0.07646165114117856,True,"Lung, basal vs Rest","Lung, basal",Rest,Slc45a3
244,Plet1,0.9472,0.05279999999999996,2.886998894581037,0.00022519875,0.00011430329,0.0,0.25,1.7734518,1.8696079,1.9058152,-6.046377,9.564476,3.1031487513572213,1.4371571072319427,0.6818675352877309,0.24954280964255024,2.383688099262608,1.168935643607536,True,"Lung, basal vs Rest","Lung, basal",Rest,Plet1
245,Ccl21a,0.947,0.05300000000000005,2.88300700151439,0.0005424965,0.0045706243,0.0,0.25,-2.1903844,-2.1990356,3.1930373,-9.589315,7.819847,10.691639522258285,50.715461346635614,0.693811074918567,0.8132169576059148,8.040286855665151,70.7078777440899,True,"Lung, basal vs Rest","Lung, basal",Rest,Ccl21a
246,Ccl9,0.947,0.05300000000000005,2.88300700151439,0.00012748144,0.00011258755,0.0,0.25,1.5589097,1.7728858,2.592486,-6.6437616,8.436132,1.2909880564603695,1.385536159601007,0.21932681867535295,0.17448046550290738,0.8412282447758181,0.8759215467939108,True,"Lung, basal vs Rest","Lung, basal",Rest,Ccl9
247,Ptn,0.9466,0.0534,2.8750656948042224,1.995805e-05,9.6930366e-05,0.0,0.25,-2.0926933,-2.256126,1.767642,-7.660864,5.7299337,0.21606948968512493,0.6453865336658101,0.10966340933767647,0.28636741479632855,0.157564449867244,0.7873973372309909,True,"Lung, basal vs Rest","Lung, basal",Rest,Ptn
248,Ifitm6,0.9466,0.0534,2.8750656948042224,1.5000353e-05,6.484744e-06,0.0,0.25,2.7821865,2.9673233,2.619771,-5.461156,11.100103,0.19761129207383285,0.05511221945137155,0.1150922909880565,0.022693266832917804,0.14536904039962106,0.03279808148979136,True,"Lung, basal vs Rest","Lung, basal",Rest,Ifitm6
249,Lyz2,0.9466,0.0534,2.8750656948042224,0.0004009083,0.00035061446,0.0,0.25,1.4088142,1.6512442,2.5883257,-5.748062,8.045383,6.7339847991313375,6.373067331670751,0.34093376764386546,0.31596009975060635,3.4841305475649076,3.8584870027834794,True,"Lung, basal vs Rest","Lung, basal",Rest,Lyz2
250,Prap1,0.9466,0.0534,2.8750656948042224,0.00010481348,8.376861e-05,0.0,0.25,1.8623066,1.889389,2.8493295,-7.5043583,12.182557,0.9435396308360481,0.8075644222776353,0.12377850162866454,0.057273482959268145,0.6951619342899078,0.5497595445107604,True,"Lung, basal vs Rest","Lung, basal",Rest,Prap1
251,Ceacam1,0.9464,0.05359999999999998,2.871116068586631,2.3797647e-05,1.9527144e-05,0.0,0.25,1.2805673,1.482728,2.7966928,-6.879037,9.28402,0.29641693811074926,0.13391521197007514,0.13137893593919656,0.054862842892767785,0.21289858267110792,0.09550857014647178,True,"Lung, basal vs Rest","Lung, basal",Rest,Ceacam1
252,Rab3d,0.9464,0.05359999999999998,2.871116068586631,7.699171e-05,2.7096743e-05,0.0,0.25,1.8344008,1.9856639,1.1137518,-2.2685957,5.211014,1.0542888165038005,0.30590191188694277,0.5526601520086863,0.1940149625935121,0.7868624565738394,0.2548155940439295,True,"Lung, basal vs Rest","Lung, basal",Rest,Rab3d
253,Mlph,0.9462,0.05379999999999996,2.867180320724311,7.5534175e-05,2.1211326e-05,0.0,0.25,2.2307084,2.3156056,1.8639989,-4.342972,8.470739,1.193268186753529,0.1965087281795502,0.3919652551574377,0.11064006650041805,0.8434865898488585,0.1557453696183132,True,"Lung, basal vs Rest","Lung, basal",Rest,Mlph
254,Pglyrp1,0.9462,0.05379999999999996,2.867180320724311,0.00054687064,0.0003612986,0.0,0.25,1.7181172,1.8824725,2.7158334,-7.7785125,9.213111,8.300760043430982,6.80806317539476,0.5874049945711185,0.4120532003324747,4.663788524471863,4.228861200180809,True,"Lung, basal vs Rest","Lung, basal",Rest,Pglyrp1
255,Perp,0.9462,0.05379999999999996,2.867180320724311,0.0014283899,0.00040107986,0.0,0.25,2.024994,2.0184202,1.5746015,-4.484541,7.0828686,23.06080347448409,4.879717373233576,0.9478827361563521,0.7704073150456534,14.17084549028565,4.02855105666399,True,"Lung, basal vs Rest","Lung, basal",Rest,Perp
256,Rapgefl1,0.946,0.05400000000000005,2.8632583478732596,2.5079005e-05,7.745589e-06,0.0,0.25,1.8087981,1.8467274,1.3470844,-3.9009771,6.8386087,0.3322475570032574,0.04921030756442224,0.22584147665580898,0.04106400665004159,0.23621506963457803,0.0452136304511885,True,"Lung, basal vs Rest","Lung, basal",Rest,Rapgefl1
257,Tmem45a,0.946,0.05400000000000005,2.8632583478732596,0.00015792227,5.3219883e-05,0.0,0.25,2.313409,2.3459277,2.2039583,-6.4505424,11.30549,1.0857763300760046,0.28977556109725594,0.17372421281216074,0.03981712385702416,0.6824561597822733,0.19881679913322295,True,"Lung, basal vs Rest","Lung, basal",Rest,Tmem45a
258,Wfdc12,0.9458,0.054200000000000026,2.859350047835406,0.00014270331,6.728409e-05,0.0,0.25,2.380232,2.5640526,2.763774,-6.7149143,13.404622,5.049945711183484,1.5384871155444892,0.15960912052117268,0.10365752285951987,2.428109628111342,0.9309160146184531,True,"Lung, basal vs Rest","Lung, basal",Rest,Wfdc12
259,Mgp,0.9458,0.054200000000000026,2.859350047835406,5.3016734e-05,0.0005001073,0.0,0.25,-2.2646904,-2.3039737,2.720178,-9.450473,6.4231863,0.3713355048859936,3.1697423108894633,0.10532030401737245,0.4108063175394574,0.25184214868012966,5.022717284962324,True,"Lung, basal vs Rest","Lung, basal",Rest,Mgp
260,Bicdl2,0.9456,0.054400000000000004,2.8554553195417203,4.8039215e-05,1.6812031e-05,0.0,0.25,2.1587934,2.301004,1.5433449,-2.8221483,5.6445007,0.7252985884907711,0.18370739817123852,0.4386536373507059,0.12119700748129981,0.4792662233454346,0.11779861847035138,True,"Lung, basal vs Rest","Lung, basal",Rest,Bicdl2
261,Ecm1,0.9454,0.05459999999999998,2.8515740630356436,0.000105398394,4.525732e-05,0.0,0.25,2.1893528,2.2910686,2.5800896,-7.916786,9.867253,1.5624321389793707,0.6646716541978314,0.3311617806731814,0.10789692435577948,1.2219288150628569,0.553823897574727,True,"Lung, basal vs Rest","Lung, basal",Rest,Ecm1
262,Defb6,0.9454,0.05459999999999998,2.8515740630356436,0.00022378903,0.000107487605,0.0,0.25,1.9498558,2.161829,2.5537455,-7.962044,10.402104,3.3626492942453865,1.1923524522028282,0.12812160694896854,0.11313383208645311,1.7087446368403194,0.8150374144807427,True,"Lung, basal vs Rest","Lung, basal",Rest,Defb6
263,Sp140l2,0.9454,0.05459999999999998,2.8515740630356436,4.9218324e-05,1.7757367e-05,0.0,0.25,2.0783656,2.2433605,1.6660029,-4.11724,7.0155315,0.5613463626492944,0.17772236076475434,0.27578718783930517,0.09351620947631062,0.39509273868154027,0.1254903496560262,True,"Lung, basal vs Rest","Lung, basal",Rest,Sp140l2
264,Selenom,0.9452,0.05479999999999996,2.8477061794568197,0.0003302675,0.00014354312,0.0,0.25,2.0780654,2.2629557,2.0935278,-4.5572624,8.083311,5.376764386536347,2.0636741479634786,0.5450597176981543,0.28354114713215595,3.2156063201991216,1.4327048351817635,True,"Lung, basal vs Rest","Lung, basal",Rest,Selenom
265,Prom1,0.9452,0.05479999999999996,2.8477061794568197,2.7389977e-05,1.4384957e-05,0.0,0.25,1.9591496,1.9266415,2.6167207,-7.7817593,9.233917,0.3289902280130294,0.12385702410640143,0.12703583061889254,0.05477971737323329,0.24133030017566104,0.09197818662282511,True,"Lung, basal vs Rest","Lung, basal",Rest,Prom1
266,Spmip3,0.9452,0.05479999999999996,2.8477061794568197,5.1541163e-05,2.194168e-05,0.0,0.25,2.2896583,2.2363582,2.3381865,-5.042038,10.593456,0.9098805646036919,0.20964256026600123,0.3061889250814333,0.07564422277639267,0.5799991818042378,0.1434146036876174,True,"Lung, basal vs Rest","Lung, basal",Rest,Spmip3
267,Cxcl17,0.9452,0.05479999999999996,2.8477061794568197,0.00012046857,4.4138294e-05,0.0,0.25,2.6741881,2.826849,2.9832783,-7.3790083,10.436808,1.8751357220412601,0.3309226932668317,0.29424538545059725,0.05652535328345769,1.2634564349950232,0.22797848874197343,True,"Lung, basal vs Rest","Lung, basal",Rest,Cxcl17
268,Tmsb10,0.9452,0.05479999999999996,2.8477061794568197,0.00023898952,0.0010472517,0.0,0.25,-1.9233176,-2.1065974,1.6310123,-6.335556,4.9719734,2.9261672095548326,11.78894430590158,0.5808903365906625,0.8840399002492988,1.9894467115293055,11.167483009801606,True,"Lung, basal vs Rest","Lung, basal",Rest,Tmsb10
269,Ces1e,0.9452,0.05479999999999996,2.8477061794568197,1.29075315e-05,4.690906e-06,0.0,0.25,3.045149,3.1020098,3.0299695,-5.402467,13.294016,0.2117263843648209,0.043973399833748955,0.15526601520086866,0.03009143807148818,0.13518754614777398,0.02741236813664147,True,"Lung, basal vs Rest","Lung, basal",Rest,Ces1e
270,Ccdc69,0.945,0.05500000000000005,2.843851571025116,1.9285219e-05,9.089976e-06,0.0,0.25,2.6031027,2.9051561,2.5123665,-4.9141283,8.083799,0.28990228013029323,0.055610972568578554,0.18241042345276878,0.031172069825436664,0.18335441048172327,0.03504242899208933,True,"Lung, basal vs Rest","Lung, basal",Rest,Ccdc69
271,Isg20,0.945,0.05500000000000005,2.843851571025116,0.00024197741,9.606446e-05,0.0,0.25,1.8022898,1.9480028,1.817651,-5.9877596,7.196842,4.138979370249724,1.2916874480465672,0.6156351791530946,0.27847049044055217,2.5712693526285104,0.8911302166022556,True,"Lung, basal vs Rest","Lung, basal",Rest,Isg20
272,Smagp,0.945,0.05500000000000005,2.843851571025116,0.00010117792,3.5359695e-05,0.0,0.25,2.4898605,2.597207,2.2813466,-4.043804,9.133541,1.6677524429967432,0.3864505403158726,0.6015200868621066,0.13308395677473225,1.0965234108986897,0.24485592500308917,True,"Lung, basal vs Rest","Lung, basal",Rest,Smagp
273,Lyz1,0.9448,0.05520000000000003,2.840010141024949,9.317544e-05,8.191928e-05,0.0,0.25,1.0952188,1.3052087,2.4164422,-7.3377895,9.011791,0.9630836047774161,1.114630091438071,0.1433224755700326,0.11778886118038523,0.5288939299154434,0.6685661653113684,True,"Lung, basal vs Rest","Lung, basal",Rest,Lyz1
274,Cldn3,0.9448,0.05520000000000003,2.840010141024949,0.0005705621,0.0002544104,0.0,0.25,2.1709347,2.4623942,2.0113769,-4.0051546,6.902128,8.866449511400543,3.7641729010806686,0.9022801302931599,0.39925187032416354,6.179841240776369,2.3188663463992834,True,"Lung, basal vs Rest","Lung, basal",Rest,Cldn3
275,Camsap3,0.9448,0.05520000000000003,2.840010141024949,2.6602605e-05,1.1938078e-05,0.0,0.25,1.7131945,1.9142146,1.5843499,-4.5265207,6.305585,0.38219326818675364,0.1083125519534508,0.27035830618892515,0.07423108894430613,0.2748104277437136,0.08295795027965125,True,"Lung, basal vs Rest","Lung, basal",Rest,Camsap3
276,Adig,0.9448,0.05520000000000003,2.840010141024949,4.9241622e-05,2.4196092e-05,0.0,0.25,2.2620003,2.4080667,2.503848,-6.1147156,9.228578,0.8132464712269275,0.22926018287614225,0.29098805646036924,0.0688279301745635,0.43129482722127005,0.13679910622503294,True,"Lung, basal vs Rest","Lung, basal",Rest,Adig
277,N4bp3,0.9444,0.05559999999999998,2.8323664346874557,4.8599337e-05,2.1804331e-05,0.0,0.25,1.5650562,1.6970901,1.4684051,-4.340934,5.6248035,0.5765472312703585,0.20274314214463748,0.36373507057546156,0.12626766417290422,0.4571295797179269,0.15674206476093805,True,"Lung, basal vs Rest","Lung, basal",Rest,N4bp3
278,Reg3g,0.9442,0.05579999999999996,2.828563970104445,0.0021360363,0.0006034326,0.0,0.25,2.0954473,2.240096,2.8396845,-9.222243,10.560429,60.36807817589587,12.168744804654656,0.42453854505971783,0.42252701579382024,30.645027050088405,7.324903684404915,True,"Lung, basal vs Rest","Lung, basal",Rest,Reg3g
279,Tent5b,0.9442,0.05579999999999996,2.828563970104445,1.9723431e-05,7.920902e-06,0.0,0.25,2.0047507,2.1143103,1.6960846,-4.0561457,6.956604,0.23995656894679704,0.05453034081463004,0.1650380021715527,0.035660847880299405,0.16659526366350538,0.0378273362489929,True,"Lung, basal vs Rest","Lung, basal",Rest,Tent5b
280,Cyp2b19,0.9442,0.05579999999999996,2.828563970104445,3.1331365e-05,1.602751e-05,0.0,0.25,2.000357,2.1414576,2.704287,-10.527415,10.017655,0.29098805646036924,0.10473815461346656,0.11834961997828451,0.03133832086450566,0.2589915640945246,0.09382091255726234,True,"Lung, basal vs Rest","Lung, basal",Rest,Cyp2b19
281,Atp1b1,0.9442,0.05579999999999996,2.828563970104445,0.0011280106,0.00039625284,0.0,0.25,1.7098964,1.744268,1.1235229,-2.3805437,5.6811438,21.03800217155252,4.6226932668329415,0.93485342019544,0.6922693266832345,14.226507850836615,3.608434036364345,True,"Lung, basal vs Rest","Lung, basal",Rest,Atp1b1
282,Kifc3,0.944,0.05600000000000005,2.8247743074321585,4.6323807e-05,1.865601e-05,0.0,0.25,1.6868722,1.8328471,1.4212601,-3.9636192,6.0247955,0.5971769815418025,0.18013300083125486,0.3561346362649295,0.11404821280133264,0.4477438478478012,0.14626757728523443,True,"Lung, basal vs Rest","Lung, basal",Rest,Kifc3
283,Cdkn2b,0.944,0.05600000000000005,2.8247743074321585,0.0004701922,0.00017118525,0.0,0.25,2.3373954,2.559176,1.8790807,-4.332103,6.7280807,6.764386536373438,2.585702410640113,0.8914223669923999,0.4426433915211664,4.632694804384532,1.6543134640802541,True,"Lung, basal vs Rest","Lung, basal",Rest,Cdkn2b
284,Or1af1,0.944,0.05600000000000005,2.8247743074321585,4.4410157e-05,1.5028237e-05,0.0,0.25,1.8325226,1.8533411,1.4276205,-3.4923134,6.9269867,0.47339847991313805,0.12402327514547128,0.2877307274701412,0.09418121363258664,0.42594131400559154,0.11436972486294607,True,"Lung, basal vs Rest","Lung, basal",Rest,Or1af1
285,C4bp,0.944,0.05600000000000005,2.8247743074321585,4.92442e-05,1.6639931e-05,0.0,0.25,2.5807838,2.76617,2.1011887,-4.0451174,8.566262,0.35722041259500553,0.13990024937655918,0.12160694896851253,0.059850374064837494,0.21280187880218304,0.09720208947724158,True,"Lung, basal vs Rest","Lung, basal",Rest,C4bp
286,Krt16,0.944,0.05600000000000005,2.8247743074321585,0.00014761627,7.208029e-05,0.0,0.25,1.9680748,2.1327834,2.4495168,-7.793479,8.384515,2.783930510314876,1.0066500415627508,0.17263843648208474,0.10931005818786602,1.3221657134893088,0.6728430265081542,True,"Lung, basal vs Rest","Lung, basal",Rest,Krt16
287,Ebag9,0.9438,0.05620000000000003,2.820997355052179,8.144487e-05,3.721745e-05,0.0,0.25,1.1593113,1.2206578,0.73217285,-2.320675,3.1823559,1.184581976112921,0.4275145469659008,0.5570032573289904,0.28079800498751784,0.7736399252819753,0.34450331503431797,True,"Lung, basal vs Rest","Lung, basal",Rest,Ebag9
288,Chp1,0.9436,0.056400000000000006,2.817233022322269,0.00010788971,4.6599278e-05,0.0,0.25,1.4579709,1.6019812,1.1427195,-3.3407574,4.55735,1.612377850162867,0.5932668329176791,0.6460369163952228,0.3198669991687273,1.1382620398387655,0.46952464276063893,True,"Lung, basal vs Rest","Lung, basal",Rest,Chp1
289,Macc1,0.9436,0.056400000000000006,2.817233022322269,0.00010843329,3.9304756e-05,0.0,0.25,1.9379115,2.006853,1.4258454,-3.6042395,6.0337,1.3626492942453858,0.40274314214462953,0.5580890336590664,0.19950124688278834,1.0069026383388804,0.3160525439399091,True,"Lung, basal vs Rest","Lung, basal",Rest,Macc1
290,Snx31,0.9436,0.056400000000000006,2.817233022322269,3.5496552e-05,9.991966e-06,0.0,0.25,2.6151981,2.7458496,1.9334058,-3.3266363,8.238536,0.4896851248642781,0.07024106400665012,0.24864277958740508,0.04039900249376563,0.32655320133571414,0.04434703706371291,True,"Lung, basal vs Rest","Lung, basal",Rest,Snx31
291,Pgap2,0.9434,0.056599999999999984,2.813481219562552,0.00018103556,7.039563e-05,0.0,0.25,1.5410528,1.71211,0.94819707,-2.1836395,4.248499,2.598262757871879,0.8621778886117615,0.7350705754614552,0.3965087281795254,1.7044843604070572,0.6632213883448622,True,"Lung, basal vs Rest","Lung, basal",Rest,Pgap2
292,Ywhah,0.9434,0.056599999999999984,2.813481219562552,5.4191096e-05,0.00013085785,0.0,0.25,-1.2355119,-1.2656555,0.83890533,-3.9977083,3.8568525,0.6112920738327906,1.6518703241895853,0.3756786102062976,0.5793848711553995,0.44261975771657247,1.2899883476453888,True,"Lung, basal vs Rest","Lung, basal",Rest,Ywhah
293,Cdkn1a,0.9434,0.056599999999999984,2.813481219562552,0.0008988177,0.0003492713,0.0,0.25,1.7033975,1.8089714,1.3665593,-3.9344826,5.458762,14.66449511400638,4.454364089775567,0.9001085776330079,0.48229426433911726,10.834669260373882,3.400464297329033,True,"Lung, basal vs Rest","Lung, basal",Rest,Cdkn1a
294,Lgals12,0.9432,0.05679999999999996,2.809741858041939,3.2099662e-05,1.2106979e-05,0.0,0.25,1.7732455,1.8556561,1.3398995,-3.1577854,5.541215,0.4115092290988058,0.12211138819617776,0.2823018458197612,0.08985868661679253,0.3127325256018357,0.0841761009485291,True,"Lung, basal vs Rest","Lung, basal",Rest,Lgals12
295,Dnase1l2,0.9432,0.05679999999999996,2.809741858041939,1.633574e-05,1.3024208e-05,0.0,0.25,1.4741535,1.6289749,2.1765532,-7.7563686,7.5575047,0.21932681867535295,0.14006650041562813,0.12486427795874054,0.0477971737323357,0.15377589305078038,0.10180380784492093,True,"Lung, basal vs Rest","Lung, basal",Rest,Dnase1l2
296,Vwf,0.9432,0.05679999999999996,2.809741858041939,4.4355624e-05,1.4392665e-05,0.0,0.25,2.1437285,2.2451982,1.8689332,-5.3225775,8.261724,0.6210640608034746,0.16475477971737298,0.2823018458197612,0.09559434746467317,0.4419415702763697,0.12737283151093878,True,"Lung, basal vs Rest","Lung, basal",Rest,Vwf
297,Saa1,0.9432,0.05679999999999996,2.809741858041939,0.00020479085,0.00010188665,0.0,0.25,2.5031006,2.7798567,2.7932553,-6.024764,10.006531,2.4364820846905544,1.468329177057368,0.1628664495114007,0.09526184538653516,1.5017369286703057,0.9032343618682743,True,"Lung, basal vs Rest","Lung, basal",Rest,Saa1
298,Bscl2,0.9432,0.05679999999999996,2.809741858041939,8.196734e-05,3.7421538e-05,0.0,0.25,1.249869,1.3511615,0.7970367,-2.2401447,3.656495,1.153094462540717,0.40731504571901994,0.5928338762214985,0.2747298420615002,0.8206692647062823,0.3528696503077021,True,"Lung, basal vs Rest","Lung, basal",Rest,Bscl2
299,Hsd11b1,0.943,0.05700000000000005,2.806014849964779,0.000102852406,3.558325e-05,0.0,0.25,2.3518507,2.477693,1.9440114,-4.1791973,7.664423,1.6894679695982633,0.48029925187031713,0.33984799131378945,0.13333333333333572,1.000658074672386,0.27935064742940263,True,"Lung, basal vs Rest","Lung, basal",Rest,Hsd11b1
300,Adam28,0.9428,0.05720000000000003,2.8023001084577674,9.03983e-05,3.0771385e-05,0.0,0.25,2.055873,1.9690261,1.6556183,-3.7334957,6.847826,1.1487513572204129,0.2354945968412281,0.4451682953311619,0.1467996674979228,0.8175899954646545,0.2694482005319768,True,"Lung, basal vs Rest","Lung, basal",Rest,Adam28
301,Ccl5,0.9428,0.05720000000000003,2.8023001084577674,0.00058131217,0.00042190612,0.0,0.25,1.5596975,1.8103967,2.355938,-7.483512,8.492657,11.386536373506962,11.388861180382102,0.5385450597176983,0.374979218620093,7.4010372140419465,6.7928030349454565,True,"Lung, basal vs Rest","Lung, basal",Rest,Ccl5
302,Wnt7b,0.9426,0.05740000000000001,2.798597547557051,6.31305e-05,2.4921694e-05,0.0,0.25,1.8352555,1.9327469,1.7763629,-4.0261917,7.9003105,0.930510314875136,0.21778886118038174,0.41042345276872977,0.10781379883624498,0.6841639218982386,0.17063410390574393,True,"Lung, basal vs Rest","Lung, basal",Rest,Wnt7b
303,Muc15,0.9426,0.05740000000000001,2.798597547557051,0.000103009894,3.9773004e-05,0.0,0.25,2.642411,2.845273,2.4435241,-3.8981476,10.281796,1.396308360477742,0.29401496259351523,0.49619978284473415,0.09093931837074105,0.9160023082193968,0.19044275197056096,True,"Lung, basal vs Rest","Lung, basal",Rest,Muc15
304,Cxcl10,0.9426,0.05740000000000001,2.798597547557051,0.00034583843,0.0015980862,0.0,0.25,-1.773358,-1.8632207,1.8406924,-6.986254,5.420292,4.2605863192182385,20.93383208645003,0.4136807817589578,0.7057356608478216,2.7048590968816186,21.762160605166258,True,"Lung, basal vs Rest","Lung, basal",Rest,Cxcl10
305,Entpd5,0.9424,0.057599999999999985,2.794907082195586,3.592951e-05,1.2605272e-05,0.0,0.25,1.9118371,2.0808144,1.4236057,-3.6655836,5.5457172,0.5635179153094464,0.12859517871986845,0.3452768729641695,0.09177057356608607,0.37546608635608447,0.093780061272622,True,"Lung, basal vs Rest","Lung, basal",Rest,Entpd5
306,Arhgef9,0.9422,0.05779999999999996,2.791228628190702,7.164596e-05,2.155128e-05,0.0,0.25,1.9579421,1.977747,1.5160649,-3.6025305,6.800353,1.1368078175895768,0.2620947630922681,0.40390879478827374,0.14039900249376722,0.7173220919205816,0.1566206657707693,True,"Lung, basal vs Rest","Lung, basal",Rest,Arhgef9
307,Chl1,0.9422,0.05779999999999996,2.791228628190702,7.613773e-05,2.4194667e-05,0.0,0.25,1.7343844,1.8023458,1.3245902,-3.1926937,7.24024,0.9467969598262761,0.17315045719035702,0.38870792616720967,0.09717373233582871,0.6562664279206916,0.14001579529902902,True,"Lung, basal vs Rest","Lung, basal",Rest,Chl1
308,Akap6,0.942,0.05800000000000005,2.7875621022318757,3.647722e-05,1.1015454e-05,0.0,0.25,2.2510195,2.3077593,1.6913347,-5.442211,7.0766907,0.49402823018458214,0.12443890274314347,0.28990228013029323,0.08121363258520431,0.3690646104450128,0.08384264459278411,True,"Lung, basal vs Rest","Lung, basal",Rest,Akap6
309,Lypd2,0.942,0.05800000000000005,2.7875621022318757,0.00017965335,0.00011293997,0.0,0.25,1.9115973,2.1539493,2.692483,-6.7254944,8.637413,2.2377850162866455,1.712219451371595,0.27578718783930517,0.15926849542809604,1.4397508693787793,1.049814026238236,True,"Lung, basal vs Rest","Lung, basal",Rest,Lypd2
310,Klk1b26,0.942,0.05800000000000005,2.7875621022318757,8.676634e-05,3.7866343e-05,0.0,0.25,2.0254822,2.1415386,2.4525707,-6.793235,10.370567,1.8957654723127042,0.587032418952614,0.10640608034744846,0.05843724023275108,1.143717714480547,0.3373834175997028,True,"Lung, basal vs Rest","Lung, basal",Rest,Klk1b26
311,Ly6m,0.9418,0.05820000000000003,2.7839074218687356,2.3452558e-05,2.3965176e-05,0.0,0.25,1.2055218,1.523407,2.557752,-8.045008,7.3980503,0.465798045602606,0.3491271820448843,0.15852334419109668,0.06857855361595999,0.29555096621583427,0.22695316766619075,True,"Lung, basal vs Rest","Lung, basal",Rest,Ly6m
312,Cks1b,0.9418,0.05820000000000003,2.7839074218687356,1.6447431e-05,6.3832056e-05,0.0,0.25,-1.6512405,-1.6303611,1.3261173,-7.0932407,3.0439758,0.19435396308360484,0.7832086450540037,0.15200868621064065,0.2987531172069673,0.11553236287573503,0.525414319283861,True,"Lung, basal vs Rest","Lung, basal",Rest,Cks1b
313,Gdpd1,0.9418,0.05820000000000003,2.7839074218687356,0.00035788995,0.00012845776,0.0,0.25,2.3342168,2.3264909,1.9856807,-4.2577286,6.969927,5.103148751357182,1.71828761429763,0.8436482084690556,0.3839567747298177,3.383232222612044,1.1077882394884024,True,"Lung, basal vs Rest","Lung, basal",Rest,Gdpd1
314,Myo5c,0.9416,0.05840000000000001,2.780264505499244,4.1964347e-05,1.4434548e-05,0.0,0.25,2.1612606,2.1794682,2.4441786,-6.5886507,9.476413,0.4136807817589578,0.09343308395677516,0.2095548317046689,0.05411471321695733,0.3247971682338074,0.08350832971277616,True,"Lung, basal vs Rest","Lung, basal",Rest,Myo5c
315,Gsdma,0.9416,0.05840000000000001,2.780264505499244,5.1110124e-05,4.782377e-05,0.0,0.25,1.0964305,1.3531332,2.3336372,-6.9537487,7.742346,0.5168295331161782,0.40241064006649757,0.1845819761129208,0.09484621778886265,0.31900214231355234,0.2593818351331365,True,"Lung, basal vs Rest","Lung, basal",Rest,Gsdma
316,Lgals3,0.9416,0.05840000000000001,2.780264505499244,0.00010249891,7.24345e-05,0.0,0.25,1.4769198,1.6970263,2.4554355,-5.811082,8.728825,1.6655808903365912,1.2121363258520348,0.3713355048859936,0.1645054031587688,1.2319101186668562,0.7402579134809514,True,"Lung, basal vs Rest","Lung, basal",Rest,Lgals3
317,Vim,0.9414,0.058599999999999985,2.776633272358103,5.6628924e-05,0.00025054236,0.0,0.25,-1.8737395,-1.9108229,1.6235524,-7.0063496,3.8614607,0.29533116178067326,3.9458852867830956,0.1389793702497286,0.4836242726516691,0.20735181947941506,2.5176984750270193,True,"Lung, basal vs Rest","Lung, basal",Rest,Vim
318,Gprc5a,0.9414,0.058599999999999985,2.776633272358103,4.075028e-05,1.5792375e-05,0.0,0.25,2.441961,2.4913006,2.2240455,-3.9265976,8.342233,0.467969598262758,0.11878636741479714,0.229098805646037,0.060681629260182446,0.39420024882970345,0.09310337213027695,True,"Lung, basal vs Rest","Lung, basal",Rest,Gprc5a
319,Tmigd1,0.9414,0.058599999999999985,2.776633272358103,1.885814e-05,1.9295832e-05,0.0,0.25,1.1354132,1.3712254,2.564404,-6.5750523,8.5635195,0.26818675352877314,0.14389027431421475,0.12269272529858853,0.03316708229426455,0.1683202882421932,0.08797931815281873,True,"Lung, basal vs Rest","Lung, basal",Rest,Tmigd1
320,Igfbp4,0.9414,0.058599999999999985,2.776633272358103,4.8544036e-05,0.00018332881,0.0,0.25,-1.26759,-1.444541,2.5166593,-8.761457,6.2856617,0.24864277958740508,1.08927680798002,0.11834961997828451,0.3833748960930763,0.21535065849504664,1.758909843393739,True,"Lung, basal vs Rest","Lung, basal",Rest,Igfbp4
321,Ces2c,0.9412,0.05879999999999996,2.7730136425053487,3.164693e-05,1.9573796e-05,0.0,0.25,1.7890292,2.1049738,2.0896797,-5.1272326,6.9870825,0.35830618892508154,0.17240232751454648,0.19435396308360484,0.07971737323358327,0.23437857284853342,0.12205787476388158,True,"Lung, basal vs Rest","Lung, basal",Rest,Ces2c
322,Atp8b1,0.9412,0.05879999999999996,2.7730136425053487,2.3056455e-05,1.0446676e-05,0.0,0.25,1.8292937,1.944602,1.7821397,-4.416787,6.9074726,0.3224755700325734,0.10266001662510499,0.23452768729641701,0.0770573566084792,0.24444461917583618,0.08730655732316694,True,"Lung, basal vs Rest","Lung, basal",Rest,Atp8b1
323,Pik3ap1,0.941,0.05900000000000005,2.7694055368151407,2.315584e-05,8.051544e-06,0.0,0.25,2.0613074,2.213891,1.5633523,-4.3719635,6.3348436,0.3561346362649295,0.09592684954281044,0.24212812160694905,0.07073981712385705,0.2732073992486684,0.07040179741986156,True,"Lung, basal vs Rest","Lung, basal",Rest,Pik3ap1
324,Fabp4,0.941,0.05900000000000005,2.7694055368151407,0.0010030816,0.0006246147,0.0,0.25,1.7569627,1.952991,2.489433,-5.248947,8.260772,23.370249728555798,11.91438071487926,0.5450597176981543,0.33865336658352163,12.093932575346075,6.759074024231945,True,"Lung, basal vs Rest","Lung, basal",Rest,Fabp4
325,Prdx5,0.941,0.05900000000000005,2.7694055368151407,0.001074967,0.00037705942,0.0,0.25,1.7270948,1.8893461,1.432653,-4.8272696,6.4944773,17.340933767643733,5.472817955112193,0.9478827361563521,0.7703241895261189,10.992008621439588,3.810951314966712,True,"Lung, basal vs Rest","Lung, basal",Rest,Prdx5
326,Ptgds,0.9408,0.05920000000000003,2.7658088769647486,0.00027380572,0.00014328222,0.0,0.25,2.5619416,2.6866193,3.1249168,-6.3220377,10.00779,4.8458197611292,2.809975062344138,0.31270358306188933,0.14181213632585352,2.7474990017059375,1.705083995095755,True,"Lung, basal vs Rest","Lung, basal",Rest,Ptgds
327,Lpar1,0.9408,0.05920000000000003,2.7658088769647486,2.4933603e-05,9.203578e-05,0.0,0.25,-1.6967063,-1.8959136,1.9951568,-6.5333357,5.4458447,0.20521172638436488,0.7527847049043643,0.13137893593919656,0.3761429758935758,0.13634133633255702,0.8615408966663061,True,"Lung, basal vs Rest","Lung, basal",Rest,Lpar1
328,Lmo7,0.9408,0.05920000000000003,2.7658088769647486,0.00016891483,6.575596e-05,0.0,0.25,2.3426151,2.3967218,2.0702434,-4.606206,7.2297688,2.327904451682954,0.8558603491271526,0.7339847991313792,0.29484621778884634,1.8847360811351375,0.6219693987213178,True,"Lung, basal vs Rest","Lung, basal",Rest,Lmo7
329,Tjp3,0.9408,0.05920000000000003,2.7658088769647486,0.00010348847,3.9618073e-05,0.0,0.25,1.8056295,1.9812121,1.2848184,-3.126874,5.1915007,1.5016286644951145,0.45785536159599494,0.6384364820846907,0.2378221113881874,1.1010975316541394,0.3227303795662381,True,"Lung, basal vs Rest","Lung, basal",Rest,Tjp3
330,Col4a2,0.9408,0.05920000000000003,2.7658088769647486,2.0463196e-05,6.9538946e-05,0.0,0.25,-1.769684,-1.8258872,1.6019562,-6.130047,4.660638,0.14657980456026062,0.56001662510388,0.10314875135722044,0.33283458021610746,0.10009738129961819,0.6560953339009946,True,"Lung, basal vs Rest","Lung, basal",Rest,Col4a2
331,Slc27a2,0.9408,0.05920000000000003,2.7658088769647486,3.864072e-05,1.3953075e-05,0.0,0.25,1.9591098,2.0954962,1.7749058,-4.5896635,6.893922,0.465798045602606,0.13732335827098982,0.21932681867535295,0.07772236076475522,0.3200084815417189,0.08372234540822765,True,"Lung, basal vs Rest","Lung, basal",Rest,Slc27a2
332,Celf3,0.9406,0.05940000000000001,2.7622235854237056,4.2037373e-05,2.5640426e-05,0.0,0.25,1.5695161,1.8133507,1.9398117,-4.5613813,6.9351044,0.21281216069489692,0.15993349958437275,0.10097719869706843,0.06783042394014947,0.14479820942021687,0.12563318542265425,True,"Lung, basal vs Rest","Lung, basal",Rest,Celf3
333,Pyroxd1,0.9406,0.05940000000000001,2.7622235854237056,0.00017145592,7.147884e-05,0.0,0.25,1.359861,1.4117455,0.8144834,-2.6295614,4.5432796,2.6644951140065154,0.8886118038237287,0.7502714440825192,0.40847880299249173,1.8747169272466153,0.6997113755932193,True,"Lung, basal vs Rest","Lung, basal",Rest,Pyroxd1
334,Adamtsl4,0.9402,0.059799999999999964,2.755086801045413,1.7265378e-05,7.210471e-06,0.0,0.25,1.6644422,1.7499022,1.9372096,-5.8331623,8.092014,0.18132464712269278,0.05818786367414784,0.13137893593919656,0.04280964256026599,0.15383492607652574,0.05218644795242512,True,"Lung, basal vs Rest","Lung, basal",Rest,Adamtsl4
335,Crct1,0.9402,0.059799999999999964,2.755086801045413,9.578968e-05,0.00013136279,0.0,0.25,1.468017,1.645556,2.865304,-10.1057205,10.452409,1.9728555917481003,3.144139650872811,0.17806731813246476,0.07398171238570263,1.0158596342556856,2.3463971551744023,True,"Lung, basal vs Rest","Lung, basal",Rest,Crct1
336,Spns2,0.94,0.06000000000000005,2.751535157013593,3.0017454e-05,1.643507e-05,0.0,0.25,2.1011958,2.2674713,2.010458,-6.141408,7.5464544,0.38327904451682965,0.1832086450540315,0.23995656894679704,0.0929343308395691,0.2857026604739566,0.14453630627072897,True,"Lung, basal vs Rest","Lung, basal",Rest,Spns2
337,Itprip,0.94,0.06000000000000005,2.751535157013593,1.748327e-05,6.8289078e-06,0.0,0.25,1.7799631,1.9070568,1.6897837,-5.2846575,7.1149597,0.24429967426710106,0.06267664172901066,0.1867535287730728,0.04929343308395661,0.19844456179411632,0.06056163940985565,True,"Lung, basal vs Rest","Lung, basal",Rest,Itprip
338,Fmo2,0.9398,0.06020000000000003,2.747994578881558,4.425081e-05,2.33785e-05,0.0,0.25,2.1638923,2.2622986,2.5341678,-5.1674623,8.715592,0.5016286644951141,0.12851205320033282,0.1650380021715527,0.030423940149626176,0.37428972964405083,0.08956324317258578,True,"Lung, basal vs Rest","Lung, basal",Rest,Fmo2
339,2200002D01Rik,0.9398,0.06020000000000003,2.747994578881558,0.00022576592,0.00011777482,0.0,0.25,1.5818307,1.7306862,1.7168624,-4.58525,6.985449,3.4147665580890347,1.4016625103907165,0.701411509229099,0.32219451371569297,2.386409400582279,1.1040364474268534,True,"Lung, basal vs Rest","Lung, basal",Rest,2200002D01Rik
340,Slc27a4,0.9396,0.06040000000000001,2.744464992923915,3.9964067e-05,1.804194e-05,0.0,0.25,1.573327,1.7166562,1.3692017,-3.9019022,5.758129,0.5418023887079263,0.21463009143806985,0.36156351791530955,0.1427265170407329,0.41247369449716254,0.18523341664025172,True,"Lung, basal vs Rest","Lung, basal",Rest,Slc27a4
341,Gk,0.9396,0.06040000000000001,2.744464992923915,5.401759e-05,2.1894783e-05,0.0,0.25,1.6360159,1.7499633,1.2990433,-3.023818,5.3314953,0.8154180238870795,0.2905236907730617,0.3908794788273617,0.16849542809642423,0.647246996374169,0.2114222898760962,True,"Lung, basal vs Rest","Lung, basal",Rest,Gk
342,Ehf,0.9396,0.06040000000000001,2.744464992923915,0.00029574052,0.00012551805,0.0,0.25,1.5992857,1.7093911,1.2496488,-3.04881,5.2049494,3.6438653637350717,1.218038237738988,0.8436482084690556,0.40831255195342275,2.7506973507775303,1.0631125791712914,True,"Lung, basal vs Rest","Lung, basal",Rest,Ehf
343,Pf4,0.9396,0.06040000000000001,2.744464992923915,3.354823e-05,2.698527e-05,0.0,0.25,1.1752187,1.4080296,2.3623846,-7.1023626,8.264821,0.47448425624321405,0.3050706566916015,0.14440825190010861,0.06940980881130501,0.29232053909266226,0.19932283169474396,True,"Lung, basal vs Rest","Lung, basal",Rest,Pf4
344,Arhgef38,0.9392,0.060799999999999965,2.7374385062754003,3.685406e-05,1.4764983e-05,0.0,0.25,2.0474133,2.0837193,1.8978597,-5.209258,8.512291,0.5179153094462542,0.11695760598503846,0.3300760043431054,0.07182044887780557,0.41413608621663317,0.08849619174521631,True,"Lung, basal vs Rest","Lung, basal",Rest,Arhgef38
345,Cmas,0.9392,0.060799999999999965,2.7374385062754003,0.0001198022,4.5789777e-05,0.0,0.25,1.6859252,1.7727594,1.2955165,-3.1877508,4.700218,2.0466883821932687,0.6349958437239961,0.6004343105320306,0.30266001662508824,1.2742412161207313,0.42895847422423916,True,"Lung, basal vs Rest","Lung, basal",Rest,Cmas
346,Chi3l1,0.939,0.061000000000000054,2.7339414617501654,0.00013208004,7.391743e-05,0.0,0.25,1.6667997,1.7919998,2.0879161,-6.9536257,7.6472626,1.0955483170466886,0.45195344970905665,0.1400651465798046,0.09459684123025915,0.6842151631347235,0.3503255712490958,True,"Lung, basal vs Rest","Lung, basal",Rest,Chi3l1
347,Vmp1,0.939,0.061000000000000054,2.7339414617501654,0.00033286327,0.00013867373,0.0,0.25,1.3989506,1.5138826,0.85459185,-1.8012009,3.5467987,4.55917480998912,1.6231920199501988,0.8773072747014118,0.5843724023274688,3.5100374138082837,1.3690217197167602,True,"Lung, basal vs Rest","Lung, basal",Rest,Vmp1
348,Orm3,0.939,0.061000000000000054,2.7339414617501654,2.7179938e-05,1.0361922e-05,0.0,0.25,1.8029674,1.8876166,2.3790104,-6.214141,9.030208,0.44842562432138994,0.11978387364921096,0.15960912052117268,0.04837905236907716,0.2697650672662421,0.07418891736551056,True,"Lung, basal vs Rest","Lung, basal",Rest,Orm3
349,Enpp5,0.9388,0.06120000000000003,2.7304551217118043,0.00016484525,6.7267705e-05,0.0,0.25,1.5204897,1.6167517,1.1225715,-3.3748198,4.9300632,2.4364820846905544,0.7786367414795952,0.7242128121606951,0.38013300083123125,1.5815533073119377,0.6210902373764079,True,"Lung, basal vs Rest","Lung, basal",Rest,Enpp5
350,Slc44a4,0.9388,0.06120000000000003,2.7304551217118043,2.9000783e-05,1.3218576e-05,0.0,0.25,1.7261858,1.830431,2.4771013,-6.8504696,8.36003,0.3550488599348535,0.0880299251870328,0.1639522258414767,0.04563591022443882,0.23336351737153893,0.06325137041764463,True,"Lung, basal vs Rest","Lung, basal",Rest,Slc44a4
351,Myh11,0.9386,0.06140000000000001,2.7269794159949496,2.9166886e-05,0.000103418,0.0,0.25,-1.6629541,-1.7473135,1.6107109,-6.1480026,4.3785677,0.16829533116178072,1.076059850374036,0.11183496199782848,0.392352452202801,0.12316116739460223,0.9518859674863352,True,"Lung, basal vs Rest","Lung, basal",Rest,Myh11
352,Cited4,0.9386,0.06140000000000001,2.7269794159949496,4.0527575e-05,1.9067573e-05,0.0,0.25,2.0001323,2.1672053,2.1080267,-5.5264397,8.11021,0.6764386536373509,0.18029925187032403,0.2605863192182411,0.0648379052369074,0.5041996410658719,0.13056227960229413,True,"Lung, basal vs Rest","Lung, basal",Rest,Cited4
353,Fxyd3,0.9386,0.06140000000000001,2.7269794159949496,0.0014666517,0.0004904428,0.0,0.25,1.9971672,2.0065374,1.5699507,-3.667472,7.5186825,24.10966340933751,5.59160432252694,0.9565689467969601,0.6248545303407645,15.719059884468452,4.6821658895207054,True,"Lung, basal vs Rest","Lung, basal",Rest,Fxyd3
354,Scn1b,0.9386,0.06140000000000001,2.7269794159949496,2.6685959e-05,1.1311661e-05,0.0,0.25,1.8574158,1.8858328,1.5373696,-4.2575655,7.314967,0.24755700325732907,0.07073981712385707,0.1400651465798046,0.046300914380714785,0.1697904705565856,0.06675532805504877,True,"Lung, basal vs Rest","Lung, basal",Rest,Scn1b
355,Mall,0.9386,0.06140000000000001,2.7269794159949496,5.35609e-05,2.5694535e-05,0.0,0.25,1.6543865,1.8079019,2.013282,-6.371931,7.5303183,0.6677524429967429,0.2147132169576054,0.31487513572204134,0.08520365752286041,0.46090989707935737,0.1583443429559565,True,"Lung, basal vs Rest","Lung, basal",Rest,Mall
356,Hsbp1l1,0.9384,0.06159999999999999,2.723514275118579,3.2901145e-05,1.5990177e-05,0.0,0.25,1.9450637,2.0966702,1.949508,-5.217741,7.0721226,0.35939196525515754,0.12394014962593632,0.20195439739413687,0.06458852867830389,0.23742773880428933,0.09211027757822408,True,"Lung, basal vs Rest","Lung, basal",Rest,Hsbp1l1
357,Ifit3b,0.9384,0.06159999999999999,2.723514275118579,2.8570088e-05,8.788993e-05,0.0,0.25,-1.1636677,-1.3712449,2.553896,-9.631842,8.431139,0.22258414766558096,0.5745635910224302,0.10097719869706843,0.2294264339152041,0.1662636146760276,0.7359746642501424,True,"Lung, basal vs Rest","Lung, basal",Rest,Ifit3b
358,Plau,0.9384,0.06159999999999999,2.723514275118579,5.924946e-05,2.0788471e-05,0.0,0.25,1.9496787,1.9445639,1.8047062,-4.6120396,7.553303,0.7372421281216072,0.19168744804655022,0.33876221498371345,0.1004987531172088,0.5553335730432428,0.15625668292185016,True,"Lung, basal vs Rest","Lung, basal",Rest,Plau
359,Tmem54,0.9384,0.06159999999999999,2.723514275118579,7.1879906e-05,3.315785e-05,0.0,0.25,2.0669296,2.1896777,2.077368,-5.505846,7.6612597,1.0922909880564606,0.41388196176225256,0.47231270358306204,0.16267664172901006,0.676283841341494,0.2721257864134951,True,"Lung, basal vs Rest","Lung, basal",Rest,Tmem54
360,Map3k6,0.9382,0.061799999999999966,2.7200596302771367,7.0224225e-05,3.9101003e-05,0.0,0.25,1.5016198,1.6473689,1.8561261,-5.428006,6.702855,1.2497285559174813,0.5160432252701483,0.4223669923995658,0.16857855361595872,0.7945344442933019,0.33512361498703264,True,"Lung, basal vs Rest","Lung, basal",Rest,Map3k6
361,Slc1a2,0.9382,0.061799999999999966,2.7200596302771367,5.2039348e-05,2.327995e-05,0.0,0.25,1.8443363,1.9974756,2.3348672,-7.484912,8.885019,0.5157437567861022,0.2622610141313371,0.10097719869706843,0.09476309226932815,0.32092394531306456,0.177555565993155,True,"Lung, basal vs Rest","Lung, basal",Rest,Slc1a2
362,AA467197,0.9382,0.061799999999999966,2.7200596302771367,0.00017601694,0.0001388227,0.0,0.25,1.5400376,1.7080898,2.432773,-6.754545,8.140365,1.8099891422366998,2.139983374896136,0.3289902280130294,0.25519534497089547,1.2110690509950233,1.3951855900030157,True,"Lung, basal vs Rest","Lung, basal",Rest,AA467197
363,H2-M2,0.938,0.062000000000000055,2.7166154133318035,8.0440805e-05,0.000291606,0.0,0.25,-1.6937246,-1.788949,1.5434121,-7.3539834,4.43552,0.6264929424538547,3.3917705735661485,0.21932681867535295,0.544222776392311,0.4423639575214744,2.744067000931643,False,"Lung, basal vs Rest","Lung, basal",Rest,H2-M2
364,Tprg1,0.938,0.062000000000000055,2.7166154133318035,2.3558032e-05,1.7895829e-05,0.0,0.25,1.0965513,1.3349504,2.087425,-7.297249,7.1251945,0.3246471226927254,0.18462177888611783,0.18023887079261677,0.0691604322527015,0.22753693901849842,0.11692926656712656,False,"Lung, basal vs Rest","Lung, basal",Rest,Tprg1
365,Polb,0.938,0.062000000000000055,2.7166154133318035,0.00017992845,8.324608e-05,0.0,0.25,1.1789185,1.2742658,0.6984332,-1.9042826,2.972496,2.6753528773072754,1.0749792186200768,0.7806731813246474,0.5007481296757736,1.7995573355162013,0.8516030728529459,False,"Lung, basal vs Rest","Lung, basal",Rest,Polb
366,Eps8l1,0.938,0.062000000000000055,2.7166154133318035,4.7897884e-05,2.2103939e-05,0.0,0.25,1.6606929,1.6811771,1.901199,-5.18371,8.1003275,0.7209554831704671,0.19542809642560172,0.3767643865363736,0.12119700748129981,0.6136207433976971,0.19786489749868907,False,"Lung, basal vs Rest","Lung, basal",Rest,Eps8l1
367,Adgrv1,0.938,0.062000000000000055,2.7166154133318035,1.91503e-05,6.706307e-06,0.0,0.25,2.0379035,2.12049,1.6405559,-3.8930006,7.1958313,0.24321389793702505,0.07880299251870349,0.13572204125950058,0.054696591853698795,0.15799376379532096,0.06051651737072136,False,"Lung, basal vs Rest","Lung, basal",Rest,Adgrv1
368,Ckap4,0.9378,0.06220000000000003,2.713181556801915,0.00023735347,0.00010784911,0.0,0.25,1.3034853,1.3735604,0.91493297,-2.4069386,4.467478,3.288816503800218,1.1942643391521108,0.8056460369163955,0.473566084787996,2.2950135663198914,0.9817286090554104,False,"Lung, basal vs Rest","Lung, basal",Rest,Ckap4
369,Sytl1,0.9378,0.06220000000000003,2.713181556801915,0.000107857595,4.7354028e-05,0.0,0.25,1.4693738,1.5569973,1.0673366,-2.7546787,5.5269585,1.646036916395223,0.5693266832917488,0.6340933767643867,0.28054862842891437,1.1083076767957452,0.46354157882987984,False,"Lung, basal vs Rest","Lung, basal",Rest,Sytl1
370,Cfap126,0.9376,0.06240000000000001,2.7097579938564973,2.1232718e-05,9.629169e-06,0.0,0.25,1.5567095,1.6601639,1.4496937,-7.043232,6.3780947,0.13789359391965259,0.08512053200332534,0.10423452768729645,0.04463840399002488,0.08888730252769882,0.053063107607717756,False,"Lung, basal vs Rest","Lung, basal",Rest,Cfap126
371,Eda2r,0.9376,0.06240000000000001,2.7097579938564973,3.1819243e-05,1.0943199e-05,0.0,0.25,1.6828567,1.7206268,1.4956129,-3.6392498,7.7589808,0.3517915309446255,0.08495428096425658,0.230184581976113,0.06159600997506189,0.28464827902116097,0.06430432191543747,False,"Lung, basal vs Rest","Lung, basal",Rest,Eda2r
372,Gpa33,0.9376,0.06240000000000001,2.7097579938564973,2.739565e-05,2.2438811e-05,0.0,0.25,1.57946,1.7365074,2.309968,-5.0195236,7.4884577,0.17915309446254077,0.1679135494596841,0.11400651465798049,0.07514546965918566,0.11484611340407959,0.11667798842874944,False,"Lung, basal vs Rest","Lung, basal",Rest,Gpa33
373,Capn5,0.9376,0.06240000000000001,2.7097579938564973,3.561487e-05,2.25053e-05,0.0,0.25,1.5131711,1.6645241,1.8321211,-6.0503483,7.7382603,0.49185667752443013,0.2603491271820427,0.2855591748099892,0.12527015793849036,0.32729296786881823,0.18682553297405827,False,"Lung, basal vs Rest","Lung, basal",Rest,Capn5
374,Wfdc18,0.9374,0.06259999999999999,2.706344658305962,0.0048773307,0.001486157,0.0,0.25,2.1372788,2.0845842,2.1966262,-5.261963,9.42717,129.2768729641694,27.625602660015474,0.8892508143322478,0.6922693266832345,76.92226113900067,20.75257498632903,False,"Lung, basal vs Rest","Lung, basal",Rest,Wfdc18
375,AA986860,0.9374,0.06259999999999999,2.706344658305962,3.25248e-05,1.9959334e-05,0.0,0.25,2.028323,2.332697,2.4933298,-6.110511,8.498466,0.43322475570032587,0.23765586034912645,0.27035830618892515,0.11928512053200627,0.3089939924415096,0.16359698514757215,False,"Lung, basal vs Rest","Lung, basal",Rest,AA986860
376,Myh14,0.9372,0.06279999999999997,2.702941484593913,8.205194e-05,3.2566437e-05,0.0,0.25,1.7883515,1.9337678,1.6397634,-4.1124287,6.7141075,0.9533116178067321,0.2860349127182021,0.4896851248642781,0.14937655860349194,0.7904003415904002,0.2279284142707429,False,"Lung, basal vs Rest","Lung, basal",Rest,Myh14
377,Nipal4,0.9372,0.06279999999999997,2.702941484593913,1.4502077e-05,6.3690954e-06,0.0,0.25,1.8135576,1.8973184,1.9271438,-5.68293,7.03209,0.1889250814332248,0.04696591853699088,0.13572204125950058,0.03250207813798859,0.13866815524914217,0.0377455660799731,False,"Lung, basal vs Rest","Lung, basal",Rest,Nipal4
378,Klk1b11,0.9372,0.06279999999999997,2.702941484593913,0.000102511796,5.2543794e-05,0.0,0.25,2.1633904,2.26587,2.9008892,-8.42876,11.982917,3.8892508143322484,0.9513715710723143,0.12269272529858853,0.07148794679966756,2.112081548592679,0.510094082408063,False,"Lung, basal vs Rest","Lung, basal",Rest,Klk1b11
379,Nectin4,0.9372,0.06279999999999997,2.702941484593913,8.21918e-05,3.452351e-05,0.0,0.25,1.5251911,1.5680423,1.303118,-3.5151157,5.9987125,0.9652551574375682,0.29983374896092513,0.5385450597176983,0.17971737323358014,0.7754928356983641,0.22901140736203232,False,"Lung, basal vs Rest","Lung, basal",Rest,Nectin4
380,Aktip,0.9372,0.06279999999999997,2.702941484593913,6.851386e-05,2.941641e-05,0.0,0.25,1.3918613,1.5122142,0.85567474,-1.5001698,3.3227015,0.9902280130293163,0.37464671654196546,0.5461454940282303,0.24754779717372252,0.6765219082023789,0.28653821975851035,False,"Lung, basal vs Rest","Lung, basal",Rest,Aktip
381,Snrpn,0.9366,0.06340000000000001,2.6927922882544832,0.00016277794,5.3989916e-05,0.0,0.25,2.0051694,2.0187736,1.9060184,-4.0342197,7.230317,2.9315960912052126,0.8367414796342179,0.6601520086862108,0.3086450540315714,1.7310350793414027,0.5045201876131401,False,"Lung, basal vs Rest","Lung, basal",Rest,Snrpn
382,Fgfbp1,0.9366,0.06340000000000001,2.6927922882544832,0.00010238918,4.527309e-05,0.0,0.25,1.8103541,1.940908,1.7283257,-3.8420925,8.829961,1.3083604777415856,0.5453034081462951,0.3040173724212813,0.10955943474646952,0.7837294772817881,0.3207799084517685,False,"Lung, basal vs Rest","Lung, basal",Rest,Fgfbp1
383,Cmbl,0.9364,0.06359999999999999,2.689429118717184,3.3117823e-05,2.1741824e-05,0.0,0.25,2.0337865,2.1788568,2.6576524,-6.6944094,7.998375,0.465798045602606,0.18046550290939328,0.27144408251900115,0.08312551953449786,0.31394564258853613,0.10687995812728521,False,"Lung, basal vs Rest","Lung, basal",Rest,Cmbl
384,Vipr1,0.9362,0.06379999999999997,2.6860757924569056,2.4562027e-05,9.629902e-06,0.0,0.25,1.8555896,1.9170485,1.84743,-3.9973068,7.3732843,0.29098805646036924,0.06201163757273476,0.19652551574375685,0.04239401496259351,0.22583320300574475,0.046426572095506755,False,"Lung, basal vs Rest","Lung, basal",Rest,Vipr1
385,Mapk12,0.9362,0.06379999999999997,2.6860757924569056,4.1613202e-05,1.6162649e-05,0.0,0.25,1.572179,1.6244006,1.0823861,-2.0326357,4.5976505,0.5103148751357222,0.12485453034081649,0.3539630836047775,0.09950124688279477,0.4007600738510633,0.12029459997477264,False,"Lung, basal vs Rest","Lung, basal",Rest,Mapk12
386,Ly6d,0.9362,0.06379999999999997,2.6860757924569056,0.0015861948,0.0005564912,0.0,0.25,2.0028298,1.9762096,1.8999368,-5.027184,7.711807,29.83713355048843,10.103574397339777,0.8219326818675355,0.45544472152947757,19.933921349207658,6.856489840355958,False,"Lung, basal vs Rest","Lung, basal",Rest,Ly6d
387,Ttc22,0.936,0.06399999999999995,2.682732247551694,1.7420793e-05,7.5505855e-06,0.0,0.25,1.8606008,1.9833016,1.6302029,-3.603424,6.059119,0.2095548317046689,0.06949293433083963,0.17589576547231275,0.05386533665835384,0.1680633195703983,0.051149459222576174,False,"Lung, basal vs Rest","Lung, basal",Rest,Ttc22
388,Adh6a,0.936,0.06399999999999995,2.682732247551694,2.541733e-05,1.9091773e-05,0.0,0.25,1.3242863,1.4351993,2.1041708,-5.091202,7.721656,0.4180238870792618,0.23017456359102212,0.1628664495114007,0.06807980049875298,0.22887797506256416,0.12754440403435977,False,"Lung, basal vs Rest","Lung, basal",Rest,Adh6a
389,Dusp5,0.936,0.06399999999999995,2.682732247551694,0.00013862415,5.284065e-05,0.0,0.25,1.8830683,1.9467273,1.6711668,-3.8527613,7.413457,1.7589576547231276,0.5203657522859391,0.4419109663409339,0.20232751454696093,1.3290696991569113,0.4520444872538985,False,"Lung, basal vs Rest","Lung, basal",Rest,Dusp5
390,Tfcp2l1,0.936,0.06399999999999995,2.682732247551694,7.455717e-05,2.8217444e-05,0.0,0.25,2.1703236,2.046524,2.0942628,-5.6084986,8.302351,1.0477741585233444,0.2581878636741462,0.38327904451682965,0.11463009143807415,0.7869278463063889,0.18461116867137498,False,"Lung, basal vs Rest","Lung, basal",Rest,Tfcp2l1
391,S100a4,0.9358,0.06420000000000003,2.679398422659016,0.0002660545,0.0001886145,0.0,0.25,1.4235259,1.6335125,2.3303905,-6.148719,7.1348877,3.711183496199784,2.9652535328346112,0.43322475570032587,0.34904405652533266,2.205578328245219,1.8033614373340934,False,"Lung, basal vs Rest","Lung, basal",Rest,S100a4
392,Nabp1,0.9358,0.06420000000000003,2.679398422659016,0.00032326335,0.00010735109,0.0,0.25,1.9888803,2.0069656,1.6296597,-3.2828693,6.7017384,3.907709011943541,1.4052369077306985,0.8208469055374595,0.4220282626766133,3.2590763022316005,1.1455929725602723,False,"Lung, basal vs Rest","Lung, basal",Rest,Nabp1
393,Irak2,0.9358,0.06420000000000003,2.679398422659016,6.452622e-05,2.967916e-05,0.0,0.25,1.439065,1.5610805,1.2046021,-2.94773,5.2405777,0.7611292073832793,0.2953449709060625,0.4375678610206299,0.18512053200332187,0.5787513246387419,0.21554526996185153,False,"Lung, basal vs Rest","Lung, basal",Rest,Irak2
394,Sulf2,0.9358,0.06420000000000003,2.679398422659016,3.7356735e-05,1.428865e-05,0.0,0.25,1.6302892,1.7268438,1.3849127,-3.7467222,6.3697853,0.6145494028230186,0.1523690773067337,0.3268186753528774,0.09617622610141469,0.48293378855585123,0.12103040270799242,False,"Lung, basal vs Rest","Lung, basal",Rest,Sulf2
395,Trim2,0.9358,0.06420000000000003,2.679398422659016,4.030893e-05,1.855278e-05,0.0,0.25,1.4911253,1.6423392,1.6049464,-5.291296,6.167818,0.5678610206297504,0.18254364089775496,0.3007600434310533,0.11446384039900515,0.4407430777017361,0.1571602279265157,False,"Lung, basal vs Rest","Lung, basal",Rest,Trim2
396,Prob1,0.9356,0.06440000000000001,2.676074257008553,1.628091e-05,5.873141e-06,0.0,0.25,1.6105525,1.6898851,1.54167,-5.464712,6.6946936,0.17589576547231275,0.042892768079800525,0.13463626492942457,0.03458021612635097,0.1440759425947033,0.043366740942327946,False,"Lung, basal vs Rest","Lung, basal",Rest,Prob1
397,Susd2,0.9356,0.06440000000000001,2.676074257008553,6.479923e-05,2.326844e-05,0.0,0.25,1.8774297,1.9523144,1.5976073,-3.141902,5.9771633,0.8045602605863195,0.2791354945968374,0.40173724212812173,0.16126350789692376,0.5455408866164124,0.18239142423504245,False,"Lung, basal vs Rest","Lung, basal",Rest,Susd2
398,Mpzl3,0.9356,0.06440000000000001,2.676074257008553,6.6810804e-05,2.966127e-05,0.0,0.25,1.5268023,1.6117344,1.5695786,-3.8649511,6.675192,0.8219326818675355,0.27572734829592327,0.4343105320304019,0.16483790523690675,0.7228645832835685,0.2331071114451914,False,"Lung, basal vs Rest","Lung, basal",Rest,Mpzl3
399,Klhdc8a,0.9356,0.06440000000000001,2.676074257008553,0.0001235974,4.7046236e-05,0.0,0.25,1.6383823,1.7361083,1.2159741,-2.7212458,5.126813,1.9598262757871885,0.5226101413133701,0.5982627578718785,0.22618453865335905,1.3711540382987832,0.3517384557039365,False,"Lung, basal vs Rest","Lung, basal",Rest,Klhdc8a
400,Cib3,0.9356,0.06440000000000001,2.676074257008553,0.00013419449,7.355162e-05,0.0,0.25,1.8279871,1.9902086,2.2675722,-5.49701,9.31236,1.7176981541802394,0.9662510390689761,0.3669923995656896,0.19260182876142581,1.1788900651075422,0.5893467478603964,False,"Lung, basal vs Rest","Lung, basal",Rest,Cib3
401,Fut2,0.9356,0.06440000000000001,2.676074257008553,4.7221027e-05,2.1505684e-05,0.0,0.25,1.5991325,1.7114782,1.6794775,-4.059989,7.0559673,0.4820846905537461,0.1824605153782212,0.23561346362649302,0.11354945968412562,0.3178898325567445,0.1427299944202074,False,"Lung, basal vs Rest","Lung, basal",Rest,Fut2
402,Zranb3,0.9354,0.06459999999999999,2.672759690395094,3.1385745e-05,1.0758634e-05,0.0,0.25,1.7124121,1.8044238,1.4749081,-4.05282,6.435004,0.4386536373507059,0.100000000000001,0.23561346362649302,0.06558603491271792,0.3000395766437526,0.08133522486093257,False,"Lung, basal vs Rest","Lung, basal",Rest,Zranb3
403,Pik3r3,0.9354,0.06459999999999999,2.672759690395094,6.128069e-05,2.4546878e-05,0.0,0.25,1.7229542,1.8410692,1.3677939,-3.0104952,5.512331,0.8414766558089036,0.2665004156275941,0.4408251900108579,0.16857855361595872,0.6043941117833502,0.2128602577749683,False,"Lung, basal vs Rest","Lung, basal",Rest,Pik3r3
404,Metrnl,0.9352,0.06479999999999997,2.669454663171554,0.00013416073,8.8556975e-05,0.0,0.25,1.4134161,1.7328553,1.8781111,-4.4604626,6.440317,2.1976112920738333,1.4261845386533905,0.6753528773072749,0.3487115544471947,1.4099478980776654,0.8998318618008283,False,"Lung, basal vs Rest","Lung, basal",Rest,Metrnl
405,Styk1,0.9352,0.06479999999999997,2.669454663171554,2.1205391e-05,9.4277875e-06,0.0,0.25,1.5338727,1.6387787,1.8119552,-4.7919273,7.429224,0.2627578718783931,0.0814630091438075,0.18132464712269278,0.060515378221113456,0.19276537685624207,0.07054430592908038,False,"Lung, basal vs Rest","Lung, basal",Rest,Styk1
406,Ccdc162,0.9352,0.06479999999999997,2.669454663171554,0.00014384023,4.890403e-05,0.0,0.25,2.487715,2.5821671,2.0516226,-4.602089,7.1714926,2.4245385450597183,0.7031587697422901,0.6872964169381109,0.2527015793848608,1.522690694590312,0.4294160504144075,False,"Lung, basal vs Rest","Lung, basal",Rest,Ccdc162
407,Qsox1,0.9352,0.06479999999999997,2.669454663171554,0.00010933498,4.351661e-05,0.0,0.25,1.5794059,1.6347542,1.4797807,-4.7219152,6.1406803,1.600434310532031,0.433915211970061,0.5200868621064062,0.23532834580215276,1.3384865378576212,0.4214454418554686,False,"Lung, basal vs Rest","Lung, basal",Rest,Qsox1
408,Dgat2,0.935,0.06499999999999995,2.666159116242096,9.642618e-05,4.5253222e-05,0.0,0.25,2.111766,2.3318644,2.000698,-4.3381786,6.9658976,1.4397394136807822,0.5792186201163605,0.5841476655808905,0.2131338320864444,0.9274044061164592,0.3997250895716081,False,"Lung, basal vs Rest","Lung, basal",Rest,Dgat2
409,Slc35f5,0.935,0.06499999999999995,2.666159116242096,4.6397403e-05,2.1429618e-05,0.0,0.25,1.3369882,1.3666091,1.0711617,-2.8451366,5.298519,0.5950054288816505,0.22751454696591655,0.3984799131378937,0.1666666666666655,0.43505888531694337,0.20192896081940725,False,"Lung, basal vs Rest","Lung, basal",Rest,Slc35f5
410,Ly6i,0.935,0.06499999999999995,2.666159116242096,2.7405098e-05,2.1431393e-05,0.0,0.25,1.3194573,1.4278774,2.3798141,-6.0148954,8.320072,0.5559174809989144,0.3519534497090553,0.14440825190010861,0.11604322527016069,0.28936763908914964,0.22329697075086247,False,"Lung, basal vs Rest","Lung, basal",Rest,Ly6i
411,Atp10b,0.935,0.06499999999999995,2.666159116242096,5.6022567e-05,2.0551952e-05,0.0,0.25,2.5667179,2.6683178,2.1941605,-3.4227858,8.297063,0.6178067318132466,0.19326683291770566,0.3561346362649295,0.10532003325020992,0.5362872232151551,0.14392767030238202,False,"Lung, basal vs Rest","Lung, basal",Rest,Atp10b
412,Ahcyl2,0.935,0.06499999999999995,2.666159116242096,0.00024235167,0.0001756755,0.0,0.25,1.0595334,1.2734265,2.0644205,-6.0660753,7.187234,3.1378935939196535,2.4813798836243333,0.6167209554831706,0.4413133832086146,2.2350524730906507,1.6916448755228821,False,"Lung, basal vs Rest","Lung, basal",Rest,Ahcyl2
413,Ctsh,0.935,0.06499999999999995,2.666159116242096,0.00094403035,0.00078510167,0.0,0.25,1.590262,1.9269361,2.3838475,-4.5485544,6.9115877,14.57111834961983,13.26425602659988,0.931596091205212,0.5943474646716074,9.305955897999034,7.735270440406264,False,"Lung, basal vs Rest","Lung, basal",Rest,Ctsh
414,Gpha2,0.935,0.06499999999999995,2.666159116242096,2.449938e-05,1.9630867e-05,0.0,0.25,1.4276426,1.4758501,2.4156837,-5.123008,8.927541,0.4440825190010859,0.2927680798004968,0.14440825190010861,0.062261014131337854,0.2621345498676747,0.18300745281049105,False,"Lung, basal vs Rest","Lung, basal",Rest,Gpha2
415,Edn1,0.935,0.06499999999999995,2.666159116242096,4.908511e-05,3.1223975e-05,0.0,0.25,1.6015087,1.7866125,2.0055363,-5.0708284,7.658558,0.6482084690553748,0.42177888611803477,0.24538545059717706,0.1004987531172088,0.485676365749078,0.3146159842403073,False,"Lung, basal vs Rest","Lung, basal",Rest,Edn1
416,Egln3,0.935,0.06499999999999995,2.666159116242096,6.412433e-05,2.9514253e-05,0.0,0.25,1.5973178,1.6285272,1.5945599,-4.62764,7.46208,0.9619978284473402,0.3068162926018251,0.4006514657980457,0.1412302576891121,0.6959242390183703,0.2514059366606803,False,"Lung, basal vs Rest","Lung, basal",Rest,Egln3
417,Gjb2,0.9348,0.06520000000000004,2.662872991055349,0.00013609008,0.00010836763,0.0,0.25,1.7408334,1.9838414,2.4626915,-5.376601,7.1985044,1.9522258414766565,1.573316708229448,0.5146579804560262,0.25120532003324003,1.2608488214035405,1.0423445969097966,False,"Lung, basal vs Rest","Lung, basal",Rest,Gjb2
418,Dhcr7,0.9348,0.06520000000000004,2.662872991055349,2.4873532e-05,1.2189844e-05,0.0,0.25,1.4190049,1.601203,1.3892636,-4.6393776,5.4619637,0.3224755700325734,0.12493765586035055,0.20086862106406086,0.08046550290939379,0.21553674140156784,0.09988052620251474,False,"Lung, basal vs Rest","Lung, basal",Rest,Dhcr7
419,Klk1,0.9348,0.06520000000000004,2.662872991055349,6.0660022e-05,3.6656347e-05,0.0,0.25,1.8728437,1.9498582,2.6382318,-7.8674726,9.302856,1.1107491856677527,0.511055694098086,0.10749185667752446,0.0562759767248542,0.6223283154276503,0.33070630551343183,False,"Lung, basal vs Rest","Lung, basal",Rest,Klk1
420,Nrip3,0.9348,0.06520000000000004,2.662872991055349,1.2707198e-05,7.0596843e-06,0.0,0.25,1.9427787,2.0787482,2.1520627,-4.4813566,7.4353714,0.1617806731813247,0.06658354114713215,0.11943539630836052,0.035162094763092434,0.10670794902890847,0.046461725276853265,False,"Lung, basal vs Rest","Lung, basal",Rest,Nrip3
421,Adam8,0.9348,0.06520000000000004,2.662872991055349,0.00028022815,9.5921954e-05,0.0,0.25,1.9356476,1.8933358,1.6045297,-4.6644573,7.140279,3.917480998914225,1.195594347464661,0.7676438653637353,0.3655029093931613,3.066573059157068,0.7902523208781642,False,"Lung, basal vs Rest","Lung, basal",Rest,Adam8
422,Cryab,0.9348,0.06520000000000004,2.662872991055349,0.00060058164,0.00024741868,0.0,0.25,1.5126259,1.647963,1.6151431,-5.2552996,6.45347,9.512486427795768,3.937572734829638,0.7654723127035833,0.5382377389858278,6.100393660103589,2.661559493510326,False,"Lung, basal vs Rest","Lung, basal",Rest,Cryab
423,Pinx1,0.9348,0.06520000000000004,2.662872991055349,0.00010162673,4.8875387e-05,0.0,0.25,1.183779,1.261703,0.93814945,-2.8146086,4.5741453,1.4343105320304022,0.5060681629260012,0.5309446254071662,0.255112219451361,0.9461069384345074,0.3824194570175543,False,"Lung, basal vs Rest","Lung, basal",Rest,Pinx1
424,Cldn4,0.9348,0.06520000000000004,2.662872991055349,0.00042055512,0.00016648605,0.0,0.25,2.0802107,2.181313,1.780805,-2.925686,7.0388565,6.090119435396253,2.283956774729874,0.8512486427795877,0.3798836242726278,4.616695044325819,1.5722644817831983,False,"Lung, basal vs Rest","Lung, basal",Rest,Cldn4
425,Acox1,0.9346,0.06540000000000001,2.65959622959775,0.0001494273,6.023711e-05,0.0,0.25,1.6708814,1.7796469,1.279353,-2.7053328,5.248226,2.1802388707926172,0.6793017456358803,0.7285559174809991,0.32734829592683123,1.5192608528799532,0.5238494664213149,False,"Lung, basal vs Rest","Lung, basal",Rest,Acox1
426,Cbx7,0.9346,0.06540000000000001,2.65959622959775,6.2469095e-05,2.7605834e-05,0.0,0.25,1.3441737,1.4131536,0.9668036,-2.6351347,4.342578,0.7611292073832793,0.26783042394014506,0.465798045602606,0.1899418121363222,0.6168188764511535,0.25142941857781603,False,"Lung, basal vs Rest","Lung, basal",Rest,Cbx7
427,Tanc1,0.9344,0.06559999999999999,2.6563287743869615,0.00014473095,5.2355266e-05,0.0,0.25,1.5928918,1.5839477,1.2059597,-2.8013802,6.4180355,1.9978284473398487,0.5523690773067081,0.7176981541802391,0.32576891105567596,1.5426918296934027,0.5197170088244812,False,"Lung, basal vs Rest","Lung, basal",Rest,Tanc1
428,Sdr42e1,0.9344,0.06559999999999999,2.6563287743869615,1.6199258e-05,7.352815e-06,0.0,0.25,1.7190793,1.8255453,1.69821,-5.229347,6.364875,0.1834961997828448,0.05394846217788857,0.1422366992399566,0.03981712385702416,0.13477735631818247,0.04093365498996636,False,"Lung, basal vs Rest","Lung, basal",Rest,Sdr42e1
429,Rap1gap2,0.9344,0.06559999999999999,2.6563287743869615,2.1381407e-05,1.3237995e-05,0.0,0.25,1.6391168,1.739594,2.2286406,-5.5530996,8.201546,0.2790445168295332,0.09842061512884519,0.1845819761129208,0.0646716541978384,0.1938439708726422,0.07508185614589928,False,"Lung, basal vs Rest","Lung, basal",Rest,Rap1gap2
430,Pdzd4,0.9342,0.06579999999999997,2.6530705684654103,2.0066991e-05,6.7708784e-06,0.0,0.25,1.7087249,1.7268386,1.5125397,-4.0413074,7.355448,0.231270358306189,0.04538653366583538,0.17046688382193273,0.038071487946799765,0.19097231665981879,0.04305153267755607,False,"Lung, basal vs Rest","Lung, basal",Rest,Pdzd4
431,Tmem40,0.9342,0.06579999999999997,2.6530705684654103,3.4949982e-05,1.7591132e-05,0.0,0.25,1.5140994,1.681829,1.5289413,-4.2697296,5.984645,0.5092290988056462,0.1334164588528685,0.31813246471226936,0.07622610141313418,0.3340952856204095,0.10303628029062695,False,"Lung, basal vs Rest","Lung, basal",Rest,Tmem40
432,Ces1d,0.9342,0.06579999999999997,2.6530705684654103,0.00030923446,0.00011010548,0.0,0.25,2.8406048,2.7803335,2.4993267,-4.091752,8.72697,4.9098805646036645,1.6604322527016009,0.7144408251900111,0.22892768079799716,3.156928345996525,1.0370965167364368,False,"Lung, basal vs Rest","Lung, basal",Rest,Ces1d
433,Mybl1,0.934,0.06599999999999995,2.6498215553939164,2.0678563e-05,6.916768e-06,0.0,0.25,1.6961548,1.7336736,1.435924,-4.4440775,6.464985,0.20521172638436488,0.06259351620947619,0.14549402823018462,0.049210307564422115,0.17872081580702107,0.051568163625033255,False,"Lung, basal vs Rest","Lung, basal",Rest,Mybl1
434,Zfp750,0.9338,0.06620000000000004,2.646581679245415,0.00015423557,6.853559e-05,0.0,0.25,1.3854878,1.4894147,0.98792684,-2.054203,5.1251764,2.095548317046689,0.6757273482959019,0.6731813246471229,0.28204488778053516,1.4331837945296368,0.5094987121951556,False,"Lung, basal vs Rest","Lung, basal",Rest,Zfp750
435,Mfap3l,0.9338,0.06620000000000004,2.646581679245415,2.5712827e-05,1.1791016e-05,0.0,0.25,1.5968786,1.7017183,1.4369882,-4.5043163,5.2572556,0.3018458197611293,0.06483790523690776,0.21498371335504893,0.04530340814630084,0.2050447958122399,0.05149907864571925,False,"Lung, basal vs Rest","Lung, basal",Rest,Mfap3l
436,Acer3,0.9338,0.06620000000000004,2.646581679245415,7.047588e-05,3.40592e-05,0.0,0.25,1.178351,1.2664285,0.8806329,-2.96496,4.653984,0.9565689467969601,0.35486284289275793,0.42671009771986984,0.21562759767247905,0.6755026921241919,0.29945933597566954,False,"Lung, basal vs Rest","Lung, basal",Rest,Acer3
437,Myo5b,0.9336,0.06640000000000001,2.643350884598785,5.6369347e-05,2.1382984e-05,0.0,0.25,1.804004,1.9021187,1.3910204,-2.3638191,5.217003,0.7578718783930513,0.21496259351620822,0.45168295331161795,0.14297589359933635,0.5118936600812516,0.16402337048477564,False,"Lung, basal vs Rest","Lung, basal",Rest,Myo5b
438,Tmem154,0.9336,0.06640000000000001,2.643350884598785,2.9073712e-05,1.1653844e-05,0.0,0.25,1.4857731,1.5171609,1.1600734,-2.8250523,5.9882517,0.36373507057546156,0.07988362427265203,0.25298588490770907,0.060182876142975475,0.28282424193082445,0.06316003522790671,False,"Lung, basal vs Rest","Lung, basal",Rest,Tmem154
439,Shisa4,0.9336,0.06640000000000001,2.643350884598785,2.5539222e-05,9.513063e-05,0.0,0.25,-1.6911256,-1.7437768,1.923127,-6.587515,5.120427,0.230184581976113,0.7094763092268965,0.1389793702497286,0.35685785536157455,0.16465370842767127,0.932093400191803,False,"Lung, basal vs Rest","Lung, basal",Rest,Shisa4
440,Upk3bl,0.9334,0.06659999999999999,2.6401291165327536,4.473059e-05,2.5769084e-05,0.0,0.25,1.496783,1.6384406,2.0127683,-5.726904,7.5567284,0.3669923995656896,0.2731504571903561,0.12052117263843652,0.08204488778054933,0.23750949835190202,0.16580056287498376,False,"Lung, basal vs Rest","Lung, basal",Rest,Upk3bl
441,Gan,0.9334,0.06659999999999999,2.6401291165327536,8.074423e-05,4.151984e-05,0.0,0.25,1.4266005,1.4934645,1.6983395,-7.7322454,6.905159,0.9391965255157441,0.37339983374895236,0.4408251900108579,0.18254364089775274,0.781996853207903,0.3421060738090704,False,"Lung, basal vs Rest","Lung, basal",Rest,Gan
442,Cd55,0.9334,0.06659999999999999,2.6401291165327536,4.065364e-05,2.808374e-05,0.0,0.25,1.1044234,1.3018489,2.119746,-6.656313,6.7574644,0.6547231270358308,0.28653366583540857,0.23887079261672103,0.1128013300083151,0.42077943742668583,0.20424784992854247,False,"Lung, basal vs Rest","Lung, basal",Rest,Cd55
443,Upk1a,0.9332,0.06679999999999997,2.636916320619904,2.798647e-05,2.244625e-05,0.0,0.25,1.5716181,1.821414,2.4078624,-4.6014223,7.5968065,0.3702497285559176,0.2650041562759754,0.12269272529858853,0.08445552784704989,0.23447150917332538,0.15965610534771438,False,"Lung, basal vs Rest","Lung, basal",Rest,Upk1a
444,Il7r,0.9332,0.06679999999999997,2.636916320619904,4.223901e-05,1.7749255e-05,0.0,0.25,1.6111361,1.6904702,1.4500029,-3.4948072,6.157527,0.457111834961998,0.14829592684954299,0.14983713355048864,0.07140482128013306,0.2778775106661249,0.1005898084553546,False,"Lung, basal vs Rest","Lung, basal",Rest,Il7r
445,Gpr87,0.9332,0.06679999999999997,2.636916320619904,0.00014528705,5.6478853e-05,0.0,0.25,1.6497445,1.6835699,1.2328461,-2.7347364,6.661025,2.2030401737242133,0.6271820448877556,0.7166123778501631,0.3013300083125364,1.4969881662049382,0.5105118309434492,False,"Lung, basal vs Rest","Lung, basal",Rest,Gpr87
446,Krt5,0.9332,0.06679999999999997,2.636916320619904,0.003324321,0.0009688034,0.0,0.25,2.4435897,2.010574,2.4304302,-4.0035353,10.00847,54.681867535287694,10.131421446383778,0.928338762214984,0.7322527015793233,34.890668632393314,10.243681725848301,False,"Lung, basal vs Rest","Lung, basal",Rest,Krt5
447,Epn3,0.9332,0.06679999999999997,2.636916320619904,4.801089e-05,2.3783234e-05,0.0,0.25,1.3580304,1.4515753,1.1984336,-3.92976,6.058378,0.6221498371335507,0.23632585203657297,0.40608034744842575,0.14655029093931934,0.47323891203773516,0.21148482166310098,False,"Lung, basal vs Rest","Lung, basal",Rest,Epn3
448,Scnn1b,0.933,0.06699999999999995,2.633712442920772,2.1034453e-05,1.3085043e-05,0.0,0.25,1.5457844,1.6864653,2.1644776,-6.0371485,7.2794113,0.21389793702497292,0.09850374064837944,0.12812160694896854,0.04821280133000817,0.14435864062619155,0.07547450241590027,False,"Lung, basal vs Rest","Lung, basal",Rest,Scnn1b
449,Gpr155,0.933,0.06699999999999995,2.633712442920772,1.6428832e-05,6.856925e-06,0.0,0.25,1.6625023,1.773139,1.7063165,-4.446991,6.849304,0.23452768729641701,0.0638403990024937,0.13137893593919656,0.0477140482128012,0.16014216803206296,0.0510549399683314,False,"Lung, basal vs Rest","Lung, basal",Rest,Gpr155
450,H2-DMb2,0.9328,0.06720000000000004,2.6305174299780223,9.163425e-05,0.00032089674,0.0,0.25,-1.5867393,-1.5581136,1.4129568,-6.1347895,3.7073164,0.7502714440825192,4.55494596841231,0.35722041259500553,0.6521197007480767,0.5235753181932217,3.0004089530008415,False,"Lung, basal vs Rest","Lung, basal",Rest,H2-DMb2
451,Tubb6,0.9328,0.06720000000000004,2.6305174299780223,2.7421329e-05,8.3622435e-05,0.0,0.25,-1.5827376,-1.6156697,1.3666848,-5.8848743,3.5024776,0.24429967426710106,0.7862842892767731,0.13029315960912055,0.33990024937653895,0.16521585703864158,0.7494694834480693,False,"Lung, basal vs Rest","Lung, basal",Rest,Tubb6
452,Sema3c,0.9328,0.06720000000000004,2.6305174299780223,1.4021974e-05,7.81402e-06,0.0,0.25,1.2609936,1.3136044,2.1971097,-5.836093,7.7566195,0.22366992399565697,0.06716541978387368,0.1389793702497286,0.041645885286783056,0.16417402194965605,0.05596942164301964,False,"Lung, basal vs Rest","Lung, basal",Rest,Sema3c
453,Anxa9,0.9326,0.06740000000000002,2.627331228810728,2.3360519e-05,1.9240702e-05,0.0,0.25,1.1766288,1.3287854,2.246922,-7.913851,7.937256,0.3235613463626494,0.12892768079800548,0.17155266015200873,0.04505403158769736,0.22126371082010746,0.09630844880422501,False,"Lung, basal vs Rest","Lung, basal",Rest,Anxa9
454,Csf2,0.9326,0.06740000000000002,2.627331228810728,3.0107212e-05,1.777554e-05,0.0,0.25,1.9028773,1.8032494,2.513355,-5.261835,8.661661,0.40608034744842575,0.2010806317539482,0.14657980456026062,0.046300914380714785,0.2938788166484631,0.11496867972799454,False,"Lung, basal vs Rest","Lung, basal",Rest,Csf2
455,Fap,0.9324,0.0676,2.6241537869087113,2.7815366e-05,1.0266847e-05,0.0,0.25,1.5334226,1.5934958,1.458746,-6.468404,6.286399,0.229098805646037,0.07065669160432254,0.12595005428881653,0.04721529509559423,0.16528503560027183,0.0563423887749524,False,"Lung, basal vs Rest","Lung, basal",Rest,Fap
456,Actn1,0.9322,0.06779999999999997,2.6209850522269886,6.606163e-05,0.00018123022,0.0,0.25,-1.3825122,-1.4745321,1.1524905,-5.0120306,2.599207,0.6525515743756788,2.1332502078138855,0.38110749185667764,0.6522859517871457,0.51128918771617,1.874473965968323,False,"Lung, basal vs Rest","Lung, basal",Rest,Actn1
457,Add3,0.9322,0.06779999999999997,2.6209850522269886,0.00013271901,5.1414354e-05,0.0,0.25,1.5183343,1.5064197,1.1560479,-2.5182648,5.5838747,1.7774158523344197,0.5034912718204299,0.6460369163952228,0.2745635910224312,1.321874178398167,0.4618731375125178,False,"Lung, basal vs Rest","Lung, basal",Rest,Add3
458,Scgb1c1,0.9322,0.06779999999999997,2.6209850522269886,9.136707e-05,5.7672733e-05,0.0,0.25,1.6143649,1.8326035,2.2161648,-4.5796185,6.8869934,0.5613463626492944,0.5128013300083072,0.12052117263843652,0.08520365752286041,0.3430119452678213,0.31721765576270117,False,"Lung, basal vs Rest","Lung, basal",Rest,Scgb1c1
459,Prss22,0.9322,0.06779999999999997,2.6209850522269886,4.041976e-05,2.417847e-05,0.0,0.25,1.7176969,1.7033658,2.127619,-6.019246,9.881154,0.6373507057546147,0.23192019950124665,0.22149837133550496,0.06982543640897752,0.4192703928084499,0.16875963309678915,False,"Lung, basal vs Rest","Lung, basal",Rest,Prss22
460,Dusp6,0.9322,0.06779999999999997,2.6209850522269886,0.00014438892,5.212788e-05,0.0,0.25,1.9070215,1.8015046,1.6121972,-2.7417898,7.6499376,1.9793702497285566,0.46309226932667014,0.5754614549402824,0.22851205320032472,1.408076010776059,0.4670070390874406,False,"Lung, basal vs Rest","Lung, basal",Rest,Dusp6
461,Pgam2,0.932,0.06799999999999995,2.6178249731802863,3.7772286e-05,1.6555558e-05,0.0,0.25,1.5139011,1.5276842,2.003424,-4.9984055,7.423524,0.8197611292073835,0.208728179551122,0.1845819761129208,0.05835411471321658,0.4700710017978955,0.12665976008293633,False,"Lung, basal vs Rest","Lung, basal",Rest,Pgam2
462,Cast,0.932,0.06799999999999995,2.6178249731802863,0.00026943363,0.00011081807,0.0,0.25,1.5240324,1.612186,1.1407161,-2.7630653,4.865018,3.880564603691641,1.3441396508728436,0.8794788273615638,0.5010806317539116,2.936273119621144,1.146304617843811,False,"Lung, basal vs Rest","Lung, basal",Rest,Cast
463,Paqr5,0.932,0.06799999999999995,2.6178249731802863,3.2337244e-05,1.2043724e-05,0.0,0.25,2.224194,2.35882,1.8760701,-3.17451,7.5055046,0.5103148751357222,0.135993349958438,0.29315960912052125,0.07714048212801371,0.35315371856497135,0.09327093365020431,False,"Lung, basal vs Rest","Lung, basal",Rest,Paqr5
464,Arrdc3,0.9318,0.06820000000000004,2.6146734986376408,0.00020068439,7.2645154e-05,0.0,0.25,1.6310914,1.6272206,1.3369285,-2.8388424,5.8210783,2.567861020629751,0.6622610141313119,0.7144408251900111,0.3063175394846057,2.0841202485690817,0.6258530904094696,False,"Lung, basal vs Rest","Lung, basal",Rest,Arrdc3
465,F3,0.9318,0.06820000000000004,2.6146734986376408,0.00029485417,9.601845e-05,0.0,0.25,2.2816133,2.08778,1.9850302,-4.1968975,10.317384,4.971769815418006,0.7733167082294059,0.6514657980456028,0.24812967581046394,3.106410689236069,0.8170357217560273,False,"Lung, basal vs Rest","Lung, basal",Rest,F3
466,Slc12a2,0.9318,0.06820000000000004,2.6146734986376408,0.00015453927,4.7432193e-05,0.0,0.25,1.7405798,1.7059565,2.0595047,-5.7017393,8.530869,2.4918566775244306,0.47672485453032837,0.3919652551574377,0.2004987531172022,1.925592165633769,0.46290504710260316,False,"Lung, basal vs Rest","Lung, basal",Rest,Slc12a2
467,G6pdx,0.9318,0.06820000000000004,2.6146734986376408,4.5829867e-05,1.9475501e-05,0.0,0.25,1.3836058,1.5358806,0.7777353,-1.9235191,3.4728851,0.6297502714440827,0.2197007481296737,0.3930510314875137,0.16550290939318266,0.4172376947618676,0.17163500680760543,False,"Lung, basal vs Rest","Lung, basal",Rest,G6pdx
468,Ide,0.9318,0.06820000000000004,2.6146734986376408,0.00017832704,7.834403e-05,0.0,0.25,1.4945985,1.5697832,1.3206812,-5.236662,5.749645,2.606948968512487,0.8690773067331291,0.7426710097719872,0.3747298420614895,1.8851722590220887,0.7709725028569676,False,"Lung, basal vs Rest","Lung, basal",Rest,Ide
469,Sat1,0.9316,0.06840000000000002,2.611530577917082,0.0006451759,0.0002583488,0.0,0.25,1.7120737,1.7994957,1.4459022,-2.9413414,6.134736,8.689467969598173,3.583624272651772,0.8751357220412598,0.5661679135494159,6.681407788171137,2.77011789832127,False,"Lung, basal vs Rest","Lung, basal",Rest,Sat1
470,Pax6,0.9316,0.06840000000000002,2.611530577917082,3.390162e-05,1.343058e-05,0.0,0.25,1.5190511,1.622798,1.120446,-2.9597664,5.304103,0.3322475570032574,0.09725685785536232,0.1639522258414767,0.059684123025768504,0.20457914621736992,0.08382552441527681,False,"Lung, basal vs Rest","Lung, basal",Rest,Pax6
471,Lhfpl1,0.9316,0.06840000000000002,2.611530577917082,2.169603e-05,7.502501e-06,0.0,0.25,1.7155508,1.6042871,1.4124345,-3.163022,7.1409874,0.3322475570032574,0.055694098088112924,0.23561346362649302,0.045968412302576804,0.222528018492347,0.05483708758232115,False,"Lung, basal vs Rest","Lung, basal",Rest,Lhfpl1
472,Xkrx,0.9316,0.06840000000000002,2.611530577917082,1.4668186e-05,8.889481e-06,0.0,0.25,1.2836908,1.4286528,1.7659078,-6.6115847,6.4464893,0.19326818675352883,0.05876974231088929,0.1411509229098806,0.037572734829592794,0.13360175904274238,0.049820450911683245,False,"Lung, basal vs Rest","Lung, basal",Rest,Xkrx
473,Ccng1,0.9316,0.06840000000000002,2.611530577917082,0.00023952458,9.944873e-05,0.0,0.25,1.3650507,1.4334483,0.9467079,-2.6152592,4.024316,2.8642779587405003,1.1437240232751287,0.7980456026058634,0.46184538653363316,2.1063939414901975,0.8782825109825293,False,"Lung, basal vs Rest","Lung, basal",Rest,Ccng1
474,Lcn2,0.9314,0.0686,2.608396160780379,0.00013543134,7.346701e-05,0.0,0.25,1.9267703,1.6912384,2.4872324,-5.7122335,10.590547,1.2204125950054292,0.9855361596009907,0.11400651465798049,0.10149625935162282,0.7556957248272325,0.7666628842172416,False,"Lung, basal vs Rest","Lung, basal",Rest,Lcn2
475,Plk3,0.9312,0.06879999999999997,2.6052701974278807,2.963379e-05,1.5052883e-05,0.0,0.25,1.5205281,1.5991282,1.943479,-5.0515766,7.5412073,0.31921824104234536,0.15062344139650916,0.20086862106406086,0.08628428927680894,0.2687765342571968,0.11420680238489754,False,"Lung, basal vs Rest","Lung, basal",Rest,Plk3
476,Pcolce,0.9312,0.06879999999999997,2.6052701974278807,4.2089487e-05,1.4755425e-05,0.0,0.25,1.814957,1.8102837,1.9310414,-5.5198164,8.6658125,0.6123778501628666,0.09858686616791404,0.19326818675352883,0.05012468827930156,0.3816715152901486,0.08651021208452135,False,"Lung, basal vs Rest","Lung, basal",Rest,Pcolce
477,Zbtb32,0.931,0.06899999999999995,2.6021526384934215,1.0441839e-05,5.7593415e-06,0.0,0.25,1.2663323,1.3757076,1.9387265,-5.2960587,7.1150227,0.19218241042345283,0.04987531172069815,0.13789359391965259,0.035162094763092434,0.1503441002263728,0.030745667141437612,False,"Lung, basal vs Rest","Lung, basal",Rest,Zbtb32
478,Pttg1ip,0.9308,0.06920000000000004,2.5990434350392984,0.00019419375,9.298891e-05,0.0,0.25,1.2745634,1.3672891,0.9948398,-2.547758,4.513589,3.1476655808903375,1.1566916043225188,0.7752442996742673,0.4680798004987198,2.193523884916674,0.9174636197883053,False,"Lung, basal vs Rest","Lung, basal",Rest,Pttg1ip
479,Grb7,0.9308,0.06920000000000004,2.5990434350392984,8.1462145e-05,3.9094837e-05,0.0,0.25,1.2636678,1.3633356,1.0049638,-3.255725,4.4273157,1.0597176981541805,0.4263507896924206,0.5559174809989144,0.2599334995843613,0.8206268837748517,0.3376323933524887,False,"Lung, basal vs Rest","Lung, basal",Rest,Grb7
480,Rassf3,0.9308,0.06920000000000004,2.5990434350392984,0.00011517302,4.692485e-05,0.0,0.25,1.6210954,1.7245579,1.3203669,-3.7905254,5.431115,1.4994571118349624,0.5958437240232496,0.6438653637350708,0.304156275976709,1.1728607264425552,0.44240955527385534,False,"Lung, basal vs Rest","Lung, basal",Rest,Rassf3
481,Krtdap,0.9306,0.06940000000000002,2.595942538551336,0.00034490853,0.0002512392,0.0,0.25,1.1189826,1.10713,2.682512,-9.511766,10.554715,7.9739413680781475,4.386616791354916,0.22041259500542895,0.18869492934330487,3.871621051251735,3.142929802024321,False,"Lung, basal vs Rest","Lung, basal",Rest,Krtdap
482,Tchh,0.9306,0.06940000000000002,2.595942538551336,0.00016335312,6.355312e-05,0.0,0.25,1.728254,1.7290192,1.6313467,-4.221589,8.002783,2.2095548317046694,0.6456359102244232,0.5700325732899024,0.19068994181213259,1.9789408981172212,0.5619266553597518,False,"Lung, basal vs Rest","Lung, basal",Rest,Tchh
483,Trim16,0.9304,0.0696,2.5928499009339956,2.2361704e-05,1.0317157e-05,0.0,0.25,1.6791503,1.8135538,1.8844012,-5.66352,6.8979216,0.33550488599348544,0.0923524522028267,0.21715526601520094,0.057107231920199154,0.24294859378614952,0.06812059735945966,False,"Lung, basal vs Rest","Lung, basal",Rest,Trim16
484,Psmb10,0.9304,0.0696,2.5928499009339956,0.000106124164,0.00031652406,0.0,0.25,-1.4359654,-1.437635,1.0446036,-5.1694183,2.9023504,1.4918566775244304,4.569825436409003,0.6275787187839307,0.7686616791354292,1.0284959468374786,3.3758082424411784,False,"Lung, basal vs Rest","Lung, basal",Rest,Psmb10
485,Trim35,0.9302,0.06979999999999997,2.5897654745055814,2.0436297e-05,4.919616e-05,0.0,0.25,-1.2730677,-1.3697805,1.0595641,-4.4248734,3.0184937,0.19001085776330082,0.446051537822093,0.15200868621064065,0.2832917705735525,0.17095339730890355,0.4612846423511955,False,"Lung, basal vs Rest","Lung, basal",Rest,Trim35
486,Fads6,0.93,0.06999999999999995,2.586689211993499,3.8399634e-05,1.5403592e-05,0.0,0.25,1.5648766,1.6015997,1.3700112,-3.2812958,5.803814,0.4201954397394138,0.1451371571072327,0.27144408251900115,0.10806317539484848,0.30820809243964636,0.1107534860702956,False,"Lung, basal vs Rest","Lung, basal",Rest,Fads6
487,Plagl2,0.93,0.06999999999999995,2.586689211993499,3.4248613e-05,1.5912197e-05,0.0,0.25,1.2408618,1.3076768,0.9651583,-2.755372,4.541231,0.44733984799131393,0.17913549459684025,0.31161780673181333,0.13391521197007714,0.33212886400508673,0.15074309239994613,False,"Lung, basal vs Rest","Lung, basal",Rest,Plagl2
488,Dpp4,0.93,0.06999999999999995,2.586689211993499,8.9381996e-05,3.7630507e-05,0.0,0.25,1.9518642,2.0302825,1.8310561,-4.772485,7.5652037,1.3018458197611296,0.4315876974230998,0.5146579804560262,0.17838736492102833,0.9117194426486833,0.27480364448200123,False,"Lung, basal vs Rest","Lung, basal",Rest,Dpp4
489,Echdc3,0.9298,0.07020000000000004,2.583621066529587,2.8042963e-05,1.3330739e-05,0.0,0.25,1.3366246,1.4373631,1.4074112,-5.4357967,7.015177,0.3669923995656896,0.12942643391521336,0.22366992399565697,0.08196176226101483,0.2566333567261855,0.1009751791298005,False,"Lung, basal vs Rest","Lung, basal",Rest,Echdc3
490,Tyro3,0.9298,0.07020000000000004,2.583621066529587,2.616418e-05,1.2239791e-05,0.0,0.25,1.580827,1.714313,1.7741724,-5.221903,6.540531,0.3018458197611293,0.07223607647547803,0.21498371335504893,0.0477971737323357,0.23531549939797747,0.059472763657119086,False,"Lung, basal vs Rest","Lung, basal",Rest,Tyro3
491,Vill,0.9298,0.07020000000000004,2.583621066529587,2.0027346e-05,1.2426115e-05,0.0,0.25,1.423924,1.5962815,2.03446,-6.0190477,7.598549,0.17263843648208474,0.041230257689110615,0.12595005428881653,0.02477140482128027,0.13964829078085494,0.03155935024660734,False,"Lung, basal vs Rest","Lung, basal",Rest,Vill
492,Igdcc4,0.9296,0.07040000000000002,2.5805609916455206,1.7513583e-05,5.089565e-05,0.0,0.25,-1.3164134,-1.3957548,1.9368703,-7.3776636,5.9298,0.13137893593919656,0.39334995843722453,0.10314875135722044,0.265669160432241,0.11984832509491933,0.5248827364246397,False,"Lung, basal vs Rest","Lung, basal",Rest,Igdcc4
493,Apobr,0.9296,0.07040000000000002,2.5805609916455206,2.1611204e-05,1.0957699e-05,0.0,0.25,1.9323242,1.9620934,2.069408,-4.177186,7.3921127,0.2823018458197612,0.09916874480465553,0.1661237785016287,0.05702410640066466,0.2065195080587055,0.07278043504551657,False,"Lung, basal vs Rest","Lung, basal",Rest,Apobr
494,Bcl2a1a,0.9296,0.07040000000000002,2.5805609916455206,0.00016651495,0.00011145706,0.0,0.25,1.562953,1.6126981,2.5982442,-6.8147497,8.736442,2.7263843648208477,1.5717373233582874,0.5266015200868622,0.2462177888611707,1.6010350486865885,0.9455936485972811,False,"Lung, basal vs Rest","Lung, basal",Rest,Bcl2a1a
495,Serpinb8,0.9296,0.07040000000000002,2.5805609916455206,2.8777158e-05,2.030262e-05,0.0,0.25,1.3639125,1.4242053,2.0658567,-5.874571,7.2038145,0.42996742671009786,0.16408977556109744,0.2540716612377851,0.07847049044056574,0.3372019129281452,0.12426085715647903,False,"Lung, basal vs Rest","Lung, basal",Rest,Serpinb8
496,Bmp6,0.9294,0.0706,2.5775089412682624,1.4417368e-05,5.9173226e-06,0.0,0.25,1.5506043,1.6150236,1.5284264,-4.1012297,7.768626,0.23452768729641701,0.05203657522859516,0.14983713355048864,0.03881961762261022,0.17294833323199124,0.04403871842183485,False,"Lung, basal vs Rest","Lung, basal",Rest,Bmp6
497,Btc,0.9294,0.0706,2.5775089412682624,2.9711005e-05,1.3053088e-05,0.0,0.25,1.742684,1.72468,1.4511434,-3.1898575,5.1448994,0.45494028230184597,0.16799667497921844,0.2823018458197612,0.11978387364921328,0.303073181622891,0.11720430267335305,False,"Lung, basal vs Rest","Lung, basal",Rest,Btc
498,Apoe,0.9294,0.0706,2.5775089412682624,0.00022982131,0.0012571523,0.0,0.25,-1.6535748,-1.6745801,2.2801175,-7.9987154,6.4406424,2.4603691639522265,10.964256026599852,0.3289902280130294,0.6228595178719368,1.670801255823331,16.60364716284189,False,"Lung, basal vs Rest","Lung, basal",Rest,Apoe
499,Mindy1,0.9292,0.07079999999999997,2.5744648697155985,5.1087933e-05,2.288209e-05,0.0,0.25,1.2828014,1.3481784,0.9258898,-2.055005,3.940382,0.7600434310532033,0.24679966749791843,0.461454940282302,0.1822111388196148,0.5550325289729543,0.22094074676337364,False,"Lung, basal vs Rest","Lung, basal",Rest,Mindy1
500,Pdlim2,0.9292,0.07079999999999997,2.5744648697155985,7.1582086e-05,2.9727546e-05,0.0,0.25,1.5302076,1.6016135,1.2594844,-3.2042046,6.50113,1.185667752442997,0.34546965918536293,0.47774158523344207,0.1814630091438044,0.7312633665111463,0.25849706841187825,False,"Lung, basal vs Rest","Lung, basal",Rest,Pdlim2
501,Pigz,0.929,0.07099999999999995,2.571428731691726,4.0936367e-05,2.6199625e-05,0.0,0.25,1.7680229,2.0376673,2.247846,-4.9424696,6.770482,0.27144408251900115,0.2733998337489582,0.14549402823018462,0.12884455527847335,0.18090838666864706,0.17242128251323363,False,"Lung, basal vs Rest","Lung, basal",Rest,Pigz
502,St3gal5,0.929,0.07099999999999995,2.571428731691726,2.864927e-05,1.4684518e-05,0.0,0.25,1.7613752,1.9326077,1.7777804,-3.9636803,6.565426,0.24647122692725307,0.09617622610141359,0.13680781758957658,0.05153782211138798,0.2054726050021101,0.06725031936611425,False,"Lung, basal vs Rest","Lung, basal",Rest,St3gal5
503,Sdc1,0.929,0.07099999999999995,2.571428731691726,0.00018122622,7.755308e-05,0.0,0.25,1.4658971,1.4713473,1.3587601,-3.6352425,6.383589,1.9087947882736163,0.6153782211138608,0.6167209554831706,0.26650041562758586,1.4502103517876979,0.6185041847399724,False,"Lung, basal vs Rest","Lung, basal",Rest,Sdc1
504,Arrdc2,0.9288,0.07120000000000004,2.568400482282903,4.4861998e-05,2.0004565e-05,0.0,0.25,1.5279415,1.6408377,1.5214205,-5.5322247,5.9495277,0.6102062975027146,0.21246882793017316,0.3333333333333334,0.1292601828761458,0.5342570653905071,0.1718407980852935,False,"Lung, basal vs Rest","Lung, basal",Rest,Arrdc2
505,Afdn,0.9286,0.07140000000000002,2.5653800769531694,0.0002226005,9.6498916e-05,0.0,0.25,1.3753314,1.3885713,1.1743057,-3.1780748,5.3666773,3.038002171552661,0.9068162926017774,0.8067318132464715,0.44779717373230465,2.2845609556410253,0.8770428008971305,False,"Lung, basal vs Rest","Lung, basal",Rest,Afdn
506,Cdh17,0.9286,0.07140000000000002,2.5653800769531694,0.00013149077,6.5746135e-05,0.0,0.25,1.9726933,2.193912,1.9900062,-5.556014,7.227415,1.5374592833876226,0.7379052369077098,0.49402823018458214,0.23690773067330803,1.044881968242208,0.4847400197277298,False,"Lung, basal vs Rest","Lung, basal",Rest,Cdh17
507,Cgn,0.9286,0.07140000000000002,2.5653800769531694,7.919767e-05,3.4555345e-05,0.0,0.25,1.459818,1.5275793,1.2430432,-3.1009827,5.3521166,1.0586319218241045,0.3688279301745522,0.5635179153094464,0.22809642560265228,0.8514303478626342,0.34188102969267853,False,"Lung, basal vs Rest","Lung, basal",Rest,Cgn
508,Lifr,0.9286,0.07140000000000002,2.5653800769531694,0.0009482818,0.00042254015,0.0,0.25,1.5407119,1.3286667,2.3218875,-5.5903225,9.29126,13.248642779587298,3.042809642560322,0.7318132464712271,0.6200332502077642,8.984428074967441,3.926850332608231,False,"Lung, basal vs Rest","Lung, basal",Rest,Lifr
509,Ramp1,0.9284,0.0716,2.562367471540107,2.6538324e-05,1.5889293e-05,0.0,0.25,1.1926705,1.2629681,2.3105125,-6.2770376,8.423137,0.3517915309446255,0.11845386533665898,0.12920738327904455,0.05078969243557752,0.23831982152530007,0.0717951652303965,False,"Lung, basal vs Rest","Lung, basal",Rest,Ramp1
510,Gm14137,0.9284,0.0716,2.562367471540107,2.4147865e-05,1.3928607e-05,0.0,0.25,1.3923383,1.5263109,1.8214918,-5.254407,7.649906,0.3083604777415853,0.1418952618453871,0.21389793702497292,0.08229426433915284,0.25298790364759,0.10117940506070135,False,"Lung, basal vs Rest","Lung, basal",Rest,Gm14137
511,Fkbp1a,0.9284,0.0716,2.562367471540107,7.731357e-05,0.00018007174,0.0,0.25,-1.1501576,-1.2363377,0.827417,-3.6675463,2.935748,0.6536373507057548,1.9999168744805602,0.3724212812160696,0.6693266832917157,0.4382304999614146,1.677804685962694,False,"Lung, basal vs Rest","Lung, basal",Rest,Fkbp1a
512,Trp53inp2,0.9282,0.07179999999999997,2.559362622250681,0.0001399711,6.7264395e-05,0.0,0.25,1.3612229,1.4374361,1.2147623,-3.6543264,5.843668,1.8023887079261678,0.7063175394845919,0.6330076004343107,0.3334164588528489,1.3140347585347667,0.6143529210946735,False,"Lung, basal vs Rest","Lung, basal",Rest,Trp53inp2
513,Aqp3,0.928,0.07199999999999995,2.556365485657129,0.00012903597,5.649062e-05,0.0,0.25,1.6831781,1.7837019,1.6819543,-3.5716524,7.0773296,1.1226927252985888,0.377805486284286,0.2073832790445169,0.08528678304239491,0.8457851991922001,0.26588187980920636,False,"Lung, basal vs Rest","Lung, basal",Rest,Aqp3
514,Spns3,0.928,0.07199999999999995,2.556365485657129,3.1177173e-05,2.3810599e-05,0.0,0.25,1.3759756,1.5585794,1.9955677,-4.5860176,6.9806795,0.2616720955483171,0.31695760598503314,0.1400651465798046,0.14438902743142265,0.16037282201776987,0.2061642148586704,False,"Lung, basal vs Rest","Lung, basal",Rest,Spns3
515,Sdr9c7,0.928,0.07199999999999995,2.556365485657129,4.6909372e-05,2.6785592e-05,0.0,0.25,1.5438964,1.7126732,2.0819674,-5.099086,8.966722,0.6644951140065148,0.19434746467165417,0.3007600434310533,0.07780548628428972,0.38607822455993857,0.12057555437772238,False,"Lung, basal vs Rest","Lung, basal",Rest,Sdr9c7
516,Rbp1,0.9278,0.07220000000000004,2.5533760186929015,0.00015705533,0.0005453722,0.0,0.25,-1.1255916,-1.2744279,2.0077817,-6.515422,4.9783773,0.7155266015200871,3.9909393183707773,0.20412595005428888,0.5922693266832452,0.48420716895719834,5.257648438528751,False,"Lung, basal vs Rest","Lung, basal",Rest,Rbp1
517,Dtx3,0.9278,0.07220000000000004,2.5533760186929015,1.829088e-05,4.862673e-05,0.0,0.25,-1.3751025,-1.48635,1.2672639,-5.1023016,4.195839,0.16720955483170472,0.4505403158769569,0.12486427795874054,0.28362427265169043,0.13602099497351086,0.4630994257809754,False,"Lung, basal vs Rest","Lung, basal",Rest,Dtx3
518,Syngr1,0.9278,0.07220000000000004,2.5533760186929015,4.887438e-05,2.224615e-05,0.0,0.25,1.5705328,1.7038946,1.4485376,-5.0575933,7.543764,0.49728555917481015,0.19684123025768757,0.24972855591748108,0.11330008312552212,0.30003307592517403,0.15983752193581177,False,"Lung, basal vs Rest","Lung, basal",Rest,Syngr1
519,Alas1,0.9278,0.07220000000000004,2.5533760186929015,0.0003018729,0.00011139288,0.0,0.25,1.852083,2.0740943,1.2319598,-2.0114899,4.4620447,4.80347448425622,1.5413965087282222,0.8154180238870795,0.47306733167078907,3.1690177120888667,1.08969033173159,False,"Lung, basal vs Rest","Lung, basal",Rest,Alas1
520,Upp1,0.9278,0.07220000000000004,2.5533760186929015,4.108481e-05,4.4367804e-05,0.0,0.25,1.0586582,1.2506247,2.255392,-6.9262905,7.485379,0.5396308360477743,0.6041562759767163,0.231270358306189,0.12876142975893887,0.34305570443359407,0.37524753229665525,False,"Lung, basal vs Rest","Lung, basal",Rest,Upp1
521,Ppp1r14d,0.9276,0.07240000000000002,2.550394178648677,2.0900374e-05,1.3375984e-05,0.0,0.25,1.2229218,1.4368386,1.5696532,-5.9054146,5.304266,0.29858849077090127,0.1539484621778891,0.19978284473398486,0.09201995012468958,0.18747147294365168,0.10409910683977996,False,"Lung, basal vs Rest","Lung, basal",Rest,Ppp1r14d
522,Lgals9,0.9276,0.07240000000000002,2.550394178648677,3.5431025e-05,0.00012988475,0.0,0.25,-1.4669406,-1.657486,1.7772597,-5.7736273,4.7514286,0.33767643865363745,0.9473815461346131,0.19652551574375685,0.40972568578550905,0.22914184590133202,1.16523441340748,False,"Lung, basal vs Rest","Lung, basal",Rest,Lgals9
523,Sncg,0.9274,0.0726,2.5474199231684067,0.00032138795,0.00024477454,0.0,0.25,1.6166455,1.8914905,2.1860166,-4.9347687,7.1431437,2.171552660152009,2.8590191188695013,0.2768729641693812,0.23615960099749764,1.734284416616846,1.9876274045385485,False,"Lung, basal vs Rest","Lung, basal",Rest,Sncg
524,Zfp185,0.9274,0.0726,2.5474199231684067,1.1772792e-05,6.0606494e-06,0.0,0.25,1.716654,1.7248688,1.8989075,-5.409754,8.513302,0.1422366992399566,0.0364089775561098,0.11292073832790449,0.027348295926849727,0.097257773797587,0.03544622510662571,False,"Lung, basal vs Rest","Lung, basal",Rest,Zfp185
525,Niban2,0.9274,0.0726,2.5474199231684067,8.896511e-05,4.553851e-05,0.0,0.25,1.2371829,1.3091655,1.2124455,-3.4370222,5.9418697,1.163952225841477,0.5247714048212611,0.5385450597176983,0.2823773898586731,0.8600712264413009,0.45770911440221607,False,"Lung, basal vs Rest","Lung, basal",Rest,Niban2
526,Fgfr3,0.9274,0.0726,2.5474199231684067,1.8552004e-05,7.814099e-06,0.0,0.25,1.7213732,1.7892337,1.7138302,-4.2517767,6.652753,0.22692725298588498,0.04779717373233579,0.15092290988056464,0.030922693266833168,0.14364251962478458,0.03728800793043532,False,"Lung, basal vs Rest","Lung, basal",Rest,Fgfr3
527,Scd1,0.927,0.07299999999999995,2.5414939982186593,0.00020970602,8.918573e-05,0.0,0.25,1.5055296,1.5771956,1.2901869,-3.680832,5.8961744,2.4082519001085783,0.9655860349126766,0.697068403908795,0.3762261014131103,1.7467347862828164,0.7778621310413313,False,"Lung, basal vs Rest","Lung, basal",Rest,Scd1
528,Skint3,0.9268,0.07320000000000004,2.5385422457687565,0.00013117323,5.44268e-05,0.0,0.25,1.6490695,1.6522894,1.742211,-4.8727455,8.153571,1.5732899022801308,0.38354114713216364,0.49511400651465814,0.13649210307564627,1.279136044067521,0.3508466976021658,False,"Lung, basal vs Rest","Lung, basal",Rest,Skint3
529,Creg1,0.9266,0.07340000000000002,2.5355979119144485,0.0002577226,0.000108476255,0.0,0.25,1.6466715,1.689053,1.4840689,-4.0121336,5.7174215,3.9945711183496213,1.6177057356608884,0.7861020629750274,0.4720698254363752,2.363004686572991,1.0288389528144892,False,"Lung, basal vs Rest","Lung, basal",Rest,Creg1
530,Tmco4,0.9266,0.07340000000000002,2.5355979119144485,2.7443135e-05,1.2609562e-05,0.0,0.25,1.2755114,1.3152323,0.9260566,-2.702259,4.124688,0.40608034744842575,0.1403158769742319,0.3018458197611293,0.11396508728179813,0.27997407920908834,0.12384621303062178,False,"Lung, basal vs Rest","Lung, basal",Rest,Tmco4
531,Cryl1,0.9266,0.07340000000000002,2.5355979119144485,0.00020737416,8.4388004e-05,0.0,0.25,1.4470925,1.4536195,0.99684364,-2.3098497,4.8832083,3.486427795874051,1.0502909393183357,0.7622149837133553,0.4261845386533377,2.2907158015616527,0.7863073542747178,False,"Lung, basal vs Rest","Lung, basal",Rest,Cryl1
532,Tpm2,0.9264,0.0736,2.5326609560088174,0.00020469415,0.00087550544,0.0,0.25,-1.5775608,-1.6871438,1.8490511,-6.3843985,4.66298,1.9565689467969605,7.661512884455417,0.42888165038002185,0.7649210307563772,1.1823462482274203,8.332065668168221,False,"Lung, basal vs Rest","Lung, basal",Rest,Tpm2
533,Wwc1,0.9264,0.0736,2.5326609560088174,8.3559775e-05,3.873454e-05,0.0,0.25,1.3884941,1.5077424,1.2033191,-3.492096,5.386238,1.0879478827361566,0.38320864505402114,0.5613463626492944,0.22003325020780692,0.8183964030388342,0.33715614908818775,False,"Lung, basal vs Rest","Lung, basal",Rest,Wwc1
534,Arsg,0.9262,0.07379999999999998,2.529731337735684,2.1348278e-05,1.0856014e-05,0.0,0.25,1.4827046,1.629931,1.6124815,-3.8164778,6.5604467,0.233441910966341,0.11280133000831388,0.16938110749185672,0.08387364921030838,0.17993562859624151,0.08161243781996938,False,"Lung, basal vs Rest","Lung, basal",Rest,Arsg
535,Pgd,0.926,0.07399999999999995,2.5268090171060202,8.809393e-05,4.543101e-05,0.0,0.25,1.0553681,1.1668901,0.7822,-2.1548786,3.0769281,1.3300760043431057,0.5581047381545877,0.6264929424538547,0.3337489609309868,0.9183887563797808,0.43972464570229863,False,"Lung, basal vs Rest","Lung, basal",Rest,Pgd
536,Srms,0.9258,0.07420000000000004,2.523893954454423,1.5483143e-05,6.258797e-06,0.0,0.25,2.2391105,2.4232855,2.2135425,-4.8517914,8.136369,0.17698154180238876,0.050041562759767226,0.12703583061889254,0.03699085619285133,0.11034324857099416,0.029922539545471034,False,"Lung, basal vs Rest","Lung, basal",Rest,Srms
537,Cmpk1,0.9258,0.07420000000000004,2.523893954454423,0.0002050716,8.515399e-05,0.0,0.25,1.4523995,1.5352974,1.1272069,-3.6955738,4.538975,3.5450597176981553,1.2280964256026532,0.8186753528773075,0.48877805486280734,2.2807765425887117,0.8593686482039051,False,"Lung, basal vs Rest","Lung, basal",Rest,Cmpk1
538,Egr3,0.9256,0.07440000000000002,2.52098611043563,0.00013916372,6.992892e-05,0.0,0.25,1.5743395,1.6092758,1.8115243,-4.5713186,7.3399334,1.4549402823018462,0.5645885286782873,0.38436482084690565,0.2244389027431348,1.1547260995655635,0.58643865497767,False,"Lung, basal vs Rest","Lung, basal",Rest,Egr3
539,Amt,0.9256,0.07440000000000002,2.52098611043563,1.2296847e-05,6.7093133e-06,0.0,0.25,1.3802506,1.541995,1.4493918,-3.3697844,5.4710836,0.1639522258414767,0.055777223607647454,0.13463626492942457,0.043724023275145435,0.11667899474634819,0.045540285565634615,False,"Lung, basal vs Rest","Lung, basal",Rest,Amt
540,Pebp4,0.9256,0.07440000000000002,2.52098611043563,2.3820876e-05,1.0185685e-05,0.0,0.25,2.0450058,2.1589193,1.9334544,-4.2629843,7.021799,0.3279044516829534,0.13391521197007536,0.14766558089033663,0.06566916043225242,0.19631773032835131,0.07761576619245385,False,"Lung, basal vs Rest","Lung, basal",Rest,Pebp4
541,Reep4,0.9256,0.07440000000000002,2.52098611043563,5.224334e-05,2.706409e-05,0.0,0.25,1.177495,1.2844448,1.1084172,-3.481866,4.33473,0.706840390879479,0.2929343308395623,0.40499457111834974,0.17597672485452817,0.4911780840591472,0.2119223153197828,False,"Lung, basal vs Rest","Lung, basal",Rest,Reep4
542,Smim6,0.9254,0.0746,2.518085446021074,2.6995942e-05,1.4464999e-05,0.0,0.25,1.1251831,1.1792631,2.2071376,-6.0147886,7.9721804,0.31161780673181333,0.07913549459684135,0.11943539630836052,0.035494596841230415,0.19216022647329695,0.05067406231736553,False,"Lung, basal vs Rest","Lung, basal",Rest,Smim6
543,Eid2,0.9254,0.0746,2.518085446021074,1.356868e-05,3.693335e-05,0.0,0.25,-1.3300362,-1.4338198,1.1175772,-4.278617,3.8720093,0.1845819761129208,0.4039900249376395,0.15960912052117268,0.28345802161262146,0.12384652660713846,0.3811523854164569,False,"Lung, basal vs Rest","Lung, basal",Rest,Eid2
544,Sult2b1,0.9254,0.0746,2.518085446021074,6.944369e-05,3.958661e-05,0.0,0.25,1.5967696,1.6814952,1.9407514,-5.2675524,7.009203,1.160694896851249,0.5235245220282515,0.46905537459283403,0.19068994181213259,0.6996432504436161,0.3097709710077976,False,"Lung, basal vs Rest","Lung, basal",Rest,Sult2b1
545,Klf5,0.9254,0.0746,2.518085446021074,0.00022195034,9.1995666e-05,0.0,0.25,1.6198355,1.603425,1.3923249,-3.0094538,6.108305,3.26927252985885,0.8712385702410282,0.7752442996742673,0.34921030756440163,2.4076539218685222,0.8072161690652186,False,"Lung, basal vs Rest","Lung, basal",Rest,Klf5
546,Fam83e,0.9252,0.07479999999999998,2.515191922495496,1.9696774e-05,8.5521815e-06,0.0,0.25,1.3102205,1.3838806,2.0787418,-6.321377,7.5632973,0.21498371335504893,0.04231088944305905,0.11943539630836052,0.03250207813798859,0.16389558736207402,0.03801274050042406,False,"Lung, basal vs Rest","Lung, basal",Rest,Fam83e
547,Aldh3b1,0.9252,0.07479999999999998,2.515191922495496,4.70741e-05,1.9018178e-05,0.0,0.25,2.1060364,2.2441993,1.7334939,-4.7510233,6.148095,0.7274701411509231,0.16741479634247736,0.33550488599348544,0.08811305070656798,0.4652657432550606,0.10757152847022301,False,"Lung, basal vs Rest","Lung, basal",Rest,Aldh3b1
548,Sprr2j-ps,0.9252,0.07479999999999998,2.515191922495496,3.6399848e-05,1.9191782e-05,0.0,0.25,1.236518,1.3578453,1.8511443,-7.653798,7.47756,0.6319218241042347,0.16334164588528702,0.18132464712269278,0.04763092269326671,0.34974221840141484,0.10405261836714955,False,"Lung, basal vs Rest","Lung, basal",Rest,Sprr2j-ps
549,Cpeb2,0.9252,0.07479999999999998,2.515191922495496,7.009185e-05,3.1916366e-05,0.0,0.25,1.4710656,1.5403519,1.6544961,-5.0925674,6.9464464,0.9055374592833879,0.3324189526184459,0.466883821932682,0.18794679966749447,0.7802994326798826,0.3054726424896981,False,"Lung, basal vs Rest","Lung, basal",Rest,Cpeb2
550,Sema3f,0.9252,0.07479999999999998,2.515191922495496,0.00011219695,4.7186368e-05,0.0,0.25,1.5890956,1.5949063,1.3626271,-3.578083,6.8330564,1.6981541802388713,0.4959268495427925,0.6590662323561348,0.27223607647546555,1.2190366340747487,0.4943605964347685,False,"Lung, basal vs Rest","Lung, basal",Rest,Sema3f
551,Aldh3b2,0.9252,0.07479999999999998,2.515191922495496,9.505315e-05,4.4665845e-05,0.0,0.25,1.7251401,1.8284645,1.6476343,-3.7443104,6.9611464,1.4408251900108582,0.42244389027430856,0.5038002171552661,0.13923524522028438,0.8896169134573487,0.25885873330661435,False,"Lung, basal vs Rest","Lung, basal",Rest,Aldh3b2
552,Kctd12,0.925,0.07499999999999996,2.5123055014536018,0.00031636446,0.00015245427,0.0,0.25,1.3267757,1.4264822,1.466738,-3.484377,6.3536444,4.315960912052111,1.9340814630092296,0.7166123778501631,0.45835411471318466,3.5439810938848697,1.5305321855251377,False,"Lung, basal vs Rest","Lung, basal",Rest,Kctd12
553,Ablim3,0.925,0.07499999999999996,2.5123055014536018,1.7234948e-05,8.951357e-06,0.0,0.25,1.4517672,1.6351042,1.6366117,-3.547103,6.079295,0.19978284473398486,0.05802161263507898,0.15200868621064065,0.03682460515378234,0.1469556028169737,0.04807292327043487,False,"Lung, basal vs Rest","Lung, basal",Rest,Ablim3
554,Gsta2,0.925,0.07499999999999996,2.5123055014536018,0.00014038089,6.934704e-05,0.0,0.25,1.7867857,1.9716597,2.0343957,-5.4706764,6.827819,2.375678610206298,0.5847880299251793,0.44951140065146594,0.12410640066500739,1.4412882988023565,0.3503123546261766,False,"Lung, basal vs Rest","Lung, basal",Rest,Gsta2
555,Piga,0.925,0.07499999999999996,2.5123055014536018,2.9765246e-05,1.2485574e-05,0.0,0.25,1.4492226,1.4931049,1.4795796,-6.013338,6.755595,0.36156351791530955,0.13366583541147292,0.21824104234527694,0.09368246051537962,0.3386591396519149,0.12239776258798783,False,"Lung, basal vs Rest","Lung, basal",Rest,Piga
556,Cab39l,0.925,0.07499999999999996,2.5123055014536018,9.6950775e-05,4.5849134e-05,0.0,0.25,1.1480818,1.1853032,0.67025506,-1.3734169,3.1679115,1.4440825190010862,0.578221113881934,0.6644951140065148,0.34330839567745297,1.0395956757746405,0.45002401765723327,False,"Lung, basal vs Rest","Lung, basal",Rest,Cab39l
557,Pls3,0.925,0.07499999999999996,2.5123055014536018,0.00014503667,7.829758e-05,0.0,0.25,1.1639756,1.2361565,1.1885594,-3.6819324,4.907954,2.0705754614549408,0.8485453034081136,0.6731813246471229,0.34472152950953927,1.4619900334621325,0.7260355687108809,False,"Lung, basal vs Rest","Lung, basal",Rest,Pls3
558,Abca7,0.925,0.07499999999999996,2.5123055014536018,6.4645574e-05,2.7583072e-05,0.0,0.25,1.4172796,1.464159,1.0724345,-2.3128214,5.2978516,0.7622149837133553,0.2642560266001619,0.45928338762215,0.19226932668328786,0.6388392210094592,0.22886889907523725,False,"Lung, basal vs Rest","Lung, basal",Rest,Abca7
559,Stat4,0.9248,0.07520000000000004,2.5094261447967527,3.6414538e-05,1.9027939e-05,0.0,0.25,1.4274588,1.5169263,1.8993264,-6.070492,8.35921,0.4364820846905539,0.2122194513715706,0.14549402823018462,0.0807148794679973,0.30076960053002505,0.13692427471301716,False,"Lung, basal vs Rest","Lung, basal",Rest,Stat4
560,Cracr2b,0.9248,0.07520000000000004,2.5094261447967527,9.8979595e-05,3.6255304e-05,0.0,0.25,1.772835,1.6447015,1.5501937,-3.5628862,7.2075014,1.5048859934853425,0.3375727348295844,0.5667752442996744,0.20856192851204755,1.0224395812891107,0.35564087773152986,False,"Lung, basal vs Rest","Lung, basal",Rest,Cracr2b
561,Pnpla1,0.9248,0.07520000000000004,2.5094261447967527,1.7989725e-05,9.061496e-06,0.0,0.25,1.5092981,1.4634271,1.8896185,-5.670699,9.048317,0.1617806731813247,0.05918536990856189,0.1150922909880565,0.038403990024937745,0.10701586796203383,0.046735325822574114,False,"Lung, basal vs Rest","Lung, basal",Rest,Pnpla1
562,Glrx,0.9244,0.0756,2.503688473757443,4.711295e-05,3.7219874e-05,0.0,0.25,1.2314223,1.3681679,1.7674432,-7.093174,6.5890074,0.7676438653637353,0.47356608478802187,0.3724212812160696,0.13881961762261194,0.5245676491955387,0.36621128562144467,False,"Lung, basal vs Rest","Lung, basal",Rest,Glrx
563,Vmn2r95,0.9242,0.07579999999999998,2.5008300846818967,2.5891117e-05,8.451359e-05,0.0,0.25,-1.0726794,-1.1050196,2.2272573,-8.213941,6.22003,0.19326818675352883,0.5254364089775408,0.12269272529858853,0.2591022443890164,0.16017446432705587,0.7071445662946916,False,"Lung, basal vs Rest","Lung, basal",Rest,Vmn2r95
564,Gchfr,0.9242,0.07579999999999998,2.5008300846818967,4.1707888e-05,2.7038473e-05,0.0,0.25,1.8095562,1.7241125,2.37369,-4.410672,7.8868837,0.7296416938110751,0.4232751454696516,0.3680781758957656,0.15261845386533698,0.46221261180578865,0.24156354919314899,False,"Lung, basal vs Rest","Lung, basal",Rest,Gchfr
565,Sptbn2,0.9242,0.07579999999999998,2.5008300846818967,2.7804277e-05,1.6471022e-05,0.0,0.25,1.2573261,1.3656106,1.500518,-5.7236605,5.9174347,0.26710097719869713,0.08753117206982591,0.19218241042345283,0.05477971737323329,0.1944276125771416,0.07586966127813793,False,"Lung, basal vs Rest","Lung, basal",Rest,Sptbn2
566,Ltf,0.9928,0.007199999999999984,4.926446829052988,0.00081403425,4.5280027e-05,0.0,0.25,5.236039,5.2825775,2.4257607,-4.088317,12.332629,14.300000000000042,0.697047703322334,0.624999999999998,0.08623602284611065,13.722101062273149,0.6057108271438415,True,Goblet vs Rest,Goblet,Rest,Ltf
567,Prss27,0.9906,0.009399999999999964,4.6576000771438535,0.00051872653,3.5687044e-05,0.0,0.25,4.6935987,4.791815,2.108362,-2.542719,11.978626,8.753846153846187,0.3745475022122141,0.7538461538461514,0.08696001930657243,6.765272790690065,0.2485681394699864,True,Goblet vs Rest,Goblet,Rest,Prss27
568,Gp2,0.989,0.01100000000000001,4.498798159845069,0.0010571239,0.00012876041,0.0,0.25,4.907621,5.3010836,2.5372238,-6.0109124,10.872055,22.394230769230806,2.2929772343335046,0.5538461538461521,0.11857453141340368,15.634794191528547,1.4810859622561758,True,Goblet vs Rest,Goblet,Rest,Gp2
569,Gsto1,0.9868,0.01319999999999999,4.314249807621173,0.0015142135,7.906485e-05,0.0,0.25,5.4417176,5.6798,2.5257907,-3.7577333,13.053726,46.4076923076924,1.3769608237470383,0.8442307692307665,0.1775400209154579,38.11958523766169,0.9083173618024433,True,Goblet vs Rest,Goblet,Rest,Gsto1
570,Krt6a,0.984,0.016000000000000014,4.119036559975268,0.00051126163,5.9424186e-05,0.0,0.25,4.9481273,5.361491,2.5370643,-4.584203,13.986948,9.332692307692344,0.7524736545732394,0.6384615384615364,0.07843294988335586,6.738616182998469,0.49261026535706093,True,Goblet vs Rest,Goblet,Rest,Krt6a
571,Nupr1,0.984,0.016000000000000014,4.119036559975268,0.0014598963,0.0002153385,0.0,0.25,3.699721,3.848157,1.8806733,-3.379982,9.710496,20.088461538461598,3.332314375351955,0.8057692307692281,0.26892446303596756,17.7064660562477,2.433682712199371,True,Goblet vs Rest,Goblet,Rest,Nupr1
572,Krt19,0.9836,0.01639999999999997,4.093937375922709,0.0014367346,0.00017701167,0.0,0.25,4.4257565,4.597813,2.2856429,-3.6115723,10.463985,21.169230769230825,2.4084144477515737,0.7423076923076899,0.1940310514037541,16.01070815160744,1.6938129449946546,True,Goblet vs Rest,Goblet,Rest,Krt19
573,Cxcl5,0.9828,0.017199999999999993,4.045495685607447,0.00031696292,3.3113924e-05,0.0,0.25,4.8178287,5.2128177,2.3812816,-4.831538,13.263462,3.9749999999999965,0.38194835491915546,0.3173076923076914,0.05647172391601559,3.9718467133292776,0.2972656715286551,True,Goblet vs Rest,Goblet,Rest,Cxcl5
574,Ecm1,0.9826,0.01739999999999997,4.033731348978669,0.0003803644,3.429531e-05,0.0,0.25,4.376627,4.3720365,2.2788267,-5.0244846,10.677281,7.463461538461562,0.44678626015606626,0.5673076923076905,0.10522081892044188,7.127289168722451,0.3283490916870071,True,Goblet vs Rest,Goblet,Rest,Ecm1
575,Pigr,0.9822,0.017800000000000038,4.010595944690734,0.000699482,0.00010095761,0.0,0.25,4.604673,5.0038333,2.5082076,-4.320369,11.972709,9.828846153846186,1.3774434880540325,0.8134615384615358,0.15107392808302156,8.469918315490744,0.9998841918193138,True,Goblet vs Rest,Goblet,Rest,Pigr
576,Muc20,0.982,0.018000000000000016,3.9992190050861978,8.678578e-05,7.3709393e-06,0.0,0.25,4.440355,4.5436172,2.3852031,-5.1434183,11.080097,1.051923076923075,0.055828171506716824,0.4019230769230757,0.031212291851017735,0.9023833500824427,0.035658758188596304,True,Goblet vs Rest,Goblet,Rest,Muc20
577,Ifitm1,0.9816,0.018399999999999972,3.9768326954910993,0.00066841603,8.096672e-05,0.0,0.25,3.5364742,3.5923824,1.9503874,-4.924224,10.784461,15.323076923076961,1.1290322580644938,0.5269230769230753,0.12315984232966165,12.16294117779154,0.8206882471529761,True,Goblet vs Rest,Goblet,Rest,Ifitm1
578,Aqp4,0.981,0.019000000000000017,3.9441329642769505,0.00020058439,2.817384e-05,0.0,0.25,3.332254,3.4512615,1.7076819,-4.073204,9.374849,2.2865384615384596,0.2224278014640826,0.2923076923076915,0.057437052529964554,1.9837978085138555,0.1589185960915569,True,Goblet vs Rest,Goblet,Rest,Aqp4
579,Upk1b,0.981,0.019000000000000017,3.9441329642769505,0.00020984946,2.1206013e-05,0.0,0.25,4.9720416,5.1043015,2.773782,-3.5275335,11.599698,2.1557692307692284,0.1536481377202158,0.32115384615384523,0.03145362400450498,1.5899139801806514,0.09888968721617669,True,Goblet vs Rest,Goblet,Rest,Upk1b
580,Ikzf3,0.9804,0.01959999999999995,3.9124305854134556,4.8171893e-05,7.955504e-06,0.0,0.25,3.1052644,3.2752366,1.5036246,-4.943651,7.999981,0.646153846153845,0.07449119137639737,0.3673076923076912,0.047220658032338034,0.5244698230672654,0.051352753212960074,True,Goblet vs Rest,Goblet,Rest,Ikzf3
581,Wfdc2,0.9804,0.01959999999999995,3.9124305854134556,0.0034363633,0.00031985765,0.0,0.25,3.6126637,3.7434864,2.002519,-5.681443,9.809934,82.30576923076933,6.495857131365356,0.7826923076923051,0.44759070066770346,59.4728067878019,4.130037773925832,True,Goblet vs Rest,Goblet,Rest,Wfdc2
582,Spink5,0.9804,0.01959999999999995,3.9124305854134556,0.0015783088,0.00036454696,0.0,0.25,4.819355,5.3912363,2.796478,-5.0765347,10.676379,24.02500000000005,6.433110771458511,0.853846153846151,0.21156785455716176,16.979589001840147,4.445085657581905,True,Goblet vs Rest,Goblet,Rest,Spink5
583,Upk3a,0.9802,0.01980000000000004,3.9020741999265773,0.00039441654,7.164872e-05,0.0,0.25,4.3852735,4.5378256,2.9024558,-6.5450964,12.233168,7.338461538461556,1.7988898720939448,0.1999999999999995,0.0707103209717635,4.900952822027744,0.9895346707958991,True,Goblet vs Rest,Goblet,Rest,Upk3a
584,Bmp6,0.98,0.020000000000000018,3.8918198083148323,2.7373093e-05,5.4538273e-06,0.0,0.25,2.5797977,2.5932217,1.2714037,-1.8999872,7.681547,0.3096153846153844,0.05478239884160527,0.18269230769230727,0.04102646609283219,0.24909788019405113,0.04501168850618859,True,Goblet vs Rest,Goblet,Rest,Bmp6
585,Adamtsl4,0.98,0.020000000000000018,3.8918198083148323,4.1565483e-05,6.282323e-06,0.0,0.25,3.0748034,3.138142,1.6965011,-4.6460943,8.544492,0.47115384615384526,0.05003619982302274,0.27499999999999925,0.03965891722307116,0.40989513096885,0.04475420060174987,True,Goblet vs Rest,Goblet,Rest,Adamtsl4
586,Cyp4a12b,0.98,0.020000000000000018,3.8918198083148323,1.9757965e-05,3.906156e-06,0.0,0.25,3.5484781,3.70218,2.0451384,-3.852765,9.348961,0.1923076923076922,0.025500764218486065,0.10961538461538445,0.010457726651114147,0.15661232415012785,0.014948828758486434,True,Goblet vs Rest,Goblet,Rest,Cyp4a12b
587,Serpinb11,0.9794,0.02059999999999995,3.8616485882462412,0.0009399957,0.00015517685,0.0,0.25,3.7928371,4.009692,2.07628,-4.4090385,10.334518,14.542307692307741,2.0988657388785894,0.8923076923076894,0.16804762287829228,11.36512552782149,1.3637026374343681,True,Goblet vs Rest,Goblet,Rest,Serpinb11
588,Fut9,0.9794,0.02059999999999995,3.8616485882462412,0.0001365912,1.6502956e-05,0.0,0.25,4.508542,4.366877,2.948361,-8.364154,12.552423,1.2961538461538442,0.10634703563671462,0.3865384615384604,0.034993162255651175,1.1817220601541445,0.08956465561694081,True,Goblet vs Rest,Goblet,Rest,Fut9
589,Ifi209,0.9794,0.02059999999999995,3.8616485882462412,6.8004e-05,6.465344e-06,0.0,0.25,3.9378366,4.0089602,2.1369617,-3.502533,11.990732,0.726923076923076,0.0503579760276726,0.27499999999999925,0.027994529804521055,0.5341328645083266,0.032647009652089776,True,Goblet vs Rest,Goblet,Rest,Ifi209
590,Ugt1a1,0.9792,0.02080000000000004,3.8517824544940904,1.7214159e-05,2.6401676e-06,0.0,0.25,3.609277,3.800765,2.4543068,-7.303318,9.597389,0.23846153846153825,0.02324833078593842,0.14230769230769202,0.018019467460381345,0.18795087701592422,0.01895625300248566,True,Goblet vs Rest,Goblet,Rest,Ugt1a1
591,Tmprss11g,0.9792,0.02080000000000004,3.8517824544940904,2.369469e-05,2.700456e-06,0.0,0.25,3.531036,3.5532932,2.1378486,-4.0642977,10.457241,0.24230769230769209,0.01576703402783365,0.13461538461538436,0.01254927198133699,0.21123554724249316,0.011336381662989668,True,Goblet vs Rest,Goblet,Rest,Tmprss11g
592,Sorbs2,0.9788,0.021199999999999997,3.83232568840914,0.000342016,5.0456973e-05,0.0,0.25,3.6427495,3.887559,1.7776873,-3.7659216,8.917886,4.007692307692298,0.5203925669696791,0.7576923076923052,0.17705735660848337,3.355306365361908,0.4619196331891242,True,Goblet vs Rest,Goblet,Rest,Sorbs2
593,Gsta4,0.9786,0.021399999999999975,3.822731599756288,0.0012598534,0.00019443729,0.0,0.25,4.589267,5.058607,2.4361918,-3.481574,11.074048,20.332692307692355,3.2005470195479204,0.9211538461538431,0.21510739280830826,13.529855945048919,1.9550501286668067,True,Goblet vs Rest,Goblet,Rest,Gsta4
594,Prss22,0.9782,0.02180000000000004,3.8038037298175786,0.00013420095,1.9876921e-05,0.0,0.25,3.44094,3.360536,2.0332363,-3.3193703,12.749535,2.1230769230769204,0.18284932829217374,0.4384615384615371,0.065642345748531,1.6396103005577745,0.12579270063879913,True,Goblet vs Rest,Goblet,Rest,Prss22
595,Cyp2f2,0.9782,0.02180000000000004,3.8038037298175786,0.0010508369,0.0001544653,0.0,0.25,4.0762596,4.3991575,2.3138862,-4.9578733,11.547322,15.992307692307719,2.1303998069342525,0.832692307692305,0.16137076663181138,11.857103349225072,1.4871492716987442,True,Goblet vs Rest,Goblet,Rest,Cyp2f2
596,Mal2,0.978,0.02200000000000002,3.794466772356098,0.00021232874,3.0624586e-05,0.0,0.25,3.7156348,3.8141341,2.1239655,-3.2193785,8.857211,3.0019230769230685,0.3730190652401326,0.7461538461538437,0.15582012710160437,2.281333946818076,0.24957753220181333,True,Goblet vs Rest,Goblet,Rest,Mal2
597,St3gal4,0.9774,0.022599999999999953,3.766945646311264,0.00073342735,0.00010188288,0.0,0.25,3.928559,4.278262,2.0410197,-3.2991495,8.785977,9.538461538461567,1.2286219934035683,0.8499999999999972,0.17134582897595152,7.712920011202323,0.9199242576569622,True,Goblet vs Rest,Goblet,Rest,St3gal4
598,Slc16a11,0.9772,0.022800000000000042,3.757930375060113,0.00023015721,4.0077583e-05,0.0,0.25,3.279716,3.5864472,1.5720575,-2.8384,8.70114,3.2442307692307617,0.5150832595929602,0.7211538461538438,0.16322097980854705,2.538383080534713,0.3459348130802384,True,Goblet vs Rest,Goblet,Rest,Slc16a11
599,Evpl,0.9768,0.0232,3.740129223327351,0.0001540061,2.1267026e-05,0.0,0.25,3.6101704,3.725369,2.1310616,-3.607112,9.80721,2.0076923076923037,0.21977314777572415,0.5807692307692289,0.10031373179953423,1.6685934203314274,0.1658882740849779,True,Goblet vs Rest,Goblet,Rest,Evpl
600,Lrrc26,0.9766,0.023399999999999976,3.731340712153176,0.0002785057,3.403783e-05,0.0,0.25,4.49335,4.384728,2.756495,-3.1045284,11.037496,3.2499999999999925,0.29434478320328444,0.71730769230769,0.08438580966937498,2.4925241851694206,0.18160328014964064,True,Goblet vs Rest,Goblet,Rest,Lrrc26
601,Trpm6,0.9766,0.023399999999999976,3.731340712153176,6.3826934e-05,9.870082e-06,0.0,0.25,3.4317157,3.4251852,1.9616764,-3.13906,10.823347,0.6538461538461524,0.0811680476228781,0.3653846153846143,0.05035797602767216,0.5373402672516765,0.07190822857006184,True,Goblet vs Rest,Goblet,Rest,Trpm6
602,Pdzk1ip1,0.9762,0.023800000000000043,3.7139814928514396,0.0006461801,0.000115772425,0.0,0.25,4.105223,4.342687,2.516601,-4.0961437,10.274735,8.855769230769274,1.4064033464725096,0.8692307692307664,0.17939023409219357,6.533526619453259,0.9356326238195168,True,Goblet vs Rest,Goblet,Rest,Pdzk1ip1
603,Arg1,0.9758,0.0242,3.6969046112440425,0.00049961545,7.110958e-05,0.0,0.25,5.0972314,5.478645,3.1236513,-4.676338,12.259427,6.6884615384615715,0.9983106749255711,0.809615384615382,0.17303515405036235,5.02723015265879,0.6946601397712925,True,Goblet vs Rest,Goblet,Rest,Arg1
604,Plet1,0.9758,0.0242,3.6969046112440425,0.00073221576,9.562075e-05,0.0,0.25,3.251977,3.165461,1.8799098,-2.7801666,11.487135,12.534615384615432,1.096371973292539,0.8807692307692279,0.25516853028719366,10.327363596882984,0.8758300588561152,True,Goblet vs Rest,Goblet,Rest,Plet1
605,Bace2,0.9756,0.024399999999999977,3.688469134456731,0.00033321523,6.0225768e-05,0.0,0.25,3.0442493,3.1415458,1.4884188,-2.504099,7.863181,4.194230769230764,0.6743624808945272,0.8365384615384588,0.24068860107795798,2.937727677959345,0.4987917127163655,True,Goblet vs Rest,Goblet,Rest,Bace2
606,Bpifa1,0.9756,0.024399999999999977,3.688469134456731,0.002892231,0.00023686493,0.0,0.25,4.1449723,4.3255167,3.0002186,-7.907324,12.033543,125.49807692307705,8.185745314134163,0.4480769230769217,0.18807819161773498,86.90313703103611,4.716449582310681,True,Goblet vs Rest,Goblet,Rest,Bpifa1
607,Mal,0.9748,0.0252,3.65538794066687,0.0005833492,4.6902143e-05,0.0,0.25,5.016633,5.095411,3.3119423,-4.960493,13.416362,13.346153846153888,0.6201431904110676,0.6923076923076901,0.09444131606467754,10.474381117000974,0.37756035441346525,True,Goblet vs Rest,Goblet,Rest,Mal
608,Fam174b,0.9748,0.0252,3.65538794066687,7.107222e-05,1.16078e-05,0.0,0.25,3.7398665,3.810319,2.2837658,-3.5367584,9.333276,0.7346153846153833,0.06845788753921622,0.3423076923076913,0.03877403266028461,0.6246826950265836,0.04872881311834512,True,Goblet vs Rest,Goblet,Rest,Fam174b
609,Trim16,0.9748,0.0252,3.65538794066687,5.766108e-05,8.883769e-06,0.0,0.25,3.1593812,3.253076,1.659464,-1.9439831,8.860055,0.7999999999999984,0.08076582736706606,0.4096153846153834,0.05421929048346801,0.6226579948727986,0.057876621653727686,True,Goblet vs Rest,Goblet,Rest,Trim16
610,Tspan8,0.9746,0.025399999999999978,3.6472775729448257,0.00061449717,9.1477435e-05,0.0,0.25,4.236623,4.4362216,2.5080857,-3.334485,10.075426,8.43269230769235,1.0654814576461904,0.8576923076923049,0.16322097980854705,6.296553521733755,0.6608049458711873,True,Goblet vs Rest,Goblet,Rest,Tspan8
611,Adgrf1,0.9744,0.025599999999999956,3.6392291651079196,1.9501818e-05,1.7197709e-06,0.0,0.25,4.406893,4.506677,3.1195233,-5.0836134,13.761914,0.28076923076923055,0.010216394497626893,0.14807692307692277,0.007079076502292642,0.24107402213671525,0.006844896848557725,True,Goblet vs Rest,Goblet,Rest,Adgrf1
612,Gabrp,0.9744,0.025599999999999956,3.6392291651079196,0.0002940737,4.9330618e-05,0.0,0.25,4.0622463,4.084918,2.5742955,-3.4797993,10.545391,3.6480769230769154,0.5763011825275541,0.6423076923076902,0.11817231115759158,2.6704240843145093,0.3991072123857237,True,Goblet vs Rest,Goblet,Rest,Gabrp
613,Mmp23,0.9742,0.025800000000000045,3.631241752112877,0.00020985844,3.8073347e-05,0.0,0.25,3.787623,3.8494496,2.334844,-4.255718,9.249932,3.092307692307685,0.46898881827689687,0.6326923076923057,0.1634623119620343,2.4092741121773074,0.313254561939699,True,Goblet vs Rest,Goblet,Rest,Mmp23
614,Krt23,0.9742,0.025800000000000045,3.631241752112877,0.00079609687,0.000102360274,0.0,0.25,3.943828,4.1876087,2.3863118,-4.0448904,9.994968,14.030769230769279,1.504947309146464,0.8249999999999973,0.18156222347357892,10.668860975854386,0.9855347628000019,True,Goblet vs Rest,Goblet,Rest,Krt23
615,Mlph,0.9738,0.0262,3.6154461615712816,0.00010223652,2.1112959e-05,0.0,0.25,2.8785396,2.9978356,1.6577281,-3.163001,8.482904,1.1865384615384587,0.22894376960824012,0.5480769230769214,0.11318477998552151,0.9636144687965663,0.17290551218605843,True,Goblet vs Rest,Goblet,Rest,Mlph
616,Muc13,0.9738,0.0262,3.6154461615712816,0.00027783387,3.4281904e-05,0.0,0.25,3.7575684,3.8285685,2.3493388,-4.991103,10.572789,3.1980769230769175,0.2859786018823928,0.46730769230769087,0.07682406886010745,2.762104852101424,0.21162017440016126,True,Goblet vs Rest,Goblet,Rest,Muc13
617,Slc12a2,0.9738,0.0262,3.6154461615712816,0.00027372286,4.3879867e-05,0.0,0.25,2.8176045,2.757453,1.7776757,-4.1618204,9.550918,4.153846153846153,0.472206580323394,0.6096153846153827,0.1975705896549006,3.3402647603360442,0.45091146535421794,True,Goblet vs Rest,Goblet,Rest,Slc12a2
618,Isg20,0.9738,0.0262,3.6154461615712816,0.00044956783,9.2883674e-05,0.0,0.25,2.8396313,3.0030136,1.6454041,-4.302026,7.347332,8.121153846153883,1.2169576059849843,0.8384615384615357,0.2800257420963816,6.190731502365856,0.7939228701042366,True,Goblet vs Rest,Goblet,Rest,Isg20
619,Anxa1,0.973,0.027000000000000024,3.5845468560888656,0.00990247,0.0019774728,0.0,0.25,3.2239063,3.3837123,1.9079626,-3.4828367,9.281834,199.4057692307693,40.76365537768416,0.9980769230769198,0.879012147051503,139.71027276135314,27.48643697650086,True,Goblet vs Rest,Goblet,Rest,Anxa1
620,Cbr2,0.973,0.027000000000000024,3.5845468560888656,0.0009200428,0.00019388717,0.0,0.25,2.9029486,3.0145335,1.6293576,-4.235819,7.4487934,13.538461538461577,2.241653929691837,0.7807692307692282,0.37414528195641356,9.396211754532226,1.8711724317660938,True,Goblet vs Rest,Goblet,Rest,Cbr2
621,Cyp2d12,0.9728,0.027200000000000002,3.5769611805425647,0.00010089264,1.4142415e-05,0.0,0.25,3.5824993,3.7329202,2.3087416,-4.4049234,9.552871,1.3865384615384602,0.1016812806692946,0.19423076923076876,0.02622476067894788,1.0346596445473175,0.07349208893447327,True,Goblet vs Rest,Goblet,Rest,Cyp2d12
622,Asb11,0.9726,0.02739999999999998,3.569429529893944,0.00023123913,2.4749406e-05,0.0,0.25,3.8654118,4.009342,2.3492563,-4.095298,10.1116,3.4557692307692243,0.19966213498511876,0.4826923076923062,0.06572278979969343,2.628269542519445,0.12138473278203536,True,Goblet vs Rest,Goblet,Rest,Asb11
623,Gsto2,0.9726,0.02739999999999998,3.569429529893944,1.8110279e-05,2.8820998e-06,0.0,0.25,3.1134439,3.1571956,1.9003845,-3.2317715,9.166988,0.22692307692307673,0.029683854878931777,0.12115384615384595,0.022041670018502196,0.1944598694942452,0.02351557704794263,True,Goblet vs Rest,Goblet,Rest,Gsto2
624,Agr2,0.9724,0.027599999999999958,3.561951117683924,0.00021024012,2.916639e-05,0.0,0.25,4.1016936,4.222,3.3740656,-7.4488745,14.444919,3.0884615384615377,0.5964121953181564,0.13076923076923053,0.019708792534792102,1.5982062439586613,0.3014043432289382,True,Goblet vs Rest,Goblet,Rest,Agr2
625,Nccrp1,0.9724,0.027599999999999958,3.561951117683924,0.00034243954,3.9349496e-05,0.0,0.25,4.07363,4.249477,2.7400389,-4.4665785,11.193591,5.361538461538461,0.3425307698495713,0.349999999999999,0.055667283404391456,4.50657999873327,0.24632895852210146,True,Goblet vs Rest,Goblet,Rest,Nccrp1
626,Vtcn1,0.9722,0.027800000000000047,3.5545251744885458,2.8072835e-05,3.8078279e-06,0.0,0.25,5.734871,5.7942214,3.7350497,-5.365862,14.997287,0.2846153846153842,0.027753197651033738,0.18846153846153801,0.016973694795269924,0.22334395681827646,0.016594655846110782,True,Goblet vs Rest,Goblet,Rest,Vtcn1
627,Scgb1a1,0.9718,0.028200000000000003,3.539827699708052,0.0013315296,0.00029374607,0.0,0.25,3.8946238,4.181637,2.754243,-4.9459267,10.470731,30.84230769230775,8.589574450969515,0.38076923076922964,0.19861636232001206,22.86625179976188,5.600964128988673,True,Goblet vs Rest,Goblet,Rest,Scgb1a1
628,Hopx,0.9714,0.02859999999999996,3.525331272729971,0.00076204276,0.000109155546,0.0,0.25,3.5699747,3.7713509,2.0660641,-3.1947212,9.291828,13.88653846153852,2.0319362883114165,0.830769230769228,0.3154211246078466,9.460154503317419,1.2165200689241917,True,Goblet vs Rest,Goblet,Rest,Hopx
629,Cd14,0.9712,0.028800000000000048,3.5181566962377104,0.00020259769,3.875823e-05,0.0,0.25,3.1781433,3.4357314,1.7741468,-2.7810678,8.548185,2.9057692307692244,0.40077226289116447,0.6499999999999979,0.11889630761805337,2.2663470789058513,0.26675294465616334,True,Goblet vs Rest,Goblet,Rest,Cd14
630,Gm2a,0.9712,0.028800000000000048,3.5181566962377104,0.0005151871,0.00011493087,0.0,0.25,3.1893213,3.462872,2.4495437,-6.2744455,9.508735,7.088461538461562,1.7080685383315486,0.5942307692307673,0.19974257903628595,5.61735800404447,1.1772009393561103,True,Goblet vs Rest,Goblet,Rest,Gm2a
631,Cxcl17,0.9712,0.028800000000000048,3.5181566962377104,0.00028420956,3.7722697e-05,0.0,0.25,4.230681,4.3975544,2.7367427,-4.4553003,13.351878,3.7576923076923,0.301986968063713,0.5192307692307676,0.05478239884160491,2.855592603202992,0.19478050378334813,True,Goblet vs Rest,Goblet,Rest,Cxcl17
632,Cwh43,0.9712,0.028800000000000048,3.5181566962377104,6.09334e-05,6.9418693e-06,0.0,0.25,4.0037494,3.9747705,2.958842,-4.769408,13.61789,0.8134615384615372,0.05244952135789539,0.32115384615384523,0.02976429893009423,0.6509070739273016,0.03819922298346111,True,Goblet vs Rest,Goblet,Rest,Cwh43
633,Rassf7,0.9708,0.029200000000000004,3.5039514324132983,0.00013865856,2.5520116e-05,0.0,0.25,2.7364147,2.8418574,1.4953111,-2.3243093,6.78615,1.8961538461538414,0.3347276968868232,0.6730769230769209,0.1937092751991044,1.5064883527581234,0.24389739918640657,True,Goblet vs Rest,Goblet,Rest,Rassf7
634,Krt80,0.9706,0.02939999999999998,3.4969194327933892,0.00015694955,2.8992334e-05,0.0,0.25,2.8460386,2.939622,1.8720056,-4.83867,8.613133,2.199999999999995,0.3623200064355293,0.624999999999998,0.1291931461668432,1.878528128459987,0.25369429082392114,True,Goblet vs Rest,Goblet,Rest,Krt80
635,Itgam,0.9706,0.02939999999999998,3.4969194327933892,0.00010958953,1.4204369e-05,0.0,0.25,3.6413684,3.769023,2.1865509,-4.4962816,9.659151,1.436538461538458,0.15308502936207963,0.5019230769230754,0.07988094280427943,1.1778421870865892,0.11158663449899364,True,Goblet vs Rest,Goblet,Rest,Itgam
636,Aqp5,0.9702,0.02980000000000005,3.4829935170364954,0.00024819962,4.086676e-05,0.0,0.25,3.4050732,3.5105982,2.2323635,-3.660842,12.075037,3.188461538461534,0.3756737189284886,0.4326923076923064,0.0923497707344546,2.232774968488573,0.24286381315726413,True,Goblet vs Rest,Goblet,Rest,Aqp5
637,Gprc5a,0.9702,0.02980000000000005,3.4829935170364954,8.493135e-05,1.4153823e-05,0.0,0.25,3.424263,3.383307,2.200737,-3.1705103,9.552547,0.9807692307692288,0.10859946906926238,0.4096153846153834,0.05856326924623834,0.7504229824789657,0.08791505470278561,True,Goblet vs Rest,Goblet,Rest,Gprc5a
638,Plac8,0.97,0.030000000000000027,3.476098366811273,0.0008708867,0.00018559188,0.0,0.25,2.669602,2.6592646,1.5849323,-4.1841736,7.8955917,13.936538461538497,2.0887297884321105,0.7788461538461513,0.19531815622235282,10.075637383928889,1.384429337646225,True,Goblet vs Rest,Goblet,Rest,Plac8
639,Pof1b,0.97,0.030000000000000027,3.476098366811273,0.00013359322,3.095704e-05,0.0,0.25,2.936693,3.1078815,1.9299179,-5.788375,7.7776213,1.8634615384615338,0.3327165956077591,0.578846153846152,0.11945941597619031,1.5020776141266896,0.24829327263074177,True,Goblet vs Rest,Goblet,Rest,Pof1b
640,Gne,0.97,0.030000000000000027,3.476098366811273,0.00011062815,2.4896606e-05,0.0,0.25,2.576146,2.730249,1.4546922,-4.2246513,6.2383823,1.6711538461538424,0.3034349609846414,0.5884615384615366,0.17303515405036235,1.301057302134853,0.23297639428244876,True,Goblet vs Rest,Goblet,Rest,Gne
641,Rptn,0.9698,0.030200000000000005,3.469247619476059,0.0013197608,0.0002752207,0.0,0.25,3.8498142,4.2627077,3.2231634,-7.291232,11.0498495,23.75961538461543,4.741372375512894,0.6307692307692288,0.23103531493846752,17.330547578024596,3.357883564982639,True,Goblet vs Rest,Goblet,Rest,Rptn
642,Anxa3,0.9698,0.030200000000000005,3.469247619476059,0.00022165269,4.073642e-05,0.0,0.25,2.8101318,2.819655,1.6912714,-3.9755402,8.966603,3.3788461538461463,0.5353551604858883,0.6346153846153826,0.19925991472931143,2.4940431964629237,0.348640414758306,True,Goblet vs Rest,Goblet,Rest,Anxa3
643,Pllp,0.9698,0.030200000000000005,3.469247619476059,0.00014357621,1.3213845e-05,0.0,0.25,4.415057,4.540779,2.9388988,-4.57864,12.135847,1.7980769230769196,0.10425549030649173,0.4826923076923062,0.05212774515324526,1.4794291550743552,0.06647904672655837,True,Goblet vs Rest,Goblet,Rest,Pllp
644,Pon3,0.9696,0.030399999999999983,3.4624406882690915,0.00010473006,2.2615623e-05,0.0,0.25,2.6648777,2.901576,1.3905228,-2.2872849,6.162238,1.3999999999999966,0.2789799694312653,0.5134615384615369,0.15034993162255977,0.978802384209557,0.19590688067455012,True,Goblet vs Rest,Goblet,Rest,Pon3
645,Ccl21a,0.9692,0.03080000000000005,3.4489559846053557,0.0009798476,0.004535712,0.0,0.25,-1.9249172,-1.9786971,3.6249475,-9.438267,8.8246565,13.551923076923122,49.304722065802586,0.6346153846153826,0.8118413643309282,9.121434647893246,68.64111716181785,True,Goblet vs Rest,Goblet,Rest,Ccl21a
646,Tmem125,0.9692,0.03080000000000005,3.4489559846053557,2.2359562e-05,4.8791217e-06,0.0,0.25,2.928609,3.1001935,1.5972143,-2.760769,6.903305,0.2692307692307688,0.052208189204407965,0.20769230769230718,0.0416700185021315,0.24645452900844686,0.03325562305870422,True,Goblet vs Rest,Goblet,Rest,Tmem125
647,F2rl2,0.969,0.031000000000000028,3.4422770951449433,5.030126e-05,6.170202e-06,0.0,0.25,3.0781884,3.0283866,2.0410767,-5.140292,10.392985,0.5769230769230763,0.05196685705092089,0.234615384615384,0.02895985841847006,0.4279769807307542,0.03161669276256907,True,Goblet vs Rest,Goblet,Rest,F2rl2
648,Serpinb2,0.969,0.031000000000000028,3.4422770951449433,0.00090416364,0.00018646386,0.0,0.25,4.0547595,4.3358197,2.6986516,-4.4599133,10.312172,15.607692307692353,3.1439948515807328,0.7884615384615359,0.2348966293942637,11.207365529451033,1.9672254945370298,True,Goblet vs Rest,Goblet,Rest,Serpinb2
649,Ccl6,0.9688,0.031200000000000006,3.4356397872327245,0.0005016376,0.0001261775,0.0,0.25,3.5151782,3.7405272,2.776847,-6.831324,11.180904,7.509615384615403,1.9012147051725161,0.47499999999999853,0.15903788914810119,5.343809489591877,1.1406585746467612,True,Goblet vs Rest,Goblet,Rest,Ccl6
650,Sbsn,0.9686,0.031399999999999983,3.429043528907814,0.002003813,0.00045487814,0.0,0.25,3.3253212,3.5836864,2.8709688,-7.760831,9.352787,36.05192307692318,7.7510256616525535,0.8192307692307665,0.3282921727938339,25.931091402066855,5.098389897548006,True,Goblet vs Rest,Goblet,Rest,Sbsn
651,Scel,0.9686,0.031399999999999983,3.429043528907814,9.050835e-05,1.6698283e-05,0.0,0.25,3.2609837,3.3812275,2.5308073,-7.1828384,9.926663,0.9576923076923057,0.16064677017134665,0.39230769230769114,0.07441074732523484,0.7293168958844035,0.11301184329431412,True,Goblet vs Rest,Goblet,Rest,Scel
652,Gpc3,0.9686,0.031399999999999983,3.429043528907814,8.8301975e-05,1.8752606e-05,0.0,0.25,3.273667,3.421566,2.2150307,-4.064165,9.455047,1.6057692307692288,0.2020754565199915,0.3557692307692297,0.07416941517174758,1.093244183860477,0.13905789698265741,True,Goblet vs Rest,Goblet,Rest,Gpc3
653,Cysrt1,0.9684,0.03159999999999996,3.4224877983417037,0.00022220779,2.8728253e-05,0.0,0.25,3.5740044,3.6176982,3.9065123,-10.394975,12.241112,3.3615384615384567,0.4009331509934872,0.4096153846153834,0.07352586276244821,2.584972740640257,0.24480155245967752,True,Goblet vs Rest,Goblet,Rest,Cysrt1
654,Mapk11,0.968,0.03200000000000003,3.409495882307477,5.9234564e-05,1.3191025e-05,0.0,0.25,2.5698614,2.674152,1.4443978,-3.4362822,7.8673697,0.6980769230769214,0.1366744429249465,0.4115384615384603,0.09621108519025079,0.5815331734857441,0.11233427831223194,True,Goblet vs Rest,Goblet,Rest,Mapk11
655,Sp140l2,0.9678,0.032200000000000006,3.4030587015826104,9.3644194e-05,1.6306423e-05,0.0,0.25,2.8797548,2.9586763,1.6859745,-2.920353,7.557046,1.2365384615384598,0.16185343093878346,0.3903846153846142,0.09460220416700238,0.9276258037163116,0.1119108600076592,True,Goblet vs Rest,Goblet,Rest,Sp140l2
656,Psca,0.9678,0.032200000000000006,3.4030587015826104,0.0025013452,0.0003040117,0.0,0.25,4.248681,4.4020224,3.0610735,-5.6598725,12.28935,77.8557692307694,8.04424422813949,0.8269230769230742,0.31397313168692303,56.542777299874516,4.567697341058297,True,Goblet vs Rest,Goblet,Rest,Psca
657,Apol7a,0.9676,0.032399999999999984,3.3966600576305104,1.4181298e-05,2.1498965e-06,0.0,0.25,2.9701865,3.065875,2.2390914,-4.8852177,11.884816,0.1884615384615383,0.015284369720859156,0.10961538461538445,0.00933150993484031,0.1735837145419701,0.013414737215685573,True,Goblet vs Rest,Goblet,Rest,Apol7a
658,Lratd1,0.9676,0.032399999999999984,3.3966600576305104,0.000231426,6.676975e-05,0.0,0.25,2.7413456,2.9946632,2.0690749,-5.207391,8.779695,3.059615384615378,0.8025902984474178,0.6557692307692287,0.17721824471080821,2.43343672760553,0.5964679388926224,True,Goblet vs Rest,Goblet,Rest,Lratd1
659,Il18,0.9674,0.03259999999999996,3.390299475604788,0.00032532553,4.8033944e-05,0.0,0.25,3.4067395,3.4623556,2.5683932,-5.1274433,9.676502,4.571153846153849,0.7218244710803499,0.5769230769230751,0.163784088166684,3.1981087012072447,0.485489312004016,True,Goblet vs Rest,Goblet,Rest,Il18
660,Adgrf4,0.9674,0.03259999999999996,3.390299475604788,6.2511775e-05,1.3855946e-05,0.0,0.25,3.0568054,3.2685232,2.18023,-5.5193176,9.364276,0.8673076923076909,0.12991714262730272,0.3307692307692298,0.059045933553212825,0.603016824232031,0.09413697714533698,True,Goblet vs Rest,Goblet,Rest,Adgrf4
661,Piga,0.9672,0.03280000000000005,3.3839764893716042,5.2774645e-05,1.2060673e-05,0.0,0.25,2.305358,2.3323903,1.3806931,-3.2908916,7.985594,0.8076923076923062,0.12235540181803631,0.349999999999999,0.09218888263212976,0.6525455059450973,0.11624378476884072,True,Goblet vs Rest,Goblet,Rest,Piga
662,Kctd14,0.9672,0.03280000000000005,3.3839764893716042,0.00048177532,9.2901835e-05,0.0,0.25,2.9907167,3.1609201,1.7307053,-2.3964634,7.730961,7.034615384615415,1.414528195639881,0.8173076923076896,0.3070549432869549,5.084260942392031,0.9268577440040203,True,Goblet vs Rest,Goblet,Rest,Kctd14
663,Cxcl3,0.967,0.03300000000000003,3.377690641297818,0.00042811962,9.0814545e-05,0.0,0.25,3.6443691,3.889144,2.578885,-4.827346,10.005623,9.96538461538465,1.6390475424342168,0.532692307692306,0.10393371410184316,7.066822453971184,0.994408353707411,True,Goblet vs Rest,Goblet,Rest,Cxcl3
664,Csta1,0.967,0.03300000000000003,3.377690641297818,0.00038859242,4.0734954e-05,0.0,0.25,3.8517768,3.926406,2.9384995,-6.418809,11.435162,5.548076923076938,0.4141259753841231,0.47884615384615237,0.07215831389268706,4.297488305103121,0.27594325415621174,True,Goblet vs Rest,Goblet,Rest,Csta1
665,Elf3,0.967,0.03300000000000003,3.377690641297818,0.0005205461,8.377794e-05,0.0,0.25,3.0757728,3.2128067,1.7915281,-3.1709871,7.9329357,7.15192307692311,1.1393290966132639,0.9115384615384585,0.313007803072974,5.754101072162254,0.8293687340991797,True,Goblet vs Rest,Goblet,Rest,Elf3
666,Tspan1,0.9666,0.033399999999999985,3.3652285703727176,0.0006205268,0.00010652472,0.0,0.25,3.5234597,3.734662,2.4498065,-3.7824936,9.845486,8.844230769230819,1.4203201673235908,0.6961538461538439,0.22451934679431146,6.519107227862966,0.8424256408225467,True,Goblet vs Rest,Goblet,Rest,Tspan1
667,Muc21,0.9666,0.033399999999999985,3.3652285703727176,3.713934e-05,5.418515e-06,0.0,0.25,3.0002253,2.9459076,2.107373,-3.525609,12.338192,0.3076923076923075,0.035878046818437766,0.1269230769230767,0.012468827930174573,0.29591101844312023,0.019019890880455442,True,Goblet vs Rest,Goblet,Rest,Muc21
668,Slc6a14,0.9664,0.03359999999999996,3.359051472940072,9.3471026e-05,1.2837215e-05,0.0,0.25,3.632425,3.6554933,3.0609012,-5.801424,10.919695,1.207692307692306,0.13442200949239827,0.31346153846153757,0.06234413965087178,0.9700747954035229,0.09614381436243356,True,Goblet vs Rest,Goblet,Rest,Slc6a14
669,Tmc5,0.9664,0.03359999999999996,3.359051472940072,9.1226146e-05,1.578552e-05,0.0,0.25,3.3506265,3.4753113,1.9765884,-4.288455,8.369053,1.0557692307692286,0.12677982463196846,0.43076923076922946,0.06709033866945457,0.8165179968136657,0.09249956066072992,True,Goblet vs Rest,Goblet,Rest,Tmc5
670,Upk2,0.9662,0.03380000000000005,3.3529097641232113,8.3192084e-05,1.54099e-05,0.0,0.25,3.6683366,3.5390625,2.4953592,-3.3929205,9.490004,1.2615384615384595,0.16756495857131462,0.43076923076922946,0.08189204408333994,0.9653948724027397,0.10519962633900434,True,Goblet vs Rest,Goblet,Rest,Upk2
671,Lypd3,0.9662,0.03380000000000005,3.3529097641232113,0.0001136691,3.5781934e-05,0.0,0.25,2.4928563,2.6889548,1.8868744,-4.774992,7.950056,1.2423076923076901,0.31188158635669166,0.3980769230769219,0.08905156463679537,0.9167735002570402,0.22553870865181722,True,Goblet vs Rest,Goblet,Rest,Lypd3
672,Por,0.966,0.03400000000000003,3.3468030258307184,0.0002454264,6.264012e-05,0.0,0.25,2.3761868,2.5387783,1.2781721,-2.9746647,6.5308743,3.1826923076922995,0.7828815059126124,0.786538461538459,0.31172069825437526,2.4037365286914247,0.6268810386534494,True,Goblet vs Rest,Goblet,Rest,Por
673,Slc9a4,0.966,0.03400000000000003,3.3468030258307184,0.00012921076,1.933807e-05,0.0,0.25,3.4969044,3.5962362,2.6816292,-5.6907463,10.779004,1.5115384615384584,0.18912396428284242,0.4461538461538448,0.08808623602284632,1.1641471695151546,0.1282085473920079,True,Goblet vs Rest,Goblet,Rest,Slc9a4
674,Spns2,0.966,0.03400000000000003,3.3468030258307184,9.76997e-05,1.2817039e-05,0.0,0.25,3.2183275,3.2409067,2.2471986,-4.913211,10.680837,1.2942307692307664,0.15155659238999375,0.46730769230769087,0.08816668007400874,1.1531772473264057,0.11280281120775904,True,Goblet vs Rest,Goblet,Rest,Spns2
675,Calml3,0.9656,0.034399999999999986,3.3346928250625925,0.00049715384,9.6612755e-05,0.0,0.25,2.7046425,2.7613301,1.9055474,-4.273757,9.161957,7.136538461538488,0.8777250422331131,0.6192307692307673,0.16547341324109482,5.379070944847465,0.6731147835547864,True,Goblet vs Rest,Goblet,Rest,Calml3
676,St6galnac1,0.9654,0.034599999999999964,3.3286885625038165,5.297092e-05,9.196895e-06,0.0,0.25,3.701219,3.8010898,2.8187437,-6.115344,10.729934,0.7307692307692303,0.09942884723674683,0.1865384615384611,0.04038291368353288,0.526494157870908,0.06036309224818866,True,Goblet vs Rest,Goblet,Rest,St6galnac1
677,Kcnj16,0.9652,0.03480000000000005,3.322717669974713,3.7073834e-05,8.020915e-06,0.0,0.25,3.5346398,3.6863327,2.5001988,-4.9381714,10.448942,0.2961538461538459,0.04295712332073042,0.13653846153846128,0.015606145925508836,0.24378201994521118,0.02798503173153745,True,Goblet vs Rest,Goblet,Rest,Kcnj16
678,Pir,0.9652,0.03480000000000005,3.322717669974713,0.0001333875,4.0437902e-05,0.0,0.25,2.9270825,3.0527163,2.2057536,-3.7037048,9.052901,2.1653846153846104,0.5484675408253579,0.5403846153846137,0.12171184940873808,1.5049779490556863,0.3593358178576658,True,Goblet vs Rest,Goblet,Rest,Pir
679,Serpinb7,0.965,0.03500000000000003,3.316779764498021,0.0003608323,6.4470776e-05,0.0,0.25,3.6908188,3.8769865,2.296775,-3.4873781,9.350102,4.982692307692309,0.8095084868473914,0.6307692307692288,0.14713216957606295,3.555272392053318,0.5006320990033576,True,Goblet vs Rest,Goblet,Rest,Serpinb7
680,Ifit1bl1,0.965,0.03500000000000003,3.316779764498021,0.0001821746,1.647173e-05,0.0,0.25,3.5391212,3.5126157,3.0058455,-6.882965,12.496182,2.9346153846153813,0.14721261362722224,0.30961538461538374,0.02566165232081096,2.3322451520668923,0.08737075959978415,True,Goblet vs Rest,Goblet,Rest,Ifit1bl1
681,Epn3,0.965,0.03500000000000003,3.316779764498021,0.000100240504,2.193139e-05,0.0,0.25,2.2245138,2.1948237,1.2771648,-2.6568184,7.504469,1.3884615384615353,0.21671627383155395,0.5615384615384598,0.14841927439466168,1.1611838928146359,0.19115113975788317,True,Goblet vs Rest,Goblet,Rest,Epn3
682,Iapp,0.9646,0.03539999999999999,3.305001415376299,0.00081942976,0.0001817477,0.0,0.25,3.6895204,3.870574,2.9719663,-5.709607,12.52243,11.505769230769248,4.190491513152633,0.257692307692307,0.15469391038533048,8.786713718860982,2.423196879054595,True,Goblet vs Rest,Goblet,Rest,Iapp
683,Sectm1b,0.9646,0.03539999999999999,3.305001415376299,5.059649e-05,1.2116637e-05,0.0,0.25,3.026324,3.2825775,1.8988518,-3.3142061,9.768589,0.8096153846153831,0.11849408736223967,0.3634615384615374,0.06298769206017113,0.5908397518520836,0.08026703950281561,True,Goblet vs Rest,Goblet,Rest,Sectm1b
684,Krt6b,0.9644,0.035599999999999965,3.2991602379193363,6.1353436e-05,1.4826721e-05,0.0,0.25,3.1086586,3.3741832,3.340658,-10.812011,11.827938,0.8557692307692304,0.19716836939908322,0.1519230769230766,0.024696323706861957,0.544887574847758,0.13187454702807871,True,Goblet vs Rest,Goblet,Rest,Krt6b
685,Capn5,0.9644,0.035599999999999965,3.2991602379193363,0.00013031714,1.9141024e-05,0.0,0.25,2.8459122,2.8132725,2.1290262,-4.6151695,10.363917,1.6249999999999967,0.22041670018502438,0.5134615384615369,0.12090740889711388,1.2981461379304093,0.15074507226782144,True,Goblet vs Rest,Goblet,Rest,Capn5
686,Rab27b,0.9644,0.035599999999999965,3.2991602379193363,0.00016396493,4.1093605e-05,0.0,0.25,2.5974865,2.6250877,1.5829014,-2.9836464,8.706414,2.3576923076923024,0.45901375593275806,0.6846153846153824,0.20167323626418404,1.6498122224961045,0.37855966539682245,True,Goblet vs Rest,Goblet,Rest,Rab27b
687,Pcolce,0.9644,0.035599999999999965,3.2991602379193363,6.709296e-05,1.4178471e-05,0.0,0.25,2.6706283,2.6871486,1.682905,-3.330678,9.090751,0.8134615384615378,0.10674925589252689,0.2692307692307685,0.051564636795108365,0.6587564674832712,0.08444082968930222,True,Goblet vs Rest,Goblet,Rest,Pcolce
688,Cnfn,0.9644,0.035599999999999965,3.2991602379193363,0.0004674367,8.3583116e-05,0.0,0.25,3.2539263,3.3452759,3.3699982,-9.597413,13.03854,7.026923076923094,1.1135065561901605,0.4096153846153834,0.08696001930657243,5.698959879321043,0.713397801472812,True,Goblet vs Rest,Goblet,Rest,Cnfn
689,Krt78,0.9642,0.035800000000000054,3.293350579606588,0.00019282027,2.9191044e-05,0.0,0.25,3.2010267,3.2581568,2.5137918,-5.9640293,10.599267,2.8730769230769186,0.30472206580323624,0.40769230769230647,0.07610007239964567,2.399179680417345,0.22564986363565748,True,Goblet vs Rest,Goblet,Rest,Krt78
690,Slco1a5,0.9642,0.035800000000000054,3.293350579606588,0.00017085615,3.793878e-05,0.0,0.25,2.5849257,2.7176166,1.4073144,-2.2255335,6.2043467,2.3153846153846094,0.44139650872818903,0.6615384615384594,0.18116000321776682,1.766540049649029,0.2939681656314703,True,Goblet vs Rest,Goblet,Rest,Slco1a5
691,Bglap3,0.964,0.03600000000000003,3.2875720887501396,0.00018111721,2.9601097e-05,0.0,0.25,3.8089957,4.0620885,2.9441907,-5.5463514,10.925105,3.0673076923076907,0.2825999517335702,0.17307692307692268,0.04376156383235425,1.776264150259433,0.16292400374550586,True,Goblet vs Rest,Goblet,Rest,Bglap3
692,Rnf208,0.964,0.03600000000000003,3.2875720887501396,1.3894975e-05,3.1853235e-06,0.0,0.25,2.9549654,3.1732378,1.7797283,-4.069829,8.423986,0.16153846153846135,0.033706057437052565,0.11730769230769211,0.02517898801383646,0.12722403311845992,0.02466067207971195,True,Goblet vs Rest,Goblet,Rest,Rnf208
693,Tagln,0.9636,0.03639999999999999,3.276107231750535,0.00018949705,0.00083004043,0.0,0.25,-1.6563758,-1.7632232,3.624101,-9.73556,8.246977,0.9038461538461535,6.434800096532991,0.15961538461538427,0.4816185343094073,0.48424484793563155,8.102812238203194,True,Goblet vs Rest,Goblet,Rest,Tagln
694,Arhgap29,0.9636,0.03639999999999999,3.276107231750535,6.9082955e-05,1.5818125e-05,0.0,0.25,2.3789907,2.4469924,1.3525513,-2.5617428,8.36875,0.6615384615384603,0.1201029683854882,0.3403846153846144,0.07304319845547369,0.5553486692373154,0.09475703128268204,True,Goblet vs Rest,Goblet,Rest,Arhgap29
695,Ephx3,0.9634,0.036599999999999966,3.270420190944699,6.300231e-05,1.4560507e-05,0.0,0.25,2.7201588,2.8412867,2.141259,-5.370022,9.15022,0.7057692307692295,0.13683533102727097,0.303846153846153,0.07119298527873802,0.4977427810857193,0.08741631297037639,True,Goblet vs Rest,Goblet,Rest,Ephx3
696,Hebp2,0.9632,0.036800000000000055,3.264762968022636,0.00033806593,8.222195e-05,0.0,0.25,2.965082,3.1968884,2.1487398,-5.0754166,8.330084,4.680769230769235,1.159842329659683,0.7519230769230745,0.2698897916499166,3.1388672585520228,0.7319814697006406,True,Goblet vs Rest,Goblet,Rest,Hebp2
697,9130008F23Rik,0.9632,0.036800000000000055,3.264762968022636,6.743918e-05,1.632697e-05,0.0,0.25,2.6139257,2.7745647,1.5541914,-3.208788,7.7473993,0.7538461538461522,0.1450406242458382,0.4096153846153834,0.08816668007400874,0.63039669646116,0.1130218667086367,True,Goblet vs Rest,Goblet,Rest,9130008F23Rik
698,Cyp2d10,0.963,0.03700000000000003,3.2591352392678825,4.4553144e-05,7.178361e-06,0.0,0.25,2.844992,2.8215413,3.6204457,-9.007907,12.999438,0.5730769230769227,0.03644115517657466,0.12115384615384595,0.00957284208832756,0.5193218822518186,0.022120395445259483,True,Goblet vs Rest,Goblet,Rest,Cyp2d10
699,Clca1,0.963,0.03700000000000003,3.2591352392678825,8.4438565e-05,1.9831015e-05,0.0,0.25,2.9925117,3.0316052,2.21933,-4.9973297,10.165195,0.5980769230769225,0.21148741050599346,0.1288461538461536,0.024776767758024374,0.7684701126407575,0.1362224807020396,True,Goblet vs Rest,Goblet,Rest,Clca1
700,Mall,0.963,0.03700000000000003,3.2591352392678825,0.00013819619,2.2712096e-05,0.0,0.25,2.9344099,2.969884,1.9199284,-4.176573,9.627587,1.732692307692304,0.18477998552007224,0.5288461538461522,0.0836618132089132,1.3937758101476827,0.12908189523718494,True,Goblet vs Rest,Goblet,Rest,Mall
701,Ppl,0.9628,0.03720000000000001,3.2535366861990203,0.0005310583,7.517008e-05,0.0,0.25,2.9439085,2.9480886,2.095918,-4.8998146,9.588679,6.746153846153878,0.9473091464885831,0.7769230769230744,0.2839675006033402,5.243373061896087,0.7034868128100102,True,Goblet vs Rest,Goblet,Rest,Ppl
702,Trex2,0.9626,0.03739999999999999,3.2479669954574106,0.00010457521,1.9040948e-05,0.0,0.25,3.0273032,3.0160027,3.1404388,-5.7095127,11.854471,1.6019230769230748,0.18510176172472137,0.326923076923076,0.05309307376719422,1.1749599514211884,0.11464703753416232,True,Goblet vs Rest,Goblet,Rest,Trex2
703,Lcn2,0.9626,0.03739999999999999,3.2479669954574106,0.00037542733,6.4525135e-05,0.0,0.25,3.399586,3.147355,2.4140058,-3.2989178,12.584533,7.8096153846153955,0.717480492317591,0.3634615384615374,0.09146488617166798,5.920166045335772,0.5502746292433993,True,Goblet vs Rest,Goblet,Rest,Lcn2
704,Dnajb3,0.9626,0.03739999999999999,3.2479669954574106,1.5466034e-05,4.369777e-06,0.0,0.25,1.922746,1.9503021,1.0660697,-2.5563564,6.573862,0.20576923076923054,0.04480733649746576,0.15384615384615352,0.03821092430214772,0.1421213031306398,0.03653811045829367,True,Goblet vs Rest,Goblet,Rest,Dnajb3
705,Cyp2a5,0.9624,0.03759999999999997,3.2424258586979,0.00084610766,0.00025386864,0.0,0.25,3.4228358,3.7555828,3.086302,-7.048087,10.433611,15.021153846153874,4.598664628750741,0.5923076923076904,0.2364250663663497,9.74964434247243,2.828546686052303,True,Goblet vs Rest,Goblet,Rest,Cyp2a5
706,Stom,0.9624,0.03759999999999997,3.2424258586979,4.7499077e-05,7.975767e-06,0.0,0.25,3.2558663,3.3242497,2.227452,-4.907195,11.689322,0.49807692307692236,0.07424985922291016,0.27499999999999925,0.05076019628348423,0.4413793727107025,0.056427092488449675,True,Goblet vs Rest,Goblet,Rest,Stom
707,Slc1a3,0.9624,0.03759999999999997,3.2424258586979,4.9045433e-05,0.00018697999,0.0,0.25,-1.886109,-1.9445367,1.1336818,-5.405897,2.9162884,0.4942307692307685,2.1346633416457537,0.25384615384615317,0.6098463518622298,0.3305854346011751,1.8181981781594556,True,Goblet vs Rest,Goblet,Rest,Slc1a3
708,Prkab1,0.9624,0.03759999999999997,3.2424258586979,8.142482e-05,2.355485e-05,0.0,0.25,1.9499689,2.0531096,1.0271508,-2.9293404,5.057395,0.9519230769230744,0.27246400128711096,0.5153846153846138,0.1869519749014611,0.7497903898623601,0.21985785024699409,True,Goblet vs Rest,Goblet,Rest,Prkab1
709,Slc39a4,0.9624,0.03759999999999997,3.2424258586979,5.5817796e-05,1.2694335e-05,0.0,0.25,3.0583692,3.0991807,2.200931,-3.823227,9.501737,0.4653846153846149,0.08953422894376953,0.17884615384615343,0.035878046818437724,0.353670034005024,0.05758474396697235,True,Goblet vs Rest,Goblet,Rest,Slc39a4
710,Slc44a4,0.9624,0.03759999999999997,3.2424258586979,7.8764955e-05,1.1543875e-05,0.0,0.25,3.3619359,3.4136796,2.3040733,-4.4012976,10.431865,0.83653846153846,0.07650229265545785,0.3615384615384605,0.04118735419515702,0.6763769042810921,0.05020720741672309,True,Goblet vs Rest,Goblet,Rest,Slc44a4
711,2200002D01Rik,0.9622,0.037799999999999945,3.236912972482433,0.0004911365,0.00010892052,0.0,0.25,2.6218078,2.7153912,1.6966298,-3.1622438,7.9427176,6.748076923076952,1.3271659560774924,0.8499999999999972,0.32821172874267146,5.2546515901228705,1.025422145733843,True,Goblet vs Rest,Goblet,Rest,2200002D01Rik
712,Myh14,0.962,0.038000000000000034,3.23142803817647,0.00012127041,3.1823925e-05,0.0,0.25,2.4681535,2.5899477,1.482969,-3.1525927,6.886633,1.4115384615384574,0.28839192341726805,0.6230769230769211,0.1547743544364929,1.1599812048120064,0.2306127674185141,True,Goblet vs Rest,Goblet,Rest,Myh14
713,Pglyrp4,0.962,0.038000000000000034,3.23142803817647,7.4037496e-05,1.1720559e-05,0.0,0.25,3.1099362,3.2326312,2.5836287,-6.9294147,9.597915,0.7749999999999991,0.10256616523208091,0.27499999999999925,0.0523690773067325,0.6391336212611873,0.0739643803913635,True,Goblet vs Rest,Goblet,Rest,Pglyrp4
714,Tgm1,0.962,0.038000000000000034,3.23142803817647,6.394753e-05,1.6885517e-05,0.0,0.25,2.317742,2.4143128,1.7188803,-4.7258854,7.377612,0.7249999999999986,0.1702196122596746,0.3538461538461528,0.08470758587402466,0.56561479257772,0.12651557286048212,True,Goblet vs Rest,Goblet,Rest,Tgm1
715,Upk3bl,0.9616,0.03839999999999999,3.2205408541699643,0.00010651425,2.362329e-05,0.0,0.25,2.8130348,2.8826528,1.8755848,-3.3192368,9.23613,0.9692307692307683,0.2509854396267412,0.257692307692307,0.07754806532056924,0.7439824332444235,0.14692753230480687,True,Goblet vs Rest,Goblet,Rest,Upk3bl
716,Hp,0.9616,0.03839999999999999,3.2205408541699643,0.00019581545,8.312025e-05,0.0,0.25,3.606761,4.1230507,2.9989672,-5.539136,10.375405,2.0423076923076917,1.3839594561982,0.20192307692307643,0.07296275440431127,1.5898663174589718,0.9292823537690468,True,Goblet vs Rest,Goblet,Rest,Hp
717,Cldn23,0.9612,0.038799999999999946,3.209762009904824,0.00019582901,3.5408033e-05,0.0,0.25,3.0122843,3.1425138,2.0776963,-3.9356117,8.783103,2.588461538461533,0.4465449280025841,0.6576923076923056,0.18526264982705026,1.9800145375639286,0.30221196920718674,True,Goblet vs Rest,Goblet,Rest,Cldn23
718,Csprs,0.9612,0.038799999999999946,3.209762009904824,5.9964645e-05,1.3258236e-05,0.0,0.25,2.2451706,2.2548828,1.4710821,-4.8952045,8.576631,0.8846153846153828,0.09653286139489982,0.39230769230769114,0.0687796637438654,0.6821787670417422,0.09234364835066046,True,Goblet vs Rest,Goblet,Rest,Csprs
719,Chad,0.9612,0.038799999999999946,3.209762009904824,1.6460835e-05,5.3961107e-06,0.0,0.25,2.6864643,2.882722,3.097525,-8.075063,12.1342535,0.30961538461538446,0.05043842007883509,0.11730769230769211,0.019306572278980017,0.20836705817491805,0.026923805760249907,True,Goblet vs Rest,Goblet,Rest,Chad
720,Tmod3,0.9608,0.03920000000000001,3.199089279275342,0.00020445492,6.269949e-05,0.0,0.25,1.8526996,1.9342518,0.9934937,-2.6570997,4.7818346,2.6211538461538395,0.784490386935851,0.7730769230769206,0.39377363044004415,1.9563354799845496,0.6388460353995264,True,Goblet vs Rest,Goblet,Rest,Tmod3
721,Fgd3,0.9606,0.03939999999999999,3.1937920295299222,3.170856e-05,3.1919103e-06,0.0,0.25,2.920836,2.8148398,2.2997248,-5.0513153,10.42417,0.3826923076923073,0.025018099911511604,0.19038461538461493,0.01978923658595452,0.42160713775068054,0.01801073421575035,True,Goblet vs Rest,Goblet,Rest,Fgd3
722,Trim2,0.9606,0.03939999999999999,3.1937920295299222,6.370377e-05,1.7333781e-05,0.0,0.25,2.235822,2.3388672,1.4284574,-4.0262156,7.6735487,0.7999999999999984,0.18526264982704765,0.3980769230769219,0.11640254203201833,0.6367949627082643,0.15810703369889686,True,Goblet vs Rest,Goblet,Rest,Trim2
723,Slc28a3,0.9606,0.03939999999999999,3.1937920295299222,4.192226e-05,6.3919456e-06,0.0,0.25,2.8213232,2.8772993,2.1299844,-4.2162952,8.950313,0.5192307692307682,0.05325396186951932,0.2692307692307685,0.03619982302308738,0.43182886452712693,0.041282502303411135,True,Goblet vs Rest,Goblet,Rest,Slc28a3
724,Spink12,0.9604,0.03959999999999997,3.1885205039737716,0.00018624034,8.5384134e-05,0.0,0.25,2.3799138,2.5807686,3.4907527,-10.414594,11.570079,2.6923076923076916,1.4212050518864001,0.1153846153846152,0.06170058724157247,1.9467184404005649,0.9003835403943393,True,Goblet vs Rest,Goblet,Rest,Spink12
725,Clic3,0.9602,0.03979999999999995,3.1832744429646964,0.00034909576,0.00010095921,0.0,0.25,2.9799132,3.1325197,2.9797118,-6.486388,9.817124,5.700000000000018,1.5314938460300542,0.6326923076923057,0.21301584747808533,3.6821270205672394,0.9118347587106611,True,Goblet vs Rest,Goblet,Rest,Clic3
726,S100a9,0.96,0.040000000000000036,3.1780535907646423,0.00021639993,9.522261e-05,0.0,0.25,2.2075865,2.344242,3.235046,-7.972565,9.885323,4.228846153846153,2.4487973614351164,0.10961538461538445,0.09275199099026671,2.514098223161661,1.465362171437019,True,Goblet vs Rest,Goblet,Rest,S100a9
727,AA986860,0.9598,0.040200000000000014,3.172857695461819,9.6159514e-05,1.7264309e-05,0.0,0.25,3.4563556,3.6276283,2.4999917,-3.8535452,9.307673,1.182692307692305,0.21261362722226915,0.5038461538461523,0.11439144075295782,0.9696767381111796,0.14065025296002776,True,Goblet vs Rest,Goblet,Rest,AA986860
728,Sftpd,0.9598,0.040200000000000014,3.172857695461819,0.00037022374,8.650353e-05,0.0,0.25,3.944292,4.092112,2.9290276,-3.785283,11.651863,4.521153846153845,1.1765746923014944,0.40384615384615263,0.10192261282278264,3.360050784457195,0.7417612400766193,True,Goblet vs Rest,Goblet,Rest,Sftpd
729,Septin5,0.9598,0.040200000000000014,3.172857695461819,1.0389102e-05,2.700948e-06,0.0,0.25,2.4422724,2.6058807,1.6225799,-4.0647087,6.7384377,0.16346153846153824,0.02445499155337469,0.14423076923076894,0.02115678545571561,0.11139723840734199,0.014854893972923796,True,Goblet vs Rest,Goblet,Rest,Septin5
730,Usp6nl,0.9598,0.040200000000000014,3.172857695461819,0.00012868931,2.830002e-05,0.0,0.25,2.1967175,2.1823745,1.4217082,-3.833168,7.676524,1.5076923076923046,0.29370123079398996,0.601923076923075,0.19821414206419996,1.3311208387936813,0.2713559613327278,True,Goblet vs Rest,Goblet,Rest,Usp6nl
731,Lpcat4,0.9596,0.04039999999999999,3.167686508894722,0.00018468838,3.374966e-05,0.0,0.25,2.987316,3.0419235,2.203018,-4.3231316,8.394502,2.071153846153841,0.44083340037005336,0.6076923076923058,0.21727938218969362,1.621076390161949,0.3002939146908907,True,Goblet vs Rest,Goblet,Rest,Lpcat4
732,Pttg1ip,0.9594,0.04059999999999997,3.16253978657807,0.00029762762,9.150708e-05,0.0,0.25,1.8285772,1.873343,1.0071666,-1.8352537,5.219781,3.434615384615376,1.2089132008687105,0.8153846153846127,0.47630922693268757,2.515013581273578,0.9451786486846899,True,Goblet vs Rest,Goblet,Rest,Pttg1ip
733,Cited4,0.9594,0.04059999999999997,3.16253978657807,8.389415e-05,1.7418986e-05,0.0,0.25,2.9614694,3.0960212,2.0518897,-4.384568,9.11585,1.2096153846153825,0.17400048266430795,0.3865384615384604,0.06588367790201827,0.8763664916801315,0.12704702094470258,True,Goblet vs Rest,Goblet,Rest,Cited4
734,Wfdc12,0.9594,0.04059999999999997,3.16253978657807,0.00031212225,6.266886e-05,0.0,0.25,3.388129,3.515667,2.7413285,-7.0483217,11.289673,7.392307692307705,1.5537768482020549,0.27692307692307616,0.1005550639530215,5.216726188202129,0.8625622239148437,True,Goblet vs Rest,Goblet,Rest,Wfdc12
735,F5,0.9592,0.04079999999999995,3.157417287630535,2.5207428e-05,4.648257e-06,0.0,0.25,3.4098704,3.3869677,2.9630458,-5.6373386,11.012003,0.39807692307692283,0.035717158716112946,0.1519230769230766,0.015927922130158503,0.3454298975418208,0.025879256577375855,True,Goblet vs Rest,Goblet,Rest,F5
736,Olfm4,0.9592,0.04079999999999995,3.157417287630535,0.00061397546,0.00012655451,0.0,0.25,2.8251376,2.9200568,2.822456,-5.843239,9.509089,5.869230769230775,1.4480733649746054,0.3173076923076914,0.30625050277533067,4.07754549808888,0.8598914895905991,True,Goblet vs Rest,Goblet,Rest,Olfm4
737,Asprv1,0.9592,0.04079999999999995,3.157417287630535,0.000711412,0.00019937372,0.0,0.25,2.7007313,2.7658992,2.8906102,-9.553878,10.441036,9.701923076923094,2.816024454991577,0.3153846153846145,0.13048025098544191,7.018821198305931,2.0503230789428124,True,Goblet vs Rest,Goblet,Rest,Asprv1
738,Ceacam1,0.9592,0.04079999999999995,3.157417287630535,8.451957e-05,1.7361175e-05,0.0,0.25,2.9673572,3.0990705,2.8175585,-5.0912657,10.571756,0.6249999999999993,0.12541227576220743,0.23076923076923017,0.053173517818356636,0.47648416418530665,0.08826932090143888,True,Goblet vs Rest,Goblet,Rest,Ceacam1
739,Pdk4,0.9592,0.04079999999999995,3.157417287630535,5.651074e-05,1.49748475e-05,0.0,0.25,2.5579884,2.5523014,1.7639906,-3.3323317,8.194752,0.44038461538461515,0.11262167162738326,0.12307692307692286,0.05558683935322904,0.2951232399489165,0.10521897667795856,True,Goblet vs Rest,Goblet,Rest,Pdk4
740,Ly6g6c,0.9592,0.04079999999999995,3.157417287630535,0.0006783944,0.00021537127,0.0,0.25,3.0087528,3.2844095,3.391725,-9.190659,10.745796,10.2692307692308,3.4440511624165646,0.578846153846152,0.20456922210603118,7.586363755771052,2.2142944173152332,True,Goblet vs Rest,Goblet,Rest,Ly6g6c
741,Tgfa,0.959,0.041000000000000036,3.152318774704249,9.106887e-05,1.8854267e-05,0.0,0.25,2.8376596,2.898755,2.4780087,-6.817937,11.297513,0.9749999999999981,0.21583138926876616,0.39230769230769114,0.10964524173437501,0.8603545579165033,0.167088698816468,True,Goblet vs Rest,Goblet,Rest,Tgfa
742,Tgm2,0.959,0.041000000000000036,3.152318774704249,0.00012201528,2.5275516e-05,0.0,0.25,2.5493176,2.5593467,1.7267957,-3.2894964,10.030926,0.9442307692307681,0.17432225886895758,0.2826923076923069,0.06853833159037814,0.71041084050611,0.13506907981340066,True,Goblet vs Rest,Goblet,Rest,Tgm2
743,Tacstd2,0.959,0.041000000000000036,3.152318774704249,0.00081108825,0.00022457266,0.0,0.25,2.5100687,2.7022238,1.6105542,-3.2677221,6.992814,11.817307692307736,3.2875874829056344,0.9480769230769199,0.43898318719332446,9.000424588403169,2.3516243641507906,True,Goblet vs Rest,Goblet,Rest,Tacstd2
744,Acsm1,0.959,0.041000000000000036,3.152318774704249,1.6137417e-05,2.688132e-06,0.0,0.25,2.4838588,2.7519388,2.6024668,-7.280074,10.229848,0.19423076923076898,0.012629716032499388,0.14230769230769202,0.008366181320891305,0.13605514789688478,0.008662281418187347,True,Goblet vs Rest,Goblet,Rest,Acsm1
745,St8sia6,0.9588,0.041200000000000014,3.1472440139160347,9.7611446e-05,2.4849182e-05,0.0,0.25,2.4384606,2.550909,1.7000118,-4.09437,8.595848,1.2538461538461514,0.20127101600836694,0.42884615384615254,0.06427479687876986,0.9369400173342715,0.1457420690645649,True,Goblet vs Rest,Goblet,Rest,St8sia6
746,Myo5c,0.9586,0.04139999999999999,3.1421927747802774,7.442256e-05,1.37408915e-05,0.0,0.25,3.0088117,3.0006108,2.3776407,-6.0553207,9.767926,0.7057692307692293,0.09154533022282989,0.35769230769230664,0.052932185664869395,0.6658947857959147,0.07702341804956625,True,Goblet vs Rest,Goblet,Rest,Myo5c
747,Kifc3,0.9586,0.04139999999999999,3.1421927747802774,7.026151e-05,1.8163342e-05,0.0,0.25,2.2123177,2.2937164,1.3940624,-3.368208,6.883065,0.8346153846153825,0.18365376880379927,0.42884615384615254,0.11881586356689094,0.6582230579899939,0.14718808208948594,True,Goblet vs Rest,Goblet,Rest,Kifc3
748,Tjp3,0.9584,0.04159999999999997,3.1371648301434383,0.00014514342,3.9632465e-05,0.0,0.25,2.1734662,2.2774243,1.3707021,-2.6875658,5.5434446,2.1153846153846096,0.4658515002815677,0.7230769230769207,0.24720456922211403,1.6626383515706102,0.3243492357830091,True,Goblet vs Rest,Goblet,Rest,Tjp3
749,Cldn3,0.9584,0.04159999999999997,3.1371648301434383,0.0010951122,0.00024062462,0.0,0.25,3.12439,3.3999267,1.9374179,-2.1394892,7.8576536,14.757692307692352,3.6823264419596153,0.9557692307692276,0.4132410908213499,10.745069264867437,2.252446296533436,True,Goblet vs Rest,Goblet,Rest,Cldn3
750,Tmprss11b,0.9584,0.04159999999999997,3.1371648301434383,3.0862204e-05,6.2516324e-06,0.0,0.25,2.6634536,2.7321663,1.9723439,-4.794012,9.507338,0.4769230769230761,0.06395302067412069,0.2826923076923069,0.041589574450969086,0.4201541349376741,0.05052105802022331,True,Goblet vs Rest,Goblet,Rest,Tmprss11b
751,Inhba,0.9582,0.04179999999999995,3.132159956120126,2.5617644e-05,4.9335504e-06,0.0,0.25,2.6516523,2.7266836,2.0833364,-4.8311415,9.041556,0.4692307692307689,0.02670742498592233,0.18076923076923035,0.011020835009251067,0.3775018324955953,0.02264238144281284,True,Goblet vs Rest,Goblet,Rest,Inhba
752,AA467197,0.9582,0.04179999999999995,3.132159956120126,0.0006789562,0.0001215984,0.0,0.25,2.7601962,2.7907767,2.7795448,-5.236555,10.253398,9.780769230769247,1.7959134422008982,0.3999999999999988,0.2546054219290567,7.595465218580967,1.1221812669970719,True,Goblet vs Rest,Goblet,Rest,AA467197
753,Il36rn,0.958,0.04200000000000004,3.127177932030695,9.4303825e-05,3.5509147e-05,0.0,0.25,2.0118678,2.037754,3.2744734,-9.103384,10.457838,0.8942307692307683,0.2800257420963731,0.19230769230769185,0.04947309146488561,0.7553450027051718,0.20023870481987194,True,Goblet vs Rest,Goblet,Rest,Il36rn
754,Pdzk1,0.958,0.04200000000000004,3.127177932030695,3.166158e-05,6.1830665e-06,0.0,0.25,3.946187,4.03267,3.100959,-4.9525404,11.191441,0.388461538461538,0.05285174161370748,0.19038461538461493,0.027672753599871387,0.26148603652302344,0.03374588652713202,True,Goblet vs Rest,Goblet,Rest,Pdzk1
755,Cblc,0.958,0.04200000000000004,3.127177932030695,8.650345e-05,2.7828703e-05,0.0,0.25,1.8724313,1.9619889,1.09667,-1.7900629,6.963045,1.2057692307692278,0.2912879092591169,0.5999999999999981,0.18671064274797383,0.9770944625116504,0.23525217062210493,True,Goblet vs Rest,Goblet,Rest,Cblc
756,Mab21l4,0.9578,0.042200000000000015,3.122218540340339,4.2069914e-05,1.2537438e-05,0.0,0.25,2.8604531,2.9837933,2.7471843,-5.0160494,10.510113,0.7153846153846144,0.12243584586919802,0.2961538461538453,0.0640334647252826,0.5554250212267589,0.07475415138583617,True,Goblet vs Rest,Goblet,Rest,Mab21l4
757,Vipr1,0.9578,0.042200000000000015,3.122218540340339,3.7427144e-05,9.492694e-06,0.0,0.25,2.4199283,2.444831,1.7978072,-5.25628,8.43926,0.4519230769230762,0.06266591585552206,0.28846153846153766,0.04352023167886701,0.3857011867822234,0.045526460071633884,True,Goblet vs Rest,Goblet,Rest,Vipr1
758,Cracr2b,0.9578,0.042200000000000015,3.122218540340339,0.00013158593,3.6889913e-05,0.0,0.25,2.1770544,2.0620246,1.4913894,-4.136256,7.2945976,1.8173076923076876,0.3621591183332079,0.6692307692307671,0.21583138926877005,1.4462754531744608,0.3594210745577068,True,Goblet vs Rest,Goblet,Rest,Cracr2b
759,Slc45a3,0.9578,0.042200000000000015,3.122218540340339,4.2442673e-05,1.3081409e-05,0.0,0.25,2.249659,2.3680115,2.2574682,-4.465104,8.386766,0.4307692307692302,0.10763414045531342,0.234615384615384,0.053173517818356636,0.33737227133355835,0.07161693727352929,True,Goblet vs Rest,Goblet,Rest,Slc45a3
760,Dusp5,0.9578,0.042200000000000015,3.122218540340339,0.00019790487,5.067563e-05,0.0,0.25,2.357851,2.3840537,1.6514977,-3.510275,8.022863,2.742307692307686,0.5191859062022435,0.5999999999999981,0.2034430053897573,2.191225626641132,0.4442708590406666,True,Goblet vs Rest,Goblet,Rest,Dusp5
761,Ptgds,0.9576,0.04239999999999999,3.1172815665995963,0.0003042207,0.00014777418,0.0,0.25,2.0574682,2.146523,3.3982615,-6.662094,10.398701,3.821153846153843,2.9185101761724828,0.28076923076923,0.14866060654814894,2.4686821613437355,1.7503734468405052,True,Goblet vs Rest,Goblet,Rest,Ptgds
762,Ahr,0.9576,0.04239999999999999,3.1172815665995963,6.4838656e-05,1.7598704e-05,0.0,0.25,2.1367426,2.1337476,1.5391184,-3.9286652,7.5678205,0.7999999999999982,0.14689083742257367,0.40384615384615263,0.09186710642748008,0.7348413280275335,0.14073081804355134,True,Goblet vs Rest,Goblet,Rest,Ahr
763,Snx31,0.9576,0.04239999999999999,3.1172815665995963,3.9767685e-05,1.0337279e-05,0.0,0.25,2.7213006,2.824678,1.9590387,-3.5556097,8.681574,0.5442307692307682,0.08148982382752777,0.2923076923076915,0.04529000080444011,0.35820412994319206,0.052126474679124686,True,Goblet vs Rest,Goblet,Rest,Snx31
764,Muc16,0.9574,0.04259999999999997,3.112366799386283,4.7620757e-05,8.747494e-06,0.0,0.25,2.7354515,2.749546,2.293081,-5.482068,10.720744,0.4519230769230766,0.05703483227415324,0.1288461538461536,0.016410586437133005,0.31492391605807163,0.04775420023064075,True,Goblet vs Rest,Goblet,Rest,Muc16
765,Calm4,0.9574,0.04259999999999997,3.112366799386283,0.00020170149,0.000110799054,0.0,0.25,1.5285742,1.7560654,3.5983863,-11.997093,10.732372,4.601923076923077,1.4690692623280386,0.11153846153846136,0.0679752232322412,2.5339561641247097,1.0541645356320037,True,Goblet vs Rest,Goblet,Rest,Calm4
766,Acer3,0.9574,0.04259999999999997,3.112366799386283,0.000100458776,3.391906e-05,0.0,0.25,1.6542938,1.7176342,0.8472703,-1.749773,4.478812,1.2846153846153816,0.3605502373099601,0.4923076923076908,0.21969270372456623,0.927971441988281,0.3010287701230612,True,Goblet vs Rest,Goblet,Rest,Acer3
767,Timp2,0.9574,0.04259999999999997,3.112366799386283,0.00047991943,0.00012040271,0.0,0.25,2.133618,2.0892992,1.3512459,-2.2999887,8.590706,7.415384615384641,1.0998310674925047,0.8673076923076894,0.3347276968868275,5.790325357156095,0.9546841408736529,True,Goblet vs Rest,Goblet,Rest,Timp2
768,Lama1,0.9572,0.04279999999999995,3.1074740302487736,1.509025e-05,3.1724908e-06,0.0,0.25,2.574001,2.735239,2.2588077,-6.467641,9.079305,0.19423076923076898,0.013595044646448402,0.12115384615384595,0.009733730190652394,0.17928650041042055,0.0140648172443329,True,Goblet vs Rest,Goblet,Rest,Lama1
769,Cdkn2a,0.957,0.04300000000000004,3.1026030536505993,0.00074028445,0.00020592556,0.0,0.25,2.8550155,2.925951,1.9743648,-3.1031313,7.378254,9.12884615384617,3.0646770171345645,0.761538461538459,0.4226530448073531,6.489289460154533,2.051786632955225,True,Goblet vs Rest,Goblet,Rest,Cdkn2a
770,Acsl1,0.957,0.04300000000000004,3.1026030536505993,0.00022209706,5.2295673e-05,0.0,0.25,2.193622,2.214038,1.7175726,-5.109535,9.191899,2.8980769230769168,0.6049392647413687,0.6057692307692288,0.24141259753841976,2.209552072639288,0.4765418654341543,True,Goblet vs Rest,Goblet,Rest,Acsl1
771,Foxq1,0.9568,0.043200000000000016,3.0977536669163523,0.00023543648,7.662287e-05,0.0,0.25,1.9393088,2.0270252,1.3235521,-2.674922,6.0977535,3.1076923076923006,0.9329901053816763,0.7288461538461515,0.29362078674283065,2.3936268285781255,0.7470944304049603,True,Goblet vs Rest,Goblet,Rest,Foxq1
772,St3gal1,0.9568,0.043200000000000016,3.0977536669163523,4.7003174e-05,1.4910332e-05,0.0,0.25,1.8258234,1.7521324,1.1322391,-1.704464,7.244794,0.5865384615384602,0.1400530930737685,0.38076923076922964,0.10787547260880176,0.4779177899860491,0.12976044345473164,True,Goblet vs Rest,Goblet,Rest,St3gal1
773,Dmkn,0.9566,0.043399999999999994,3.0929256701788073,0.0008330947,0.00034884128,0.0,0.25,2.3707585,2.5158162,2.6880307,-8.044203,9.559122,12.551923076923117,5.065722789799773,0.6826923076923055,0.2945861153567797,8.990297014328524,3.36797599501732,True,Goblet vs Rest,Goblet,Rest,Dmkn
774,Rnase1,0.9566,0.043399999999999994,3.0929256701788073,0.0002298745,8.6309854e-05,0.0,0.25,2.3150058,2.5196695,2.9914684,-6.3012333,10.050033,3.4519230769230735,1.2070629876920365,0.3076923076923068,0.1614512106829738,3.075277293101935,0.8458656348372836,True,Goblet vs Rest,Goblet,Rest,Rnase1
775,Atg9b,0.9564,0.04359999999999997,3.088118866327286,6.2857805e-05,1.7028051e-05,0.0,0.25,2.5203063,2.5691948,2.1388798,-6.3474617,9.610707,0.6769230769230757,0.10867991312042487,0.3019230769230761,0.052449521357894914,0.7174225550859689,0.09738027180242922,True,Goblet vs Rest,Goblet,Rest,Atg9b
776,Ly6g6e,0.9564,0.04359999999999997,3.088118866327286,9.6391464e-05,2.4657447e-05,0.0,0.25,3.3940327,3.6391153,2.4645283,-3.6805658,9.034377,1.4403846153846125,0.3148580162497027,0.5403846153846137,0.1303998069342795,1.0041953490458244,0.19770823417902103,True,Goblet vs Rest,Goblet,Rest,Ly6g6e
777,Nr2f2,0.9564,0.04359999999999997,3.088118866327286,5.0996645e-05,1.3326767e-05,0.0,0.25,1.9325389,1.9579868,1.3427594,-3.7054996,7.046077,0.6249999999999989,0.09484353632048907,0.33653846153846056,0.065642345748531,0.5333049100569223,0.08446658285025277,True,Goblet vs Rest,Goblet,Rest,Nr2f2
778,Tprg1,0.9564,0.04359999999999997,3.088118866327286,8.5679705e-05,1.5340876e-05,0.0,0.25,2.4818163,2.4868674,2.3279526,-6.4790363,9.545547,1.3249999999999977,0.14729305767838535,0.373076923076922,0.06467701713458196,0.9302994603609726,0.09110006260565243,True,Goblet vs Rest,Goblet,Rest,Tprg1
779,Ece1,0.9564,0.04359999999999997,3.088118866327286,0.00015804086,4.1303254e-05,0.0,0.25,2.4030032,2.4608574,1.5677882,-2.8267527,7.9304323,2.373076923076917,0.45507199742580134,0.7326923076923053,0.22218646931060126,1.8770159333447989,0.39301986216314777,True,Goblet vs Rest,Goblet,Rest,Ece1
780,Fam3b,0.9564,0.04359999999999997,3.088118866327286,5.4588265e-05,1.2073391e-05,0.0,0.25,3.9642375,3.9570355,3.5053914,-6.372265,13.620287,0.5442307692307687,0.08704046335773465,0.20384615384615334,0.04512911270211528,0.49009171365202525,0.06001500819519262,True,Goblet vs Rest,Goblet,Rest,Fam3b
781,Orm1,0.9562,0.04379999999999995,3.0833330609571905,0.00042784656,0.0001543342,0.0,0.25,2.6673417,2.9414296,2.9390707,-7.694623,10.413929,5.850000000000014,2.7910867991312034,0.5596153846153828,0.2015123481618592,3.981945410955346,1.5514690270252445,True,Goblet vs Rest,Goblet,Rest,Orm1
782,Egln3,0.9562,0.04379999999999995,3.0833330609571905,0.000112067355,2.822575e-05,0.0,0.25,2.25555,2.2436728,1.6486773,-3.6974306,7.7512703,1.4057692307692282,0.30938782077065885,0.4730769230769216,0.146569061217926,0.9848482614763385,0.2536592829375121,True,Goblet vs Rest,Goblet,Rest,Egln3
783,Pmm1,0.956,0.04400000000000004,3.078568062320689,0.00026584647,8.2230705e-05,0.0,0.25,1.7997304,1.8355637,1.1673014,-3.5392513,5.7715816,3.8788461538461445,1.0060333038371254,0.7346153846153822,0.43463920843055376,2.9605196835510315,0.8077123252510608,True,Goblet vs Rest,Goblet,Rest,Pmm1
784,Krt79,0.9558,0.04420000000000002,3.0738236812785265,0.00012057364,5.0798048e-05,0.0,0.25,2.7716706,2.949757,2.8929245,-7.0848713,9.252883,1.2288461538461528,0.5475022122114096,0.19038461538461493,0.09218888263212976,0.8686009964740855,0.35815703525004977,True,Goblet vs Rest,Goblet,Rest,Krt79
785,Tent5b,0.9556,0.044399999999999995,3.0690997312529054,2.5728119e-05,7.745115e-06,0.0,0.25,2.375166,2.5011263,1.63837,-3.3754025,7.118333,0.30384615384615343,0.05783927278577719,0.21346153846153793,0.03780870404633565,0.22590188380438014,0.03950029067099955,True,Goblet vs Rest,Goblet,Rest,Tent5b
786,Tff3,0.9556,0.044399999999999995,3.0690997312529054,0.00024820352,9.194434e-05,0.0,0.25,2.5000677,2.6638675,3.0986505,-6.0623064,10.734717,3.4134615384615374,1.8154613466333966,0.1499999999999997,0.10152039256697054,2.2655871461681896,1.1257260171617218,True,Goblet vs Rest,Goblet,Rest,Tff3
787,Cfap43,0.9556,0.044399999999999995,3.0690997312529054,1.5903117e-05,4.464466e-06,0.0,0.25,2.2459862,2.2999315,1.6102263,-5.3465643,7.708357,0.14230769230769214,0.0283967500603331,0.12115384615384595,0.019708792534792102,0.11626508806761218,0.019731706741695516,True,Goblet vs Rest,Goblet,Rest,Cfap43
788,2300002M23Rik,0.9556,0.044399999999999995,3.0690997312529054,5.4730706e-05,1.0508105e-05,0.0,0.25,2.8843498,2.9957123,2.7903523,-5.7755575,10.181099,0.7211538461538458,0.14890193870163315,0.13653846153846128,0.026626980934759965,0.580977595814117,0.09301421085491653,True,Goblet vs Rest,Goblet,Rest,2300002M23Rik
789,Fabp6,0.9556,0.044399999999999995,3.0690997312529054,5.505709e-05,9.46191e-05,0.0,0.25,1.0531652,1.4781752,3.0179667,-7.426428,8.786358,0.5134615384615376,2.3378650148821296,0.28653846153846074,0.11382833239482087,0.36217387120613787,1.3588725020936157,True,Goblet vs Rest,Goblet,Rest,Fabp6
790,Ppfibp2,0.9554,0.04459999999999997,3.0643960281814424,8.591868e-05,2.2776148e-05,0.0,0.25,2.6984065,2.7996073,2.3094714,-3.8596754,8.9806,1.2307692307692284,0.2801866301987004,0.45384615384615246,0.12549271981337184,0.8720828442412407,0.18870517682396123,True,Goblet vs Rest,Goblet,Rest,Ppfibp2
791,Cst6,0.9554,0.04459999999999997,3.0643960281814424,0.0023323935,0.00090250827,0.0,0.25,2.5863626,2.7589087,2.736239,-8.234996,9.634439,23.109615384615427,19.328533504947163,0.8192307692307665,0.5260236505510455,14.66715004071304,12.556471290348318,True,Goblet vs Rest,Goblet,Rest,Cst6
792,AI661453,0.9554,0.04459999999999997,3.0643960281814424,9.772023e-05,1.71657e-05,0.0,0.25,2.3557951,2.3047075,1.6363732,-4.0859766,8.478713,1.2269230769230743,0.14568417665513744,0.4807692307692293,0.10192261282278264,1.0838195452207744,0.13054622412144443,True,Goblet vs Rest,Goblet,Rest,AI661453
793,Cdo1,0.9554,0.04459999999999997,3.0643960281814424,0.0005988552,0.0001956736,0.0,0.25,2.6540508,2.8191342,2.2000933,-4.644046,9.242438,9.632692307692341,2.9961386855441954,0.784615384615382,0.3351299171426396,7.121460967257889,1.9138789181425258,True,Goblet vs Rest,Goblet,Rest,Cdo1
794,Pcdh1,0.9552,0.04479999999999995,3.0597123904721504,8.738807e-05,2.331592e-05,0.0,0.25,2.597264,2.67836,2.194926,-6.0177755,8.591156,0.9384615384615362,0.23183975545008767,0.46730769230769087,0.12758426514359478,0.7669770896359486,0.18627092547780005,True,Goblet vs Rest,Goblet,Rest,Pcdh1
795,Fam3d,0.9552,0.04479999999999995,3.0597123904721504,0.0006172035,0.00016793315,0.0,0.25,3.5080163,3.923039,2.7286856,-4.5011625,9.400537,9.411538461538502,2.436811197811893,0.8807692307692279,0.3239481940310632,7.022636420644246,1.654969893823617,True,Goblet vs Rest,Goblet,Rest,Fam3d
796,Spdef,0.955,0.04500000000000004,3.0550486389594163,4.9727627e-05,1.0876115e-05,0.0,0.25,3.3563817,3.382526,2.774038,-5.3339367,12.401304,0.3788461538461536,0.06338991231598405,0.1153846153846152,0.018502131767355847,0.37462400977658633,0.039356367940137645,True,Goblet vs Rest,Goblet,Rest,Spdef
797,Lypd2,0.9548,0.04520000000000002,3.0504045968609734,0.00021437876,0.00011592532,0.0,0.25,1.8641819,2.1123023,2.7683866,-5.354995,9.202489,3.199999999999998,1.6889228541549073,0.2826923076923069,0.16273831550157253,2.278477689478993,1.02730793080321,True,Goblet vs Rest,Goblet,Rest,Lypd2
798,Klhdc8a,0.9546,0.045399999999999996,3.0457800897357927,0.00015829934,4.687277e-05,0.0,0.25,2.0056527,2.0893893,1.1521934,-2.8443747,5.3247585,2.209615384615379,0.5585230472206629,0.6615384615384594,0.23554018180356306,1.7296551111046021,0.3696264044418894,True,Goblet vs Rest,Goblet,Rest,Klhdc8a
799,Tspan7,0.9544,0.045599999999999974,3.041174945442932,5.850461e-05,1.7935497e-05,0.0,0.25,2.0505488,2.1360893,1.1783054,-1.8920212,5.9976873,0.7634615384615367,0.1895261845386561,0.41538461538461413,0.13289357252031453,0.6063781981965902,0.1619251587397232,True,Goblet vs Rest,Goblet,Rest,Tspan7
800,Cryab,0.9542,0.04579999999999995,3.036588994101264,0.00092486735,0.00024245148,0.0,0.25,2.0979245,2.132217,1.5670685,-4.2001743,6.760012,9.844230769230826,4.103531493846108,0.8288461538461511,0.5429169012951421,7.469934582668766,2.7152004894937574,True,Goblet vs Rest,Goblet,Rest,Cryab
801,Smagp,0.9542,0.04579999999999995,3.036588994101264,0.00013209264,3.6029945e-05,0.0,0.25,3.0130339,3.1749334,2.1517203,-3.2912712,8.502859,2.073076923076918,0.41082776928646836,0.6961538461538439,0.14423618373421582,1.5066828980782612,0.25517172650825853,True,Goblet vs Rest,Goblet,Rest,Smagp
802,Slpi,0.9542,0.04579999999999995,3.036588994101264,0.000280985,7.850458e-05,0.0,0.25,3.035037,3.1384425,2.7614846,-4.467083,11.216024,4.096153846153844,2.1661169656503696,0.45192307692307554,0.11205856326924762,3.115024606295351,1.1923512194906,True,Goblet vs Rest,Goblet,Rest,Slpi
803,Gas1,0.954,0.04600000000000004,3.03202206805009,5.8057652e-05,0.00024841126,0.0,0.25,-1.9131101,-1.9075613,3.1539056,-12.261162,7.2580376,0.2673076923076922,1.4697128147372793,0.1269230769230767,0.3907972005470346,0.19398693715648835,2.349209279631669,True,Goblet vs Rest,Goblet,Rest,Gas1
804,Sat1,0.954,0.04600000000000004,3.03202206805009,0.0008642476,0.00025865936,0.0,0.25,2.150435,2.2337904,1.3562375,-2.3022213,6.2037916,12.098076923076984,3.6057437052529955,0.9423076923076892,0.5733247526345161,9.1956411107613,2.7911158806302376,True,Goblet vs Rest,Goblet,Rest,Sat1
805,Eps8l1,0.954,0.04600000000000004,3.03202206805009,7.739963e-05,2.0934733e-05,0.0,0.25,2.4395044,2.4321175,1.705335,-3.6743984,9.050329,1.0211538461538436,0.19982302308744532,0.49807692307692153,0.12436650309709796,0.7928886372274875,0.20377743787468575,True,Goblet vs Rest,Goblet,Rest,Eps8l1
806,Syt8,0.954,0.04600000000000004,3.03202206805009,6.077436e-05,1.5729598e-05,0.0,0.25,2.992908,2.990703,2.5474324,-4.7040224,9.002027,0.7442307692307679,0.19668570509211064,0.35961538461538356,0.10280749738556927,0.6257768543972874,0.12655051654390892,True,Goblet vs Rest,Goblet,Rest,Syt8
807,Cldn10,0.954,0.04600000000000004,3.03202206805009,6.811151e-05,1.3785656e-05,0.0,0.25,3.3973546,3.479988,2.5920365,-4.0841913,10.916116,0.792307692307692,0.11760920279945294,0.10769230769230753,0.035878046818437724,0.6022493415832023,0.0767414896726619,True,Goblet vs Rest,Goblet,Rest,Cldn10
808,Lacc1,0.954,0.04600000000000004,3.03202206805009,2.0337098e-05,7.2069546e-05,0.0,0.25,-1.817408,-1.8264127,1.0681045,-5.735717,1.8969421,0.24038461538461492,0.7330061941919048,0.17692307692307652,0.4171024052771461,0.18039834045538108,0.7551559778454212,True,Goblet vs Rest,Goblet,Rest,Lacc1
809,Rasal1,0.9538,0.04620000000000002,3.0274740018106154,2.352194e-05,6.040734e-06,0.0,0.25,2.9387512,2.935246,2.3736415,-4.8449745,8.869732,0.29230769230769194,0.05542595125090465,0.1980769230769226,0.039498029120746334,0.2343826416859273,0.03878326609768088,True,Goblet vs Rest,Goblet,Rest,Rasal1
810,Gjb6,0.9538,0.04620000000000002,3.0274740018106154,9.65908e-05,2.7408194e-05,0.0,0.25,2.5826967,2.6798635,2.5212038,-6.796173,8.786335,1.301923076923075,0.22733488858499043,0.349999999999999,0.08036360711125395,0.9919468913538363,0.1539516408418901,True,Goblet vs Rest,Goblet,Rest,Gjb6
811,Wfdc15b,0.9536,0.0464,3.0229446320482345,6.504587e-05,3.391825e-05,0.0,0.25,1.9250938,2.1928005,3.0605645,-8.099745,9.873047,1.0365384615384607,0.49312203362561835,0.20769230769230718,0.09725685785536226,0.7657096921100733,0.3077942479301998,True,Goblet vs Rest,Goblet,Rest,Wfdc15b
812,Ttc9,0.9536,0.0464,3.0229446320482345,3.542811e-05,8.434826e-06,0.0,0.25,2.355635,2.3907413,1.7020543,-3.1082163,8.995614,0.2749999999999998,0.028396750060333095,0.1384615384615382,0.016893250744107507,0.23434703575034133,0.019123976449184222,True,Goblet vs Rest,Goblet,Rest,Ttc9
813,Wwc1,0.9534,0.046599999999999975,3.0184337975356508,0.00012962628,3.758543e-05,0.0,0.25,1.9352984,1.9885225,1.2454374,-3.6013317,7.062043,1.5711538461538421,0.38572922532379755,0.671153846153844,0.22645000402220955,1.251029083915041,0.3345826109801171,True,Goblet vs Rest,Goblet,Rest,Wwc1
814,Gsta1,0.9532,0.04679999999999995,3.0139413391167738,3.529645e-05,2.0910937e-05,0.0,0.25,1.9741943,2.159544,3.0346124,-7.8461657,9.272214,0.36153846153846125,0.18268844018984848,0.11923076923076903,0.051805968948595606,0.2092095245588371,0.10285027555761338,True,Goblet vs Rest,Goblet,Rest,Gsta1
815,Cftr,0.9532,0.04679999999999995,3.0139413391167738,0.000111624526,3.6268073e-05,0.0,0.25,2.2611914,2.340539,1.7524253,-4.255224,6.8903704,1.459615384615381,0.42892768079801424,0.5634615384615367,0.18727375110611078,1.1374250615909849,0.317496166036137,True,Goblet vs Rest,Goblet,Rest,Cftr
816,Cd9,0.9532,0.04679999999999995,3.0139413391167738,0.0023501972,0.000892439,0.0,0.25,1.5799323,1.5965891,1.0018322,-2.653223,5.0853777,32.553846153846195,13.083581369158102,0.9903846153846121,0.9186710642745489,22.93567435713266,9.983901688558372,True,Goblet vs Rest,Goblet,Rest,Cd9
817,Fcgr3,0.953,0.04700000000000004,3.0094670996713875,2.7561873e-05,6.2463496e-06,0.0,0.25,3.0235167,2.992722,2.7123244,-4.877923,11.089703,0.3307692307692306,0.05429973453463105,0.13461538461538436,0.02276566647896395,0.2451794038855278,0.03161735790529531,True,Goblet vs Rest,Goblet,Rest,Fcgr3
818,Vmo1,0.953,0.04700000000000004,3.0094670996713875,0.00046750263,0.0004640258,0.0,0.25,1.3576512,1.6413856,2.9541037,-7.0587106,8.854753,6.582692307692322,9.281473735017448,0.4942307692307677,0.432386774998006,4.2079719561294695,5.026928846915323,True,Goblet vs Rest,Goblet,Rest,Vmo1
819,Acta2,0.953,0.04700000000000004,3.0094670996713875,8.1012964e-05,0.00035746978,0.0,0.25,-1.540685,-1.6811395,2.9019313,-8.159479,6.9347143,0.48076923076923045,3.118011423055284,0.14615384615384586,0.3420481055426078,0.25585907410544934,3.8893257948615174,True,Goblet vs Rest,Goblet,Rest,Acta2
820,Lmo7,0.9528,0.04720000000000002,3.005010924080578,0.00027422793,6.189656e-05,0.0,0.25,2.9385,2.9523563,2.099489,-4.340907,8.828657,3.667307692307684,0.8473171908937136,0.761538461538459,0.3078593837985791,2.965935157463874,0.6174762702487087,True,Goblet vs Rest,Goblet,Rest,Lmo7
821,Dsg3,0.9528,0.04720000000000002,3.005010924080578,7.6036726e-05,1.5097311e-05,0.0,0.25,2.428151,2.515973,2.1823337,-4.822294,8.92976,1.0384615384615368,0.13627222266913389,0.3673076923076912,0.06499879333923164,0.8340994835247311,0.09374539318903792,True,Goblet vs Rest,Goblet,Rest,Dsg3
822,Ctxn3,0.9528,0.04720000000000002,3.005010924080578,3.5192214e-05,9.568473e-06,0.0,0.25,2.8730063,3.0583653,2.6936972,-5.138857,11.228962,0.4307692307692307,0.037728259995173354,0.11346153846153828,0.015927922130158503,0.30311624727948383,0.023686886897002723,True,Goblet vs Rest,Goblet,Rest,Ctxn3
823,Rad51b,0.9526,0.0474,3.0005726591928727,6.5997556e-05,3.08682e-05,0.0,0.25,1.6232486,1.8242021,1.54093,-4.2271204,5.9368544,0.9692307692307679,0.449682245997917,0.3615384615384605,0.17504625532942286,0.6844286510355341,0.3092100305717306,True,Goblet vs Rest,Goblet,Rest,Rad51b
824,Pigz,0.9526,0.0474,3.0005726591928727,0.00010034268,2.3875664e-05,0.0,0.25,2.5573053,2.6728702,2.4744093,-3.955018,8.410374,0.9519230769230758,0.2448716917383993,0.22692307692307634,0.12597538412034637,0.7090655858891166,0.1506017655935718,True,Goblet vs Rest,Goblet,Rest,Pigz
825,Napsa,0.9526,0.0474,3.0005726591928727,6.9522925e-05,6.861933e-05,0.0,0.25,1.0767069,1.3821487,2.7318263,-7.039339,8.445314,0.8557692307692301,1.2915292414125719,0.15576923076923044,0.1948354919153783,0.5663736291984109,0.6984983153649569,True,Goblet vs Rest,Goblet,Rest,Napsa
826,Aldh1a3,0.9526,0.0474,3.0005726591928727,0.00014929843,3.7336442e-05,0.0,0.25,1.910808,1.8925185,1.1953061,-3.1883698,6.431121,1.5326923076923042,0.410505993081822,0.5442307692307675,0.2227495776687382,1.2766637943872385,0.30423014712775565,True,Goblet vs Rest,Goblet,Rest,Aldh1a3
827,Hcar2,0.9524,0.047599999999999976,2.996152153791112,7.2140545e-05,2.5033023e-05,0.0,0.25,1.9969424,2.0792751,1.4196005,-2.7957067,6.925267,0.9365384615384594,0.23843616764540526,0.4326923076923064,0.11503499316225718,0.696715964141172,0.18636014477590063,True,Goblet vs Rest,Goblet,Rest,Hcar2
828,Fam83e,0.9524,0.047599999999999976,2.996152153791112,2.8745002e-05,8.311113e-06,0.0,0.25,2.1828365,2.2449288,1.7629958,-5.386323,7.672241,0.18846153846153824,0.04899042715791146,0.13653846153846128,0.03459094199983911,0.13863279060673733,0.043130243187601044,True,Goblet vs Rest,Goblet,Rest,Fam83e
829,Epb41l3,0.9524,0.047599999999999976,2.996152153791112,1.7169998e-05,6.1083054e-05,0.0,0.25,-1.73134,-1.7470207,1.1508366,-5.9196224,2.3447514,0.12692307692307686,0.6325315742900721,0.1038461538461537,0.3251548547984995,0.0957571480484749,0.566573666168696,True,Goblet vs Rest,Goblet,Rest,Epb41l3
830,Gm7609,0.9522,0.047799999999999954,2.9917492585600054,6.9340036e-05,2.1655904e-05,0.0,0.25,1.7052228,1.7357006,0.9588887,-2.2871084,6.458786,0.8423076923076906,0.1817231115759022,0.4346153846153833,0.14423618373421582,0.677605378153432,0.16839759282803157,True,Goblet vs Rest,Goblet,Rest,Gm7609
831,Pglyrp1,0.952,0.04800000000000004,2.987363826054364,0.0011227658,0.00031695078,0.0,0.25,3.0124335,3.2016778,2.5270252,-5.9707522,10.227804,16.434615384615437,6.51596814415586,0.7788461538461513,0.4097015525702034,11.874817971356526,3.9412472145529933,True,Goblet vs Rest,Goblet,Rest,Pglyrp1
832,Ly6m,0.952,0.04800000000000004,2.987363826054364,0.00013612321,1.9347195e-05,0.0,0.25,2.4127712,2.176578,3.286333,-7.4790974,10.460927,2.648076923076921,0.26160405438018036,0.2961538461538453,0.06572278979969343,1.8340916968850833,0.16480744626569171,True,Goblet vs Rest,Goblet,Rest,Ly6m
833,Slc46a3,0.9518,0.04820000000000002,2.982995710668006,2.6487476e-05,6.9485577e-06,0.0,0.25,2.4197662,2.5162177,1.7662425,-5.39557,8.319309,0.36153846153846086,0.0699058804601396,0.24230769230769167,0.05196685705092043,0.28107507713636254,0.0479761068014475,True,Goblet vs Rest,Goblet,Rest,Slc46a3
834,Map3k6,0.9518,0.04820000000000002,2.982995710668006,0.000112827634,3.7424787e-05,0.0,0.25,2.1916258,2.3119535,1.7639974,-4.9337435,7.5346565,1.6711538461538424,0.5220818920440898,0.5519230769230752,0.17134582897595152,1.1921530646194411,0.33331057178714674,True,Goblet vs Rest,Goblet,Rest,Map3k6
835,Klk1b16,0.9516,0.0484,2.978644768603285,0.000111699774,3.676909e-05,0.0,0.25,2.4362247,2.6435418,2.716615,-8.564066,10.841727,1.9480769230769224,0.746038130480247,0.10961538461538445,0.03941758506958392,1.1533037470715537,0.4283643953030263,True,Goblet vs Rest,Goblet,Rest,Klk1b16
836,Ly6i,0.9516,0.0484,2.978644768603285,7.691299e-05,1.9310286e-05,0.0,0.25,2.4373722,2.4743152,2.5152843,-5.2827587,10.056421,1.4923076923076914,0.31936288311479777,0.29999999999999916,0.11044968224599921,1.0120274918796057,0.1951987658238742,True,Goblet vs Rest,Goblet,Rest,Ly6i
837,Fxyd3,0.9516,0.0484,2.978644768603285,0.0017087182,0.00050036825,0.0,0.25,2.2831984,2.2839375,1.4456271,-2.448883,7.459179,25.861538461538508,6.115678545571628,0.9653846153846122,0.6351862279783748,18.83860271490632,4.907701423278722,True,Goblet vs Rest,Goblet,Rest,Fxyd3
838,Wfdc17,0.9516,0.0484,2.978644768603285,0.00063672784,0.00015700667,0.0,0.25,2.3566089,2.386413,2.8353078,-7.974248,11.253012,12.596153846153879,3.1184136433110927,0.41923076923076796,0.2274153326361586,8.190946636238833,1.799018922200007,True,Goblet vs Rest,Goblet,Rest,Wfdc17
839,Cldn4,0.9516,0.0484,2.978644768603285,0.0005988509,0.00016207232,0.0,0.25,2.6269817,2.7329268,1.7130274,-2.3386564,6.97954,8.576923076923098,2.302710964524125,0.8865384615384586,0.3936127423377193,6.566622345634273,1.5889046924580548,True,Goblet vs Rest,Goblet,Rest,Cldn4
840,Edn1,0.9516,0.0484,2.978644768603285,0.0001283054,2.7620568e-05,0.0,0.25,2.7115004,2.7946768,2.1215978,-3.9612522,8.744083,1.6134615384615372,0.38870565521680084,0.34423076923076823,0.10103772825999602,1.2955481634189039,0.28625638953326066,True,Goblet vs Rest,Goblet,Rest,Edn1
841,Saa1,0.9514,0.04859999999999998,2.974310857841264,0.0003526204,0.00010078186,0.0,0.25,2.858374,3.1066604,2.9234774,-4.9559784,10.124511,6.713461538461548,1.320649987933381,0.18461538461538418,0.09653286139490047,4.890201793990672,0.7807983389675435,True,Goblet vs Rest,Goblet,Rest,Saa1
842,Btc,0.9514,0.04859999999999998,2.974310857841264,4.3118085e-05,1.27058665e-05,0.0,0.25,2.2460554,2.2227612,1.4299915,-2.421238,5.958129,0.46730769230769115,0.1767355804038317,0.3192307692307683,0.12348161853431133,0.3718638820397808,0.12032249559765383,True,Goblet vs Rest,Goblet,Rest,Btc
843,Col4a1,0.9514,0.04859999999999998,2.974310857841264,3.791308e-05,0.00016246416,0.0,0.25,-2.1167557,-2.141251,1.9184693,-7.826006,4.6270847,0.30961538461538435,1.3508165071191855,0.15961538461538427,0.5375271498672637,0.20387242138827444,1.5192152033777095,True,Goblet vs Rest,Goblet,Rest,Col4a1
844,Dtx3,0.9512,0.048799999999999955,2.969993838112496,1.4136345e-05,4.8990925e-05,0.0,0.25,-1.8352362,-1.8029613,1.3757774,-6.4301863,3.0364208,0.15192307692307672,0.4420400611374924,0.13076923076923053,0.27825597297080834,0.14339996724397425,0.45223983955827435,True,Goblet vs Rest,Goblet,Rest,Dtx3
845,Ceacam19,0.9512,0.048799999999999955,2.969993838112496,2.07905e-05,6.43789e-06,0.0,0.25,2.3427558,2.5284967,1.8497376,-5.6231146,7.263418,0.26153846153846105,0.06041348242297448,0.1999999999999995,0.04191135065561874,0.22524835170161328,0.04436361357652568,True,Goblet vs Rest,Goblet,Rest,Ceacam19
846,Tyro3,0.9512,0.048799999999999955,2.969993838112496,3.993722e-05,1.2058594e-05,0.0,0.25,2.3506238,2.5133271,1.5334185,-2.8112612,6.797757,0.45384615384615307,0.07328453060896105,0.3076923076923068,0.049312203362560786,0.38499183200974046,0.05888401328096006,True,Goblet vs Rest,Goblet,Rest,Tyro3
847,Styk1,0.951,0.049000000000000044,2.9656935708683982,3.20602e-05,9.237621e-06,0.0,0.25,2.1646583,2.2627964,1.7143906,-4.7131023,8.702993,0.41153846153846085,0.08108760357171561,0.27692307692307616,0.060413482422973855,0.3286369255041253,0.06880329105858664,True,Goblet vs Rest,Goblet,Rest,Styk1
848,Ttc36,0.951,0.049000000000000044,2.9656935708683982,0.0005079447,0.000162301,0.0,0.25,3.127004,3.2558408,2.7353134,-4.810446,9.650709,7.9153846153846406,2.3100313731799353,0.7653846153846129,0.2620062746359994,5.359730024577211,1.4731038458095058,True,Goblet vs Rest,Goblet,Rest,Ttc36
849,Orm2,0.951,0.049000000000000044,2.9656935708683982,4.109249e-05,1.2886402e-05,0.0,0.25,1.9549148,2.0113015,3.3852925,-7.8268976,11.060805,0.6923076923076921,0.18590620223634527,0.10192307692307678,0.04456600434397839,0.47786428802896896,0.11241676332129169,True,Goblet vs Rest,Goblet,Rest,Orm2
850,Sdcbp2,0.951,0.049000000000000044,2.9656935708683982,2.3512808e-05,2.0927873e-05,0.0,0.25,1.914542,2.06007,3.1885343,-6.8285093,9.682886,0.26538461538461516,0.11760920279945322,0.15576923076923044,0.04947309146488561,0.2252779251542447,0.07574382773792598,True,Goblet vs Rest,Goblet,Rest,Sdcbp2
851,Gm11992,0.9508,0.04920000000000002,2.961409919253223,2.3102986e-05,8.319088e-06,0.0,0.25,2.1736338,2.302846,2.5346801,-5.193804,8.361293,0.20769230769230757,0.06532056954388195,0.10192307692307678,0.03805003619982289,0.15154552344462546,0.04243439552757978,True,Goblet vs Rest,Goblet,Rest,Gm11992
852,Ldhd,0.9508,0.04920000000000002,2.961409919253223,1.8659859e-05,7.706539e-06,0.0,0.25,1.8471818,1.9974422,1.5259398,-4.06409,6.247305,0.14615384615384597,0.06837744348805362,0.11923076923076903,0.0523690773067325,0.11774345019294576,0.05262138731195953,True,Goblet vs Rest,Goblet,Rest,Ldhd
853,Lgals3,0.9508,0.04920000000000002,2.961409919253223,0.00022181914,7.010729e-05,0.0,0.25,2.778167,3.0073104,2.2854264,-4.1635895,9.270605,2.7192307692307653,1.1826884401898219,0.5538461538461521,0.16354275601319673,2.223591087490448,0.7146347480470591,True,Goblet vs Rest,Goblet,Rest,Lgals3
854,Alcam,0.9508,0.04920000000000002,2.961409919253223,0.00073076953,0.0002341437,0.0,0.25,1.8633951,1.9835033,1.298796,-3.6428642,7.029395,8.894230769230798,2.8537527149866784,0.8519230769230741,0.607030810071547,6.411993229305462,2.2503859950018352,True,Goblet vs Rest,Goblet,Rest,Alcam
855,Sowahb,0.9506,0.0494,2.9571427480765746,3.161886e-05,8.279394e-06,0.0,0.25,2.0152624,2.0167522,1.3569412,-3.107625,8.332388,0.382692307692307,0.06306813611133391,0.2673076923076916,0.05325396186951905,0.3621370868036285,0.04903812400376511,True,Goblet vs Rest,Goblet,Rest,Sowahb
856,Atp8b1,0.9506,0.0494,2.9571427480765746,3.527196e-05,1.00743455e-05,0.0,0.25,2.4368725,2.5382829,1.7510165,-4.1710854,7.590185,0.44615384615384523,0.10457726651114167,0.29807692307692224,0.07947872254846733,0.336998208408274,0.08850392651326056,True,Goblet vs Rest,Goblet,Rest,Atp8b1
857,Vnn3,0.9506,0.0494,2.9571427480765746,4.2533695e-05,1.814048e-05,0.0,0.25,2.127536,2.20861,2.1570833,-5.0832777,10.431439,0.23846153846153825,0.11036923819483549,0.11923076923076903,0.04014158153004564,0.18951143735982234,0.07969588807906114,True,Goblet vs Rest,Goblet,Rest,Vnn3
858,Serpina1e,0.9506,0.0494,2.9571427480765746,0.000101110134,2.4946836e-05,0.0,0.25,3.468807,3.6433043,2.4836602,-3.578021,9.966776,0.959615384615384,0.264821816426676,0.17115384615384577,0.051323304641621124,0.7072045206693233,0.1589258283089046,True,Goblet vs Rest,Goblet,Rest,Serpina1e
859,Ramp2,0.9504,0.04959999999999998,2.9528919237865017,3.0388821e-05,1.315421e-05,0.0,0.25,2.4041634,2.522461,2.9809458,-6.14948,11.372995,0.31346153846153824,0.0879253479205211,0.10961538461538445,0.023489662939425702,0.24201702725236368,0.05321916906649504,True,Goblet vs Rest,Goblet,Rest,Ramp2
860,Nectin4,0.9504,0.04959999999999998,2.9528919237865017,0.00010744746,3.4033306e-05,0.0,0.25,1.8587668,1.891326,1.2912413,-2.7184963,7.3141403,1.1153846153846128,0.31501890435203067,0.5423076923076906,0.19113506556190696,0.8589183108960913,0.2431500772727435,True,Goblet vs Rest,Goblet,Rest,Nectin4
861,Rnf186,0.9502,0.049799999999999955,2.948657314443122,6.460819e-05,1.8995586e-05,0.0,0.25,2.4361098,2.5759616,1.8956141,-3.565463,7.776474,0.6384615384615374,0.20263856487812937,0.3019230769230761,0.09170621832515524,0.5093615889158954,0.13073404779791845,True,Goblet vs Rest,Goblet,Rest,Rnf186
862,Cib3,0.9502,0.049799999999999955,2.948657314443122,0.00020598808,7.193285e-05,0.0,0.25,2.1627765,2.2501965,2.4456208,-5.86147,9.595148,2.355769230769228,0.9638001769768939,0.4134615384615372,0.19628348483630187,1.6861377654791951,0.5871456430436367,True,Goblet vs Rest,Goblet,Rest,Cib3
863,Pik3ap1,0.9502,0.049799999999999955,2.948657314443122,2.9299123e-05,8.20377e-06,0.0,0.25,2.2415197,2.3214889,1.6397806,-2.6639814,8.306282,0.38653846153846083,0.10304882953905566,0.27307692307692233,0.07497385568337178,0.2899295006430613,0.07624441294622848,True,Goblet vs Rest,Goblet,Rest,Pik3ap1
864,Crct1,0.9502,0.049799999999999955,2.948657314443122,0.0004397556,0.00010390869,0.0,0.25,2.4412518,2.3219066,3.378869,-9.305044,13.773661,11.475000000000016,2.708872978843223,0.27307692307692233,0.07336497466012337,9.670815938463678,1.9414319211565025,True,Goblet vs Rest,Goblet,Rest,Crct1
865,Itprid1,0.9498,0.05020000000000002,2.9402362207427024,3.7679994e-05,1.0687682e-05,0.0,0.25,1.9361457,2.0040407,1.3861338,-4.1238403,6.358225,0.3442307692307688,0.028638082213820353,0.21730769230769176,0.019387016330142434,0.28017329281893016,0.02501010684893922,True,Goblet vs Rest,Goblet,Rest,Itprid1
866,Htra3,0.9498,0.05020000000000002,2.9402362207427024,1.3686385e-05,5.6476206e-06,0.0,0.25,2.2575223,2.3723984,2.4826035,-6.4170284,11.043005,0.1653846153846152,0.019306572278979976,0.10192307692307678,0.0075617408092671385,0.13603432471826313,0.012448322331653345,True,Goblet vs Rest,Goblet,Rest,Htra3
867,Atp10b,0.9498,0.05020000000000002,2.9402362207427024,7.7720535e-05,2.0129366e-05,0.0,0.25,2.9783165,3.0324082,2.2185626,-4.4035254,8.926659,1.019230769230767,0.19016973694795503,0.509615384615383,0.10699058804601513,0.8367774175009943,0.14401465282103587,True,Goblet vs Rest,Goblet,Rest,Atp10b
868,Reg3g,0.9498,0.05020000000000002,2.9402362207427024,0.0016666433,0.0005750802,0.0,0.25,2.399834,2.5933032,2.666894,-7.435597,9.398441,32.2461538461539,14.899927600354433,0.5019230769230754,0.41935483870969387,19.562754010779692,8.540747256931622,True,Goblet vs Rest,Goblet,Rest,Reg3g
869,Prap1,0.9498,0.05020000000000002,2.9402362207427024,0.00014806379,8.1101236e-05,0.0,0.25,2.0614264,2.1011057,2.9516988,-7.8220367,10.487005,1.0846153846153843,0.8060493926474068,0.11923076923076903,0.05960904191134972,0.7348993857831034,0.5527876905589434,True,Goblet vs Rest,Goblet,Rest,Prap1
870,Ifitm6,0.9498,0.05020000000000002,2.9402362207427024,1.7565622e-05,6.757304e-06,0.0,0.25,2.793551,2.9655237,2.6814733,-6.4357977,11.177289,0.18461538461538446,0.06025259432064976,0.11346153846153828,0.025742096371973378,0.14385774901429757,0.03649262143373873,True,Goblet vs Rest,Goblet,Rest,Ifitm6
871,Wfdc18,0.9498,0.05020000000000002,2.9402362207427024,0.0055049974,0.0015178438,0.0,0.25,2.4519567,2.445434,2.015189,-4.943768,9.077099,145.9788461538464,30.206017215025867,0.9423076923076892,0.6964041509129345,97.92917977777888,21.68576189446642,True,Goblet vs Rest,Goblet,Rest,Wfdc18
872,Wfdc21,0.9498,0.05020000000000002,2.9402362207427024,0.000381472,0.0001911984,0.0,0.25,1.9982005,2.1661234,3.1342576,-9.165631,10.670092,5.705769230769236,4.154533022283033,0.1615384615384612,0.21671627383155667,3.2295695276879512,2.4236959720127977,True,Goblet vs Rest,Goblet,Rest,Wfdc21
873,Clic6,0.9496,0.0504,2.936049480336206,4.2754287e-05,1.1709212e-05,0.0,0.25,3.011461,3.1708026,2.0869093,-3.208582,8.140136,0.3749999999999994,0.05655216796717864,0.21730769230769176,0.03000563108358148,0.32099208147157615,0.041373511397982586,True,Goblet vs Rest,Goblet,Rest,Clic6
874,Garem1,0.9496,0.0504,2.936049480336206,3.6304875e-05,1.0284683e-05,0.0,0.25,2.226386,2.32197,1.8948386,-5.0969334,9.140866,0.4403846153846145,0.10152039256696957,0.26346153846153775,0.07288231035314885,0.3100808321056071,0.07840239799559351,True,Goblet vs Rest,Goblet,Rest,Garem1
875,Phf11b,0.9494,0.05059999999999998,2.931878442728327,2.115526e-05,8.055225e-06,0.0,0.25,2.4565337,2.657113,2.2525957,-4.811943,8.806023,0.2596153846153844,0.07441074732523506,0.16538461538461502,0.03853270050679737,0.1837439091907361,0.0482758649814998,True,Goblet vs Rest,Goblet,Rest,Phf11b
876,Macc1,0.9494,0.05059999999999998,2.931878442728327,0.00012837038,3.9371902e-05,0.0,0.25,2.1373682,2.2016964,1.4410576,-2.7565165,6.486603,1.5346153846153812,0.42651435926314224,0.6038461538461519,0.20915453302228915,1.1483615664327365,0.33242067564654326,True,Goblet vs Rest,Goblet,Rest,Macc1
877,Arhgap40,0.9492,0.050799999999999956,2.9277229836619862,1.5629543e-05,4.2609645e-06,0.0,0.25,3.4548204,3.640873,2.899913,-4.7085924,10.75801,0.16730769230769205,0.026626980934759945,0.14615384615384586,0.020995897353390774,0.1359298712064135,0.01833615831508044,True,Goblet vs Rest,Goblet,Rest,Arhgap40
878,Klk1b11,0.9492,0.050799999999999956,2.9277229836619862,0.00012160625,5.209147e-05,0.0,0.25,1.8189614,1.9117436,3.1445134,-8.258282,11.479374,1.603846153846153,1.1417424181481686,0.13076923076923053,0.07280186630198643,0.9366785744737987,0.6109392694792434,True,Goblet vs Rest,Goblet,Rest,Klk1b11
879,Mmp15,0.949,0.051000000000000045,2.9235829803445967,0.00018724486,5.5562854e-05,0.0,0.25,2.0853631,2.1626978,1.378132,-2.9226894,6.946704,2.62692307692307,0.6395302067411995,0.7557692307692283,0.29000080444052173,2.149587519978718,0.5316348130256461,True,Goblet vs Rest,Goblet,Rest,Mmp15
880,Fetub,0.9488,0.05120000000000002,2.9194583114251467,8.673681e-05,6.158457e-05,0.0,0.25,1.8444268,2.136827,2.4426079,-6.636876,7.5881395,1.0769230769230758,0.8449038693588454,0.32115384615384523,0.1983750301665248,0.7112601767814475,0.6091270652084855,True,Goblet vs Rest,Goblet,Rest,Fetub
881,Ly6d,0.9488,0.05120000000000002,2.9194583114251467,0.0019015278,0.0005725079,0.0,0.25,2.2871423,2.25281,1.8729392,-4.4445906,8.363924,33.58846153846156,10.583219370927772,0.8423076923076895,0.46641460863970985,24.43219562700046,7.090175578478178,True,Goblet vs Rest,Goblet,Rest,Ly6d
882,Spink1,0.9488,0.05120000000000002,2.9194583114251467,0.0002665298,0.00012277669,0.0,0.25,2.6228945,2.8585,2.8801887,-7.2361403,11.12978,1.6846153846153844,2.454348000965318,0.10192307692307678,0.07328453060896095,1.2594236653678024,1.611578874620251,True,Goblet vs Rest,Goblet,Rest,Spink1
883,Il15ra,0.9488,0.05120000000000002,2.9194583114251467,2.2783735e-05,7.722963e-05,0.0,0.25,-1.662862,-1.7251515,1.0941344,-6.0070133,2.728921,0.29423076923076885,0.7558523047220318,0.1980769230769226,0.40825355964927984,0.2003178694022474,0.759232023263784,True,Goblet vs Rest,Goblet,Rest,Il15ra
884,Cyp27a1,0.9486,0.0514,2.9153488569717028,4.1660885e-05,1.1561523e-05,0.0,0.25,2.0123324,2.0757895,2.0917387,-4.9528313,7.9258776,0.5999999999999992,0.11085190250181022,0.303846153846153,0.0750542997345342,0.45673768757177646,0.07898185886047286,True,Goblet vs Rest,Goblet,Rest,Cyp27a1
885,Wnt7b,0.9486,0.0514,2.9153488569717028,7.319692e-05,2.4950403e-05,0.0,0.25,2.1175416,2.2345376,1.6351347,-3.29041,7.5506573,0.9230769230769207,0.24109082133376475,0.48846153846153695,0.1143109967017954,0.7369071456858385,0.18499328503722443,True,Goblet vs Rest,Goblet,Rest,Wnt7b
886,Spmip3,0.9486,0.0514,2.9153488569717028,8.584021e-05,2.1213196e-05,0.0,0.25,2.8803568,2.788877,2.3589368,-3.9583502,10.820058,1.1307692307692292,0.2229909098222204,0.3307692307692298,0.08205293218566478,0.7646623085291137,0.149773351167935,True,Goblet vs Rest,Goblet,Rest,Spmip3
887,Vcam1,0.9486,0.0514,2.9153488569717028,0.00013070134,0.00041924635,0.0,0.25,-1.6726077,-1.6745872,1.1555525,-6.097804,3.4446096,1.2749999999999977,5.755530528517457,0.4384615384615371,0.7722628911590447,0.9199633254812929,4.3703274171242965,True,Goblet vs Rest,Goblet,Rest,Vcam1
888,Vill,0.9484,0.05159999999999998,2.911254498449377,3.6380286e-05,1.194149e-05,0.0,0.25,2.4049315,2.5794244,1.8477695,-4.2919416,7.3152733,0.39038461538461483,0.036360711125412275,0.2461538461538455,0.0230069986324512,0.3098053735376414,0.027928265226955185,True,Goblet vs Rest,Goblet,Rest,Vill
889,Or1af1,0.9484,0.05159999999999998,2.911254498449377,5.086385e-05,1.5436068e-05,0.0,0.25,2.0076718,2.0419288,1.3813323,-3.8749704,8.594427,0.501923076923076,0.13410023328774934,0.28846153846153766,0.10039417585069665,0.38142930080259446,0.12628239915397313,True,Goblet vs Rest,Goblet,Rest,Or1af1
890,Cpeb2,0.9484,0.05159999999999998,2.911254498449377,0.00012542987,2.9576204e-05,0.0,0.25,2.1249232,2.1293736,1.7276977,-5.2165384,9.732628,1.6307692307692274,0.32056954388223696,0.5807692307692289,0.19218083822701842,1.4828275880283521,0.29140224606825565,True,Goblet vs Rest,Goblet,Rest,Cpeb2
891,Cmbl,0.9484,0.05159999999999998,2.911254498449377,1.8205867e-05,2.2032196e-05,0.0,0.25,1.1608404,1.2728338,2.6163611,-5.881216,7.128834,0.22884615384615362,0.19958169093395708,0.15576923076923044,0.09403909580886544,0.14906395419151386,0.1204566468438338,True,Goblet vs Rest,Goblet,Rest,Cmbl
892,Scnn1b,0.9484,0.05159999999999998,2.911254498449377,4.210479e-05,1.1783585e-05,0.0,0.25,2.3273776,2.3833618,2.2574327,-6.166115,8.62621,0.39615384615384586,0.0946022041670018,0.16923076923076885,0.049070871209073545,0.31014368341071896,0.07076163274929055,True,Goblet vs Rest,Goblet,Rest,Scnn1b
893,Ccl5,0.9482,0.05179999999999996,2.907175118698705,0.0010124727,0.00041282855,0.0,0.25,2.303627,2.476767,2.3314385,-6.665337,9.044788,23.209615384615468,10.894216072721772,0.6499999999999979,0.3755932748773371,16.95724167913372,6.412678795863312,True,Goblet vs Rest,Goblet,Rest,Ccl5
894,Rbmx,0.9482,0.05179999999999996,2.907175118698705,1.4457208e-05,3.9353003e-05,0.0,0.25,-1.4159333,-1.4285917,0.8086325,-4.270294,1.7510567,0.1673076923076921,0.44509693508166404,0.14807692307692277,0.27712975625453445,0.11841066384868246,0.365548642769548,True,Goblet vs Rest,Goblet,Rest,Rbmx
895,Arhgef37,0.9482,0.05179999999999996,2.907175118698705,1.49440575e-05,4.2959005e-06,0.0,0.25,2.1081102,2.1212168,1.8481802,-4.929,11.546903,0.20576923076923057,0.040061137478883346,0.15576923076923044,0.03266028477194118,0.15782059040232888,0.03547059609397996,True,Goblet vs Rest,Goblet,Rest,Arhgef37
896,Rgs1,0.948,0.052000000000000046,2.903110601914443,8.692367e-05,2.8569439e-05,0.0,0.25,2.153272,2.1839056,2.9006827,-6.4998255,10.490839,1.1826923076923075,0.23079398278497343,0.10192307692307678,0.034993162255651175,0.9833196314393727,0.1542943468544975,True,Goblet vs Rest,Goblet,Rest,Rgs1
897,H2-DMb2,0.948,0.052000000000000046,2.903110601914443,7.60588e-05,0.00031569536,0.0,0.25,-1.7500857,-1.732698,1.2881149,-5.563075,3.033327,0.7403846153846142,4.432628107151529,0.34423076923076823,0.6431501890434489,0.5119492971519699,2.9209974208138525,True,Goblet vs Rest,Goblet,Rest,H2-DMb2
898,Or52h1,0.948,0.052000000000000046,2.903110601914443,1.49748175e-05,3.949263e-06,0.0,0.25,1.9842615,2.003417,1.4658782,-3.6031303,8.9395275,0.14999999999999983,0.04030246963237051,0.11346153846153828,0.03619982302308738,0.10636189785489977,0.032518470865508575,True,Goblet vs Rest,Goblet,Rest,Or52h1
899,Dusp6,0.9478,0.052200000000000024,2.8990608336247803,0.00016866685,5.286522e-05,0.0,0.25,2.1500516,2.0289493,1.5278977,-2.2243643,7.309473,1.9057692307692262,0.5150832595929637,0.5980769230769212,0.23875794385005988,1.531176274814182,0.49221470704233694,True,Goblet vs Rest,Goblet,Rest,Dusp6
900,Tmem40,0.9476,0.0524,2.8950257006709337,5.741068e-05,1.7351033e-05,0.0,0.25,2.1106153,2.2088451,1.5842674,-3.5188131,6.6556854,0.7326923076923059,0.1361917786179717,0.41730769230769105,0.07988094280427943,0.5820330141283092,0.10011833662665261,True,Goblet vs Rest,Goblet,Rest,Tmem40
901,Cmas,0.9476,0.0524,2.8950257006709337,0.00016311483,4.5521356e-05,0.0,0.25,2.0411649,2.10046,1.3533342,-2.5611887,5.324604,2.2730769230769186,0.6710642747968636,0.6038461538461519,0.31212291851018736,1.5753751066641495,0.44362895579594797,True,Goblet vs Rest,Goblet,Rest,Cmas
902,Gltp,0.9474,0.05259999999999998,2.8910050911871408,0.00030186566,0.000100770274,0.0,0.25,2.1339266,2.265222,1.940338,-5.6745014,6.740178,4.128846153846148,1.5006033303836381,0.7557692307692283,0.41380419917948685,3.016354813284924,0.9604158654370437,True,Goblet vs Rest,Goblet,Rest,Gltp
903,Qsox1,0.9472,0.05279999999999996,2.886998894581037,0.00013584344,4.2875385e-05,0.0,0.25,1.8848408,1.8867898,1.4006839,-4.3813124,7.258339,1.8403846153846113,0.4615075215187953,0.5749999999999982,0.24221703805004396,1.5890650491185845,0.440545486392607,True,Goblet vs Rest,Goblet,Rest,Qsox1
904,Serpinh1,0.9472,0.05279999999999996,2.886998894581037,5.2426134e-05,0.00016331763,0.0,0.25,-1.6193204,-1.7479205,2.2706857,-7.8116083,6.613599,0.46153846153846106,1.1526828091062022,0.2230769230769225,0.44718848041189135,0.3559743602843739,1.5095627863485108,True,Goblet vs Rest,Goblet,Rest,Serpinh1
905,Ogfrl1,0.947,0.05300000000000005,2.88300700151439,2.4249195e-05,0.00011563294,0.0,0.25,-1.9001732,-1.7230773,1.3200351,-7.147092,1.473876,0.2711538461538458,1.7104014158152037,0.20192307692307643,0.4459013755932926,0.205650633971602,1.1750805733065568,True,Goblet vs Rest,Goblet,Rest,Ogfrl1
906,Clu,0.947,0.05300000000000005,2.88300700151439,0.0019043623,0.00063990254,0.0,0.25,1.8237978,1.9213252,1.3640083,-3.3625479,6.470607,28.119230769230814,9.459174644035404,0.9384615384615353,0.7697691255730114,20.92280362530128,7.4828578484988135,True,Goblet vs Rest,Goblet,Rest,Clu
907,Ccdc69,0.9468,0.053200000000000025,2.879029303884215,1.903127e-05,9.055791e-06,0.0,0.25,2.3894393,2.5924206,2.580314,-5.2590513,7.977786,0.21923076923076895,0.066125010055506,0.1615384615384612,0.0369238194835491,0.143113885270537,0.04150998411132035,True,Goblet vs Rest,Goblet,Rest,Ccdc69
908,Nbeal2,0.9468,0.053200000000000025,2.879029303884215,4.0222036e-05,1.2865932e-05,0.0,0.25,2.0963967,2.1730108,1.732398,-4.3319473,6.464717,0.4192307692307684,0.146166840962112,0.2942307692307684,0.10610570348322851,0.3126372377036321,0.11585833218903278,True,Goblet vs Rest,Goblet,Rest,Nbeal2
909,Tm4sf1,0.9468,0.053200000000000025,2.879029303884215,0.00014523759,3.491935e-05,0.0,0.25,2.2388415,2.2806792,2.0087352,-6.8540964,9.463407,1.488461538461537,0.22636955997104088,0.2788461538461531,0.04400289598584149,1.1396038774506072,0.14584598108832988,True,Goblet vs Rest,Goblet,Rest,Tm4sf1
910,Il11ra3,0.9468,0.053200000000000025,2.879029303884215,0.00037245508,0.0014058118,0.0,0.25,-1.7262037,-1.8811736,1.6675462,-6.263577,4.5608454,3.984615384615377,22.03869358860914,0.5865384615384597,0.8282519507680507,2.873159877930825,15.250048059008924,True,Goblet vs Rest,Goblet,Rest,Il11ra3
911,Entpd1,0.9466,0.0534,2.8750656948042224,3.2890253e-05,5.054688e-06,0.0,0.25,2.3271077,2.2887254,2.4361362,-4.948147,11.157704,0.4288461538461533,0.021961225967339747,0.20384615384615334,0.014640817311559832,0.36978786296419053,0.016488954650304033,True,Goblet vs Rest,Goblet,Rest,Entpd1
912,Rnf39,0.9466,0.0534,2.8750656948042224,2.5609323e-05,5.3252484e-06,0.0,0.25,2.3477662,2.2979088,2.247817,-5.4109697,10.221683,0.2769230769230767,0.0386935886091223,0.15384615384615352,0.024454991553374706,0.24371034337283232,0.029403791907192132,True,Goblet vs Rest,Goblet,Rest,Rnf39
913,Fads2b,0.9466,0.0534,2.8750656948042224,0.00025357972,0.00013389207,0.0,0.25,1.9730791,2.2347212,2.1202252,-5.1204243,7.597377,2.9365384615384547,1.7611616120987328,0.6211538461538442,0.2867025983428625,2.0183883803174907,1.2058757718764315,True,Goblet vs Rest,Goblet,Rest,Fads2b
914,Stx19,0.9464,0.05359999999999998,2.871116068586631,4.3398715e-05,1.6270316e-05,0.0,0.25,2.0246954,2.2200375,1.7168621,-4.3439636,6.2972536,0.5884615384615371,0.18107955916660115,0.34807692307692206,0.09926795913442277,0.4168409234637965,0.12372919547974388,True,Goblet vs Rest,Goblet,Rest,Stx19
915,Wfikkn2,0.9462,0.05379999999999996,2.867180320724311,2.7644188e-05,0.0001337491,0.0,0.25,-1.8421197,-1.9653826,2.4565415,-8.403193,5.5092754,0.2423076923076921,0.8260799613868284,0.11923076923076903,0.37020352344945495,0.1457504246659076,1.2264408824437796,True,Goblet vs Rest,Goblet,Rest,Wfikkn2
916,Prob1,0.9462,0.05379999999999996,2.867180320724311,2.0418265e-05,5.9336703e-06,0.0,0.25,1.9063684,2.0437775,1.523205,-6.142312,6.707284,0.25961538461538436,0.04368111978119194,0.17115384615384577,0.03628026707424979,0.20462643266450387,0.04408254297163415,True,Goblet vs Rest,Goblet,Rest,Prob1
917,Dkkl1,0.9462,0.05379999999999996,2.867180320724311,4.685889e-05,2.0600775e-05,0.0,0.25,1.9787105,2.1004367,2.536372,-5.465948,7.852235,0.5749999999999995,0.3058482825195117,0.17307692307692268,0.1237229506877986,0.3689665317994685,0.17382616151293262,True,Goblet vs Rest,Goblet,Rest,Dkkl1
918,Krt16,0.9462,0.05379999999999996,2.867180320724311,0.00014627776,7.7938916e-05,0.0,0.25,1.580544,1.7410126,2.6680276,-9.630879,8.665401,1.840384615384615,1.1034510497948484,0.1384615384615382,0.11278255972970941,1.1129816639663885,0.7025392780753122,True,Goblet vs Rest,Goblet,Rest,Krt16
919,Apobr,0.9462,0.05379999999999996,2.867180320724311,4.2237563e-05,1.0291702e-05,0.0,0.25,2.466285,2.49587,2.3435473,-6.0547123,8.686002,0.4730769230769224,0.09709596975303662,0.23846153846153784,0.05751749658112697,0.40718048353175396,0.068700768166931,True,Goblet vs Rest,Goblet,Rest,Apobr
920,Hsbp1l1,0.946,0.05400000000000005,2.8632583478732596,4.2109303e-05,1.5541977e-05,0.0,0.25,2.093186,2.1639543,2.0583432,-5.1232395,7.5512486,0.5019230769230765,0.1255731638645326,0.23846153846153784,0.06749255892526668,0.411518210816158,0.08951557534232038,True,Goblet vs Rest,Goblet,Rest,Hsbp1l1
921,Ccr3,0.9458,0.054200000000000026,2.859350047835406,5.6915866e-05,1.1577568e-05,0.0,0.25,2.0623097,2.1272693,2.532082,-7.416498,10.987699,0.6615384615384607,0.08663824310192259,0.22884615384615326,0.036360711125412205,0.5294030953585668,0.054085173747980164,True,Goblet vs Rest,Goblet,Rest,Ccr3
922,Pgap2,0.9456,0.054400000000000004,2.8554553195417203,0.00019991274,7.264837e-05,0.0,0.25,1.5960974,1.6735625,1.0268172,-2.2736435,4.0021296,2.728846153846147,0.9127182044887291,0.7288461538461515,0.4076904512911429,1.9565272000303666,0.6862673359912954,True,Goblet vs Rest,Goblet,Rest,Pgap2
923,Cyp3a13,0.9456,0.054400000000000004,2.8554553195417203,3.524399e-05,1.9316336e-05,0.0,0.25,2.1178179,2.1627064,3.0207627,-6.4636497,10.144037,0.2115384615384614,0.15461346633416514,0.11346153846153828,0.053173517818356636,0.1638107182305778,0.11323393208795823,True,Goblet vs Rest,Goblet,Rest,Cyp3a13
924,Fxyd4,0.9456,0.054400000000000004,2.8554553195417203,6.8881665e-05,1.6119066e-05,0.0,0.25,2.1771874,2.1416936,2.1849518,-5.3249607,8.555564,0.7865384615384609,0.22154291690129632,0.1749999999999996,0.06145925508808523,0.5667462295576544,0.15450832966391065,True,Goblet vs Rest,Goblet,Rest,Fxyd4
925,Adig,0.9454,0.05459999999999998,2.8515740630356436,6.199219e-05,2.3815626e-05,0.0,0.25,2.509994,2.5753608,2.4597702,-4.5291786,10.145326,0.905769230769229,0.2442281393290982,0.34423076923076823,0.07376719491593547,0.6241102589196474,0.13823332387738096,True,Goblet vs Rest,Goblet,Rest,Adig
926,Gipc1,0.9452,0.05479999999999996,2.8477061794568197,0.00015405608,5.9990496e-05,0.0,0.25,1.51153,1.5744553,0.930473,-2.2783728,4.245322,2.132692307692302,0.7884321454428114,0.7365384615384591,0.3981980532539773,1.507013366114088,0.5684945220770737,True,Goblet vs Rest,Goblet,Rest,Gipc1
927,Rhoh,0.945,0.05500000000000005,2.843851571025116,7.860223e-05,2.4147455e-05,0.0,0.25,1.8697308,1.8983035,1.5275189,-4.4221525,8.150601,0.35769230769230753,0.10674925589252682,0.1153846153846152,0.035154050357976,0.303992661376777,0.07460997345770869,True,Goblet vs Rest,Goblet,Rest,Rhoh
928,Grhl1,0.945,0.05500000000000005,2.843851571025116,0.00010292699,3.988139e-05,0.0,0.25,1.7629813,1.8717237,1.5250555,-4.820524,7.444809,1.3999999999999964,0.5080846271418339,0.5846153846153828,0.24165392969190702,1.1268225010186217,0.38947486481608334,True,Goblet vs Rest,Goblet,Rest,Grhl1
929,Ccl9,0.945,0.05500000000000005,2.843851571025116,0.00013837483,0.00010775384,0.0,0.25,1.6175473,1.7594037,2.5794704,-7.9918656,8.661003,1.2153846153846144,1.3856487812725937,0.2211538461538456,0.17585069584104707,0.8057318878080502,0.8762872528122496,True,Goblet vs Rest,Goblet,Rest,Ccl9
930,Lpar1,0.945,0.05500000000000005,2.843851571025116,1.8922488e-05,9.253613e-05,0.0,0.25,-2.1396513,-2.2749524,1.9870889,-6.8742094,4.4192095,0.1692307692307691,0.7366261764942236,0.10576923076923062,0.3693186388866683,0.11384947927395889,0.8390882172339715,True,Goblet vs Rest,Goblet,Rest,Lpar1
931,Hbegf,0.9448,0.05520000000000003,2.840010141024949,0.00014585756,4.656138e-05,0.0,0.25,1.8141326,1.7771645,1.4163231,-3.0594177,7.292221,1.946153846153843,0.3697208591424707,0.4384615384615371,0.11149545491111068,1.5988500923627982,0.3071391193587896,True,Goblet vs Rest,Goblet,Rest,Hbegf
932,Sema3c,0.9448,0.05520000000000003,2.840010141024949,2.0947455e-05,7.731292e-06,0.0,0.25,2.095483,2.140211,1.9920915,-4.745597,8.16854,0.2326923076923074,0.07183653768803776,0.17307692307692268,0.043359343576542184,0.1867411058758094,0.05851589104060319,True,Goblet vs Rest,Goblet,Rest,Sema3c
933,Crabp2,0.9446,0.055400000000000005,2.8361817937898715,0.00019027357,9.802319e-05,0.0,0.25,1.6739076,1.8743405,1.7956525,-6.0357285,8.026727,2.90961538461538,1.4052771297562212,0.4365384615384602,0.1975705896549006,1.8083439085778572,0.881901550465527,True,Goblet vs Rest,Goblet,Rest,Crabp2
934,Camsap3,0.9446,0.055400000000000005,2.8361817937898715,3.2039534e-05,1.1589412e-05,0.0,0.25,1.9146526,2.0477471,1.5777416,-4.069375,7.249591,0.33846153846153804,0.11897675166921436,0.23846153846153784,0.08189204408333994,0.23688022473620962,0.09073339465476121,True,Goblet vs Rest,Goblet,Rest,Camsap3
935,Psapl1,0.9446,0.055400000000000005,2.8361817937898715,6.951018e-05,4.1032257e-05,0.0,0.25,2.036905,2.0860624,2.2341447,-7.2393303,9.644716,0.7538461538461528,0.3644115517657496,0.26346153846153775,0.07577829619499599,0.49197393758356645,0.26486404473659364,True,Goblet vs Rest,Goblet,Rest,Psapl1
936,Rom1,0.9446,0.055400000000000005,2.8361817937898715,4.46735e-05,1.5934933e-05,0.0,0.25,1.7128282,1.8040609,1.0542091,-1.9146032,5.0568495,0.2115384615384613,0.1656343013434178,0.13269230769230744,0.11913763977154063,0.15042823643771838,0.11617557774585507,True,Goblet vs Rest,Goblet,Rest,Rom1
937,Etv1,0.9444,0.05559999999999998,2.8323664346874557,3.3295197e-05,1.4168064e-05,0.0,0.25,2.056143,2.149003,1.8666358,-5.265113,7.769642,0.38846153846153775,0.1600836618132099,0.24230769230769167,0.07907650229265523,0.29991736886891385,0.12238291142039241,True,Goblet vs Rest,Goblet,Rest,Etv1
938,Mboat1,0.9444,0.05559999999999998,2.8323664346874557,4.8737467e-05,1.5191272e-05,0.0,0.25,2.1319034,2.1991658,1.426653,-2.3007393,5.9213037,0.5134615384615374,0.17150671707827447,0.3519230769230759,0.1170460944413177,0.41655119435162136,0.11825356905183719,True,Goblet vs Rest,Goblet,Rest,Mboat1
939,S100a11,0.9442,0.05579999999999996,2.828563970104445,0.0047225,0.001729962,0.0,0.25,1.5677586,1.5549974,1.0136845,-1.8763247,5.6534286,73.95769230769231,23.747647011503503,0.9942307692307659,0.9636392888743109,55.460961314526465,19.061030304812064,True,Goblet vs Rest,Goblet,Rest,S100a11
940,Cdh17,0.9438,0.05620000000000003,2.820997355052179,0.00018222556,6.615548e-05,0.0,0.25,2.1370142,2.2693844,2.1929083,-5.3296165,7.8552513,1.8230769230769193,0.7517496581127678,0.4692307692307678,0.246239240608165,1.3029124907925975,0.4920154641511964,True,Goblet vs Rest,Goblet,Rest,Cdh17
941,B3gnt8,0.9438,0.05620000000000003,2.820997355052179,1.6136024e-05,5.1139364e-06,0.0,0.25,1.8410648,1.8075886,1.3291758,-3.8419924,7.315074,0.25576923076923047,0.0369238194835492,0.15961538461538427,0.029040302469632476,0.2188926899989788,0.03982923873849467,True,Goblet vs Rest,Goblet,Rest,B3gnt8
942,Phldb3,0.9436,0.056400000000000006,2.817233022322269,2.2142169e-05,8.573447e-06,0.0,0.25,1.5954058,1.6357532,1.1069717,-2.9394655,6.5783873,0.30576923076923024,0.07963961065079207,0.21346153846153793,0.06379213257179533,0.23556780880836434,0.07282944991649723,True,Goblet vs Rest,Goblet,Rest,Phldb3
943,Porcn,0.9434,0.056599999999999984,2.813481219562552,2.9694527e-05,9.758907e-06,0.0,0.25,2.0001311,1.9992967,1.7855947,-4.2891426,8.727199,0.2461538461538458,0.0837422572600756,0.15961538461538427,0.044083340037003906,0.1823071862318288,0.06816208785307162,True,Goblet vs Rest,Goblet,Rest,Porcn
944,Gcnt2,0.9434,0.056599999999999984,2.813481219562552,9.360492e-05,3.211101e-05,0.0,0.25,1.9054834,2.0074015,1.2819034,-2.4762611,6.583623,1.2096153846153817,0.2882310353149441,0.5653846153846136,0.16354275601319673,0.9028778453607158,0.2619838835379781,True,Goblet vs Rest,Goblet,Rest,Gcnt2
945,N4bp3,0.9434,0.056599999999999984,2.813481219562552,6.961597e-05,2.1102793e-05,0.0,0.25,1.885382,1.8779392,1.6218026,-4.1190004,6.154333,0.7461538461538447,0.2077065401013627,0.36923076923076814,0.13369801303193873,0.5831062600388752,0.16116226584941448,True,Goblet vs Rest,Goblet,Rest,N4bp3
946,Ptprj,0.943,0.05700000000000005,2.806014849964779,5.2353127e-05,1.7182592e-05,0.0,0.25,1.9931895,2.0148969,1.6451515,-4.13859,7.0308495,0.5807692307692293,0.16579518944574267,0.3769230769230758,0.11929852787386547,0.45201273720842705,0.13546153114740295,True,Goblet vs Rest,Goblet,Rest,Ptprj
947,Prdm1,0.943,0.05700000000000005,2.806014849964779,8.243309e-05,1.5654381e-05,0.0,0.25,2.1662126,2.1543412,2.2193508,-6.4501505,9.394507,1.0307692307692293,0.1373179953342455,0.326923076923076,0.07360630681361063,0.8902210944584035,0.12419127656407146,True,Goblet vs Rest,Goblet,Rest,Prdm1
948,Dnase1l2,0.943,0.05700000000000005,2.806014849964779,3.938978e-05,1.1376276e-05,0.0,0.25,1.8190475,1.7078018,2.6700087,-7.634782,10.218047,0.7211538461538455,0.12163140535757405,0.22884615384615326,0.04593355321373942,0.47738389287659605,0.08994351070536065,True,Goblet vs Rest,Goblet,Rest,Dnase1l2
949,Nkx2-6,0.9428,0.05720000000000003,2.8023001084577674,1.760498e-05,1.1895442e-05,0.0,0.25,1.3344523,1.5467291,2.2698615,-5.6939507,7.00982,0.16730769230769216,0.08631646689727283,0.1153846153846152,0.04786421044163734,0.12786396418244342,0.05184250274298284,True,Goblet vs Rest,Goblet,Rest,Nkx2-6
950,Ces2f,0.9428,0.05720000000000003,2.8023001084577674,3.773942e-05,1.2008514e-05,0.0,0.25,2.004642,2.1388607,1.6093638,-3.8999624,6.8793344,0.5403846153846146,0.11600032177620499,0.28846153846153766,0.08076582736706606,0.42005589910706626,0.09952604122932328,True,Goblet vs Rest,Goblet,Rest,Ces2f
951,Serpinb8,0.9426,0.05740000000000001,2.798597547557051,5.7018464e-05,1.8644985e-05,0.0,0.25,2.3799682,2.4157,1.9468398,-3.5671387,7.764225,0.7807692307692293,0.15799211648298697,0.3903846153846142,0.07843294988335586,0.7021945064621052,0.11586195238025619,True,Goblet vs Rest,Goblet,Rest,Serpinb8
952,Defb1,0.9426,0.05740000000000001,2.798597547557051,0.00026744636,7.984806e-05,0.0,0.25,2.062911,2.1482677,2.240368,-5.1991186,9.064557,5.342307692307699,0.9757863406000851,0.5230769230769214,0.21703805003620635,3.4564307990896475,0.7469435245161458,True,Goblet vs Rest,Goblet,Rest,Defb1
953,Hsd11b1,0.9424,0.057599999999999985,2.794907082195586,0.00010447613,3.7018424e-05,0.0,0.25,2.3963034,2.5165782,1.9397192,-4.6850386,7.5146627,1.3788461538461518,0.5322982865417137,0.3653846153846143,0.13892687635749607,0.9707287161406829,0.3038706011548407,True,Goblet vs Rest,Goblet,Rest,Hsd11b1
954,Zbtb42,0.9424,0.057599999999999985,2.794907082195586,2.2036133e-05,7.956333e-06,0.0,0.25,1.6852722,1.6859055,1.0052496,-1.3294973,6.8045225,0.26153846153846116,0.07899605824149271,0.2096153846153841,0.06934277210200235,0.22175911714114674,0.074012731248164,True,Goblet vs Rest,Goblet,Rest,Zbtb42
955,Macrod2,0.9424,0.057599999999999985,2.794907082195586,1.8997262e-05,7.045623e-05,0.0,0.25,-1.760357,-1.8311043,1.1139002,-5.719015,2.3943338,0.14999999999999988,0.7395221623360655,0.11730769230769211,0.37535194272384986,0.09782372775977968,0.6416024197452387,True,Goblet vs Rest,Goblet,Rest,Macrod2
956,Slc35f5,0.942,0.05800000000000005,2.7875621022318757,5.713036e-05,2.1622282e-05,0.0,0.25,1.5293729,1.5214281,1.144544,-2.79389,6.868702,0.7461538461538443,0.23304641621752606,0.4576923076923063,0.1716676051806012,0.556038372230502,0.20438859934635306,True,Goblet vs Rest,Goblet,Rest,Slc35f5
957,Azgp1,0.942,0.05800000000000005,2.7875621022318757,1.8513962e-05,6.630049e-06,0.0,0.25,2.18552,2.2023177,2.4101048,-4.600937,8.336729,0.28846153846153805,0.0630681361113342,0.17115384615384577,0.038854476711447025,0.196759959284534,0.038583951938339245,True,Goblet vs Rest,Goblet,Rest,Azgp1
958,Ttc22,0.942,0.05800000000000005,2.7875621022318757,2.4034785e-05,7.723168e-06,0.0,0.25,2.079866,2.1433764,1.8063415,-4.0533724,6.5960636,0.24999999999999967,0.07231920199501216,0.19230769230769185,0.0571152763253149,0.2080941283243528,0.05324634905021839,True,Goblet vs Rest,Goblet,Rest,Ttc22
959,Met,0.942,0.05800000000000005,2.7875621022318757,6.193455e-05,2.038189e-05,0.0,0.25,1.7411549,1.7542443,1.1483308,-3.2780113,5.7941723,0.7019230769230753,0.18140133537125194,0.44038461538461404,0.13233046416217759,0.5644959117453439,0.17125242906513954,True,Goblet vs Rest,Goblet,Rest,Met
960,Upk1a,0.942,0.05800000000000005,2.7875621022318757,3.8011152e-05,2.1743517e-05,0.0,0.25,1.745872,1.8536396,2.5247393,-5.3372602,7.77357,0.41538461538461513,0.2665111415010882,0.12499999999999978,0.08559247043681129,0.27672528732542095,0.16030199162355538,True,Goblet vs Rest,Goblet,Rest,Upk1a
961,Cttnbp2,0.942,0.05800000000000005,2.7875621022318757,0.0001769221,6.4495e-05,0.0,0.25,1.9442918,2.0699768,1.5558534,-3.2181005,7.130294,2.1769230769230714,0.6584345587643692,0.648076923076921,0.2455152441477032,1.627868706134909,0.52925224432387,True,Goblet vs Rest,Goblet,Rest,Cttnbp2
962,Efna3,0.942,0.05800000000000005,2.7875621022318757,5.5880748e-05,2.4031151e-05,0.0,0.25,1.6013365,1.6961708,2.1900635,-5.9126415,7.5015936,0.23269230769230756,0.16314053575738144,0.12115384615384595,0.05751749658112697,0.18010736583167467,0.1172825165423126,True,Goblet vs Rest,Goblet,Rest,Efna3
963,Areg,0.9418,0.05820000000000003,2.7839074218687356,5.068494e-05,2.511032e-05,0.0,0.25,1.9130533,2.109387,2.1631415,-5.5577536,8.288869,0.5096153846153842,0.3257179631566258,0.13076923076923053,0.04714021398117562,0.4216851018077278,0.19200874285050884,True,Goblet vs Rest,Goblet,Rest,Areg
964,Plekha6,0.9418,0.05820000000000003,2.7839074218687356,8.5363805e-05,2.9387336e-05,0.0,0.25,1.8044167,1.9057841,1.3170804,-3.5711756,6.625822,1.2769230769230737,0.28815059126378223,0.5653846153846136,0.1846190974177509,1.0461580530535375,0.2868400991689007,True,Goblet vs Rest,Goblet,Rest,Plekha6
965,S100g,0.9416,0.05840000000000001,2.780264505499244,0.00048080107,0.00033848052,0.0,0.25,1.8224713,1.848062,2.934871,-6.9819593,8.417442,1.894230769230769,4.45788753921653,0.17307692307692268,0.2522725444453465,1.1139092765889882,2.687255875577078,True,Goblet vs Rest,Goblet,Rest,S100g
966,Tmem54,0.9416,0.05840000000000001,2.780264505499244,8.331144e-05,3.353213e-05,0.0,0.25,2.0526514,2.1328506,2.201933,-5.331477,8.28772,1.1230769230769209,0.43447832032822015,0.4826923076923062,0.17223071353873814,0.820737796082772,0.2791205031346485,True,Goblet vs Rest,Goblet,Rest,Tmem54
967,Prss8,0.9414,0.058599999999999985,2.776633272358103,0.00010766588,2.6481295e-05,0.0,0.25,2.0617847,1.9358048,1.6267315,-4.4816656,8.304681,1.4115384615384592,0.262247606789483,0.5115384615384599,0.16241653929692285,1.1442126704661435,0.21662538600078884,True,Goblet vs Rest,Goblet,Rest,Prss8
968,Cdkn2b,0.9414,0.058599999999999985,2.776633272358103,0.00055804005,0.00017328499,0.0,0.25,2.2958348,2.3713555,2.0861514,-3.7460032,6.841159,8.415384615384651,2.6514359263132112,0.8480769230769203,0.45893331188160474,6.28165112314595,1.681412943744478,True,Goblet vs Rest,Goblet,Rest,Cdkn2b
969,Pf4,0.9414,0.058599999999999985,2.776633272358103,6.475984e-05,2.6686608e-05,0.0,0.25,1.7593422,1.9300284,2.532394,-5.563224,9.32995,0.6499999999999996,0.3031936288311507,0.17692307692307652,0.07046898881827623,0.514108376643055,0.19304517142126312,True,Goblet vs Rest,Goblet,Rest,Pf4
970,Ces1e,0.9414,0.058599999999999985,2.776633272358103,9.517562e-06,4.8209754e-06,0.0,0.25,2.4573243,2.416162,3.1421955,-6.360503,10.888438,0.16153846153846135,0.05148419274394623,0.11923076923076903,0.03563671466495048,0.09512973993783864,0.032564641132509106,True,Goblet vs Rest,Goblet,Rest,Ces1e
971,Anxa9,0.9412,0.05879999999999996,2.7730136425053487,5.014664e-05,1.7127437e-05,0.0,0.25,1.9473457,1.9683938,2.4338346,-7.197419,8.974029,0.5519230769230763,0.12565360791569477,0.21923076923076867,0.04714021398117562,0.39185278699208403,0.09320336799487261,True,Goblet vs Rest,Goblet,Rest,Anxa9
972,Rap1gap2,0.9412,0.05879999999999996,2.7730136425053487,2.7964637e-05,1.285663e-05,0.0,0.25,1.8194427,1.8939056,2.3384247,-6.8035088,8.65978,0.27115384615384586,0.10457726651114149,0.1980769230769226,0.0679752232322412,0.22479254373905305,0.07761828524371052,True,Goblet vs Rest,Goblet,Rest,Rap1gap2
973,Cp,0.9412,0.05879999999999996,2.7730136425053487,0.00011557667,1.9860236e-05,0.0,0.25,2.2239711,2.2232466,2.3814354,-6.4495897,11.54533,1.6692307692307677,0.14970637921325744,0.2596153846153839,0.05349529402300629,1.158520015857196,0.12367769889568099,True,Goblet vs Rest,Goblet,Rest,Cp
974,Crip3,0.941,0.05900000000000005,2.7694055368151407,3.181287e-05,0.00025121795,0.0,0.25,-2.1792984,-2.0062966,2.0571594,-9.262779,4.4139824,0.35384615384615353,3.2711768964685115,0.16538461538461502,0.2827608398359039,0.2665628731546621,1.9097431632955546,True,Goblet vs Rest,Goblet,Rest,Crip3
975,Prdx5,0.9408,0.05920000000000003,2.7658088769647486,0.0010931415,0.00039639964,0.0,0.25,1.7855378,1.9209752,1.3435193,-3.0059614,6.0193567,16.500000000000032,5.890837422572697,0.9673076923076891,0.7752393210520522,11.715357194035269,4.012339998270192,True,Goblet vs Rest,Goblet,Rest,Prdx5
976,Lgals1,0.9408,0.05920000000000003,2.7658088769647486,4.6863985e-05,0.00020534804,0.0,0.25,-2.001957,-2.075954,1.9705715,-8.471281,4.7123413,0.29807692307692296,1.839835894135533,0.10961538461538445,0.40744911913765564,0.18657128146985913,2.0641887198396613,True,Goblet vs Rest,Goblet,Rest,Lgals1
977,Cdkn1a,0.9408,0.05920000000000003,2.7658088769647486,0.0009268424,0.0003605235,0.0,0.25,1.7112801,1.8154039,1.3573769,-3.3987026,5.6539803,14.613461538461577,4.7858579358057085,0.8480769230769203,0.4979486766953787,11.21282940271982,3.6244585790570714,True,Goblet vs Rest,Goblet,Rest,Cdkn1a
978,Prxl2a,0.9408,0.05920000000000003,2.7658088769647486,0.00010172591,3.5634694e-05,0.0,0.25,1.832228,1.9496107,1.1839243,-2.5367975,5.7024765,1.1576923076923054,0.3928083018260883,0.47692307692307545,0.18558442603169995,0.8763144855017974,0.282765470677099,True,Goblet vs Rest,Goblet,Rest,Prxl2a
979,Sh3rf2,0.9404,0.059599999999999986,2.7586495854431625,2.9867964e-05,1.1063052e-05,0.0,0.25,1.7319596,1.8077216,1.4904342,-3.4481173,6.797267,0.3615384615384608,0.08977556109725698,0.24807692307692242,0.06411390877644502,0.2808586950485522,0.07224438528113733,True,Goblet vs Rest,Goblet,Rest,Sh3rf2
980,Lipm,0.9404,0.059599999999999986,2.7586495854431625,6.5789965e-05,2.9453733e-05,0.0,0.25,1.788574,1.923346,2.0563653,-5.775346,7.387843,0.6673076923076914,0.29643632853350826,0.27307692307692233,0.11591987772504381,0.44195309824250173,0.19886136861762868,True,Goblet vs Rest,Goblet,Rest,Lipm
981,Cd52,0.9404,0.059599999999999986,2.7586495854431625,0.0007392548,0.0004163176,0.0,0.25,1.0558356,1.1092439,2.9579408,-8.621589,8.822286,9.853846153846185,6.733891078754835,0.41923076923076796,0.3978762770493276,6.816153076542668,3.9127143440066328,True,Goblet vs Rest,Goblet,Rest,Cd52
982,Adh6a,0.9404,0.059599999999999986,2.7586495854431625,4.0025945e-05,1.8997453e-05,0.0,0.25,1.6421586,1.6970654,2.2981431,-6.670411,7.921645,0.5249999999999998,0.2317593113989236,0.18269230769230727,0.0703081007159514,0.3198715802957728,0.12700688390412423,True,Goblet vs Rest,Goblet,Rest,Adh6a
983,Chp1,0.9402,0.059799999999999964,2.755086801045413,0.00014036185,4.5904468e-05,0.0,0.25,1.6309564,1.6762781,1.3383193,-4.4070387,5.4977903,2.0038461538461494,0.6097659078111097,0.6365384615384595,0.3307859383798689,1.5604170160327366,0.4734376914781549,True,Goblet vs Rest,Goblet,Rest,Chp1
984,Asah2,0.9402,0.059799999999999964,2.755086801045413,6.299763e-05,2.5799525e-05,0.0,0.25,1.7039663,1.7304258,1.4026135,-3.7932882,7.3908386,0.8057692307692292,0.2743142144638457,0.4134615384615372,0.15614190330625405,0.6564761680804497,0.23477488684386558,True,Goblet vs Rest,Goblet,Rest,Asah2
985,Rnf144b,0.9402,0.059799999999999964,2.755086801045413,3.3409226e-05,1.43866e-05,0.0,0.25,1.7754123,1.9296355,1.8768095,-4.820174,6.4510403,0.38653846153846083,0.1557396830504396,0.2692307692307685,0.09798085431582404,0.2906707529576084,0.1231042141729801,True,Goblet vs Rest,Goblet,Rest,Rnf144b
986,Tmco4,0.9402,0.059799999999999964,2.755086801045413,3.2204378e-05,1.28578495e-05,0.0,0.25,1.4593992,1.475141,0.920396,-1.8727512,4.8913326,0.474999999999999,0.14600595285978754,0.31153846153846065,0.11962030407851515,0.3520233409604747,0.12586870987133,True,Goblet vs Rest,Goblet,Rest,Tmco4
987,Upp1,0.9402,0.059799999999999964,2.755086801045413,0.00013317079,4.012827e-05,0.0,0.25,2.272194,2.3431268,2.3768873,-5.319088,9.772041,2.330769230769228,0.5271498672673194,0.40384615384615263,0.12484916740407248,1.6391912643880462,0.31999056068138626,True,Goblet vs Rest,Goblet,Rest,Upp1
988,Ces2c,0.9402,0.059799999999999964,2.755086801045413,3.3282082e-05,1.927047e-05,0.0,0.25,1.5844105,1.7783484,2.2195098,-6.473448,7.7550907,0.2846153846153844,0.18148177942241314,0.15576923076923044,0.08502936207867434,0.19581483249033868,0.12729427931043513,True,Goblet vs Rest,Goblet,Rest,Ces2c
989,St3gal5,0.94,0.06000000000000005,2.751535157013593,5.0963175e-05,1.3935575e-05,0.0,0.25,2.2655857,2.325554,1.9803088,-4.175254,7.6931715,0.37692307692307647,0.09556753278095079,0.17307692307692268,0.05277129756254457,0.27237317471931244,0.06891059129010182,True,Goblet vs Rest,Goblet,Rest,St3gal5
990,Stard3,0.94,0.06000000000000005,2.751535157013593,5.508572e-05,2.27834e-05,0.0,0.25,1.3025036,1.3504629,0.7540984,-1.9425621,3.4813051,0.5519230769230757,0.27865819322661817,0.34615384615384515,0.2019145684176713,0.39435284527738684,0.22215912321389247,True,Goblet vs Rest,Goblet,Rest,Stard3
991,Acadl,0.9396,0.06040000000000001,2.744464992923915,0.00022315595,9.379588e-05,0.0,0.25,1.2560658,1.2566733,0.70486104,-1.6354103,4.05639,2.769230769230762,1.0698254364089015,0.7538461538461514,0.4882149465047258,2.0671540291299526,0.8652571681897449,True,Goblet vs Rest,Goblet,Rest,Acadl
992,Plpp2,0.9394,0.06059999999999999,2.740946326146231,9.233198e-05,3.699816e-05,0.0,0.25,1.4821607,1.4631996,0.9894331,-3.0815544,4.8321877,1.2865384615384585,0.4158957445097061,0.5903846153846135,0.25557075054300576,0.9518253559192889,0.34565450762126876,True,Goblet vs Rest,Goblet,Rest,Plpp2
993,Adam28,0.9392,0.060799999999999965,2.7374385062754003,9.8256256e-05,3.2001033e-05,0.0,0.25,2.1285229,2.0493321,1.5865076,-2.4083433,7.2970476,1.236538461538459,0.26128227817553357,0.46346153846153704,0.15565923899927953,0.985433699845534,0.28010913959479905,True,Goblet vs Rest,Goblet,Rest,Adam28
994,Gk,0.9392,0.060799999999999965,2.7374385062754003,6.42772e-05,2.277841e-05,0.0,0.25,1.7386667,1.8241668,1.4187192,-3.991331,5.4836855,0.976923076923075,0.3006998632451193,0.44230769230769096,0.17351781835733687,0.751510394968817,0.2211197188871579,True,Goblet vs Rest,Goblet,Rest,Gk
995,Ly6c1,0.939,0.061000000000000054,2.7339414617501654,2.2980314e-05,1.7513905e-05,0.0,0.25,1.2980803,1.4673529,2.416548,-6.8564253,8.20034,0.4365384615384613,0.25629474700346044,0.10961538461538445,0.06789477918107878,0.2644182619245434,0.14170544525348414,True,Goblet vs Rest,Goblet,Rest,Ly6c1
996,Dpp4,0.939,0.061000000000000054,2.7339414617501654,8.355994e-05,3.951665e-05,0.0,0.25,1.3739493,1.4224339,2.1893482,-6.4139786,6.924967,1.0519230769230754,0.4701150349931729,0.38076923076922964,0.1948354919153783,0.7310489753746885,0.3029069248333259,True,Goblet vs Rest,Goblet,Rest,Dpp4
997,Atp1b1,0.9388,0.06120000000000003,2.7304551217118043,0.0010011862,0.0004118359,0.0,0.25,1.5279549,1.6089149,1.0895027,-2.264717,5.3161135,11.609615384615429,5.546617327648682,0.8480769230769203,0.7037245595687097,8.257808050958719,4.200628670387353,True,Goblet vs Rest,Goblet,Rest,Atp1b1
998,Zfp185,0.9388,0.06120000000000003,2.7304551217118043,1.6142316e-05,6.1142164e-06,0.0,0.25,2.0844023,2.025175,1.8806609,-4.5361395,8.2115755,0.17307692307692285,0.03853270050679744,0.1403846153846151,0.02895985841847006,0.14571857903700067,0.0354129866141939,True,Goblet vs Rest,Goblet,Rest,Zfp185
999,Tmem43,0.9388,0.06120000000000003,2.7304551217118043,8.088295e-05,2.9871468e-05,0.0,0.25,1.6934108,1.7899761,1.2430897,-2.670251,5.9769974,1.013461538461536,0.326924623924069,0.5288461538461522,0.2026385648781331,0.8602018853812123,0.2761213746510167,True,Goblet vs Rest,Goblet,Rest,Tmem43
1000,Plxnb2,0.9388,0.06120000000000003,2.7304551217118043,0.00022936752,8.516258e-05,0.0,0.25,1.5740678,1.6240964,1.1357054,-3.1178122,5.650672,2.8749999999999925,0.9728099107070491,0.8230769230769204,0.44678626015607925,2.4172310784659166,0.8574522347966932,True,Goblet vs Rest,Goblet,Rest,Plxnb2
1001,Ifi205,0.9386,0.06140000000000001,2.7269794159949496,7.2085946e-05,2.5589934e-05,0.0,0.25,1.9232959,1.9545379,1.7059549,-3.3164368,7.264183,0.6730769230769221,0.22725444453382906,0.27307692307692233,0.09999195559488455,0.48714294502688354,0.17880544606725937,True,Goblet vs Rest,Goblet,Rest,Ifi205
1002,Sprr1a,0.9386,0.06140000000000001,2.7269794159949496,0.0017900381,0.00054959423,0.0,0.25,1.9245473,1.9329786,2.1586442,-7.004763,9.333672,32.751923076923134,11.063792132572132,0.6576923076923056,0.43351299171427987,22.63646465351618,7.568447929397789,True,Goblet vs Rest,Goblet,Rest,Sprr1a
1003,Ramp1,0.9386,0.06140000000000001,2.7269794159949496,4.0829058e-05,1.5796562e-05,0.0,0.25,2.1644864,2.306387,2.0523682,-4.6687307,8.258893,0.4019230769230766,0.12388383879012153,0.20192307692307643,0.05027753197650975,0.32910831122881806,0.07336916350313609,True,Goblet vs Rest,Goblet,Rest,Ramp1
1004,Faah,0.9386,0.06140000000000001,2.7269794159949496,7.124256e-05,4.1341937e-05,0.0,0.25,1.9078457,2.0943232,2.2031605,-5.295826,7.0024147,0.7442307692307676,0.5295631888021941,0.3769230769230758,0.19242217038050569,0.5596166356155929,0.36319991265838353,True,Goblet vs Rest,Goblet,Rest,Faah
1005,Palmd,0.9384,0.06159999999999999,2.723514275118579,5.9980273e-05,1.7976812e-05,0.0,0.25,2.1930141,2.0454478,2.4421797,-5.1296463,10.718108,0.5480769230769224,0.10143994851580726,0.22692307692307634,0.067170782720617,0.49981747552582106,0.14080277195633414,True,Goblet vs Rest,Goblet,Rest,Palmd
1006,Or4k36,0.9384,0.06159999999999999,2.723514275118579,4.7529807e-05,1.520334e-05,0.0,0.25,2.1944866,2.2797809,1.8735756,-4.426977,7.502796,0.6923076923076913,0.20440833400370317,0.3288461538461529,0.11857453141340368,0.5705321982546916,0.1427535376176251,True,Goblet vs Rest,Goblet,Rest,Or4k36
1007,Rnf223,0.9384,0.06159999999999999,2.723514275118579,1.7644927e-05,4.250582e-06,0.0,0.25,1.9348509,1.8682394,1.9625161,-4.9414244,8.832438,0.1846153846153844,0.02171989381385251,0.10961538461538445,0.017134582897594758,0.1500951845753822,0.018336813916659297,True,Goblet vs Rest,Goblet,Rest,Rnf223
1008,Sh3bgrl2,0.9384,0.06159999999999999,2.723514275118579,8.076434e-05,3.0516174e-05,0.0,0.25,1.7984451,1.8998852,1.4343798,-3.1986284,5.835725,1.1230769230769202,0.3805808060494023,0.5346153846153829,0.2105220818920503,0.851944194405405,0.2864265461284796,True,Goblet vs Rest,Goblet,Rest,Sh3bgrl2
1009,Ehf,0.9384,0.06159999999999999,2.723514275118579,0.0003188107,0.00012291093,0.0,0.25,1.6992077,1.840528,1.2537404,-3.1865396,5.737338,3.567307692307683,1.2994932024775978,0.807692307692305,0.4238597055747894,2.6189100579258815,1.123063579549134,True,Goblet vs Rest,Goblet,Rest,Ehf
1010,Scgb1c1,0.9382,0.061799999999999966,2.7200596302771367,9.021425e-05,5.9521604e-05,0.0,0.25,1.378093,1.4731693,2.3158154,-4.7909203,7.307866,0.4153846153846152,0.5204730110208375,0.10769230769230753,0.08687957525541001,0.3436157258422223,0.3180244729288876,True,Goblet vs Rest,Goblet,Rest,Scgb1c1
1011,Cxcl11,0.9382,0.061799999999999966,2.7200596302771367,0.00012036863,0.00037052613,0.0,0.25,-1.433565,-1.6224437,1.8256677,-6.0565195,7.35686,0.5730769230769227,4.465931944332751,0.19230769230769185,0.5038210924302328,0.37057093664397067,3.5009853433378875,True,Goblet vs Rest,Goblet,Rest,Cxcl11
1012,Mgp,0.9382,0.061799999999999966,2.7200596302771367,0.00012576407,0.0005060148,0.0,0.25,-1.2982113,-1.2474451,2.9449654,-8.995874,7.9240017,0.3749999999999999,3.0793178344461536,0.1288461538461536,0.39996782237955053,0.24058360541693752,4.869289042089509,True,Goblet vs Rest,Goblet,Rest,Mgp
1013,Emp1,0.9382,0.061799999999999966,2.7200596302771367,0.00012258178,3.62116e-05,0.0,0.25,1.9663337,1.8911753,2.0079393,-4.6221285,9.222359,1.755769230769228,0.2751990990266302,0.3788461538461527,0.11616120987853107,1.6232401925892477,0.2789311646929431,True,Goblet vs Rest,Goblet,Rest,Emp1
1014,Slc27a4,0.938,0.062000000000000055,2.7166154133318035,5.6594785e-05,1.7798411e-05,0.0,0.25,1.8011705,1.8370738,1.5672916,-5.367872,7.544139,0.730769230769229,0.21727938218969084,0.42884615384615254,0.1469712814737381,0.6142284579592359,0.18412416351663685,True,Goblet vs Rest,Goblet,Rest,Slc27a4
1015,Ermp1,0.938,0.062000000000000055,2.7166154133318035,5.5275494e-05,2.1263599e-05,0.0,0.25,1.5059787,1.5514188,1.1184726,-4.4013023,6.4816895,0.7249999999999985,0.20923497707344962,0.4134615384615372,0.1527632531574324,0.5585683905951733,0.17554168295977138,True,Goblet vs Rest,Goblet,Rest,Ermp1
1016,Adm,0.9376,0.06240000000000001,2.7097579938564973,6.254014e-05,0.00024211933,0.0,0.25,-1.7818778,-1.8470998,1.2968327,-6.25904,3.402505,0.5307692307692299,2.5042233126859634,0.26346153846153775,0.5857131365135203,0.3853666364830204,2.414368810344357,True,Goblet vs Rest,Goblet,Rest,Adm
1017,Uaca,0.9374,0.06259999999999999,2.706344658305962,8.523283e-05,2.0846466e-05,0.0,0.25,1.9248444,1.8640227,1.6502212,-5.126775,8.069599,1.1307692307692288,0.18502131767356036,0.42884615384615254,0.11720698254364253,0.9958888679981368,0.1525563901724023,True,Goblet vs Rest,Goblet,Rest,Uaca
1018,Sptbn2,0.9374,0.06259999999999999,2.706344658305962,3.8334572e-05,1.621741e-05,0.0,0.25,1.6945555,1.8056688,1.4554709,-5.4467697,8.064577,0.37692307692307614,0.08872978843214538,0.27307692307692233,0.05582817150671628,0.3016920073444568,0.07520714444054617,True,Goblet vs Rest,Goblet,Rest,Sptbn2
1019,Tmem139,0.9374,0.06259999999999999,2.706344658305962,1.8550105e-05,7.2126472e-06,0.0,0.25,1.6102033,1.5542598,1.2053568,-2.575158,5.849944,0.2096153846153843,0.05976993001367483,0.1749999999999996,0.05011664387418492,0.15795873690553677,0.05323163805330125,True,Goblet vs Rest,Goblet,Rest,Tmem139
1020,Rab11fip1,0.9374,0.06259999999999999,2.706344658305962,0.00027991648,8.341731e-05,0.0,0.25,1.9452145,1.983491,1.5779994,-3.8903208,7.271777,3.4730769230769134,1.1480170541387882,0.8115384615384589,0.42981256536080853,2.8421563517995767,0.8769943554339468,True,Goblet vs Rest,Goblet,Rest,Rab11fip1
1021,Rab3d,0.9372,0.06279999999999997,2.702941484593913,6.7680485e-05,2.882344e-05,0.0,0.25,1.5717163,1.7487202,1.1936557,-2.6872892,4.869712,0.9884615384615361,0.33279703965892565,0.5134615384615369,0.20722387579439105,0.7385388460315482,0.273999816500408,True,Goblet vs Rest,Goblet,Rest,Rab3d
1022,Bicdl2,0.9372,0.06279999999999997,2.702941484593913,5.4602402e-05,1.7035893e-05,0.0,0.25,2.238174,2.3715267,1.5895904,-2.9632788,5.9925995,0.6980769230769215,0.20231678867348044,0.44038461538461404,0.13136513554822854,0.5138130074119407,0.12801374049113204,True,Goblet vs Rest,Goblet,Rest,Bicdl2
1023,Gdpd1,0.9372,0.06279999999999997,2.702941484593913,0.0003466221,0.00013148299,0.0,0.25,1.958311,1.9881663,2.2145715,-4.9366684,7.68933,4.167307692307685,1.8666237631726372,0.7692307692307667,0.4018984796074486,3.114037984921852,1.1924502973141153,True,Goblet vs Rest,Goblet,Rest,Gdpd1
1024,Slc27a2,0.9372,0.06279999999999997,2.702941484593913,2.987554e-05,1.4988332e-05,0.0,0.25,1.614405,1.7228909,1.7462851,-4.219246,6.689273,0.3538461538461534,0.15260236505510513,0.18269230769230727,0.08382270131123803,0.2672802829600219,0.09355014718218102,True,Goblet vs Rest,Goblet,Rest,Slc27a2
1025,Dhcr7,0.9372,0.06279999999999997,2.702941484593913,3.3237953e-05,1.2057532e-05,0.0,0.25,1.638065,1.7293043,1.5279653,-5.0772514,5.49035,0.41346153846153766,0.12750382109243058,0.2557692307692301,0.08205293218566478,0.34429033895700883,0.09822549213976775,True,Goblet vs Rest,Goblet,Rest,Dhcr7
1026,Cd55,0.937,0.06299999999999994,2.699548407789103,7.280162e-05,2.6546348e-05,0.0,0.25,2.1837227,2.368804,1.9519933,-3.5857801,7.0990267,1.009615384615383,0.28356528034752193,0.3999999999999988,0.11012790604134953,0.8310053500915947,0.19407261800842354,True,Goblet vs Rest,Goblet,Rest,Cd55
1027,Itprip,0.937,0.06299999999999994,2.699548407789103,1.7316512e-05,6.8490112e-06,0.0,0.25,1.6673547,1.7440267,1.7109401,-6.0487537,8.743954,0.2211538461538457,0.06950366020432748,0.19230769230769185,0.05349529402300629,0.1852997122796122,0.06555933658817036,True,Goblet vs Rest,Goblet,Rest,Itprip
1028,Ces1d,0.937,0.06299999999999994,2.699548407789103,0.00030886938,0.000111449706,0.0,0.25,2.746589,2.6398969,2.5746882,-5.484071,8.619835,5.084615384615385,1.7579438500522457,0.6673076923076902,0.24656101681281467,3.6544540588987524,1.0846662370183209,True,Goblet vs Rest,Goblet,Rest,Ces1d
1029,Enpp5,0.937,0.06299999999999994,2.699548407789103,0.00020679347,6.737602e-05,0.0,0.25,1.6731893,1.7179775,1.2819303,-3.1038609,5.8472137,3.038461538461531,0.8069342772101631,0.7480769230769206,0.39023409218889765,2.2107845874770917,0.6257516021385585,True,Goblet vs Rest,Goblet,Rest,Enpp5
1030,Klf5,0.937,0.06299999999999994,2.699548407789103,0.0002602184,9.316105e-05,0.0,0.25,1.8617891,1.89287,1.3172779,-2.7680006,6.3663874,3.31923076923076,0.9465047059769565,0.7942307692307666,0.3621591183332129,2.557630202064681,0.8525695495794279,True,Goblet vs Rest,Goblet,Rest,Klf5
1031,Ptgr1,0.937,0.06299999999999994,2.699548407789103,5.07446e-05,2.4236999e-05,0.0,0.25,1.5401263,1.5814285,2.1520596,-5.5444565,7.559182,0.7961538461538457,0.23039176252916269,0.20769230769230718,0.08430536561821256,0.48460193979491306,0.15763636713061913,True,Goblet vs Rest,Goblet,Rest,Ptgr1
1032,Ablim3,0.9368,0.06320000000000003,2.6961653635774967,2.315845e-05,8.74396e-06,0.0,0.25,1.8467335,1.9860749,1.6053473,-3.272705,7.3917837,0.30384615384615327,0.058241493041589244,0.2230769230769225,0.03756737189284841,0.27817496294922356,0.045773662328386186,True,Goblet vs Rest,Goblet,Rest,Ablim3
1033,Cast,0.9368,0.06320000000000003,2.6961653635774967,0.0003032337,0.00011285757,0.0,0.25,1.6484182,1.7236676,1.136664,-2.9403057,5.7923307,4.3076923076923,1.4080926715468327,0.8749999999999971,0.5134743785697166,3.281534790139893,1.1896029285624097,True,Goblet vs Rest,Goblet,Rest,Cast
1034,Enpep,0.9368,0.06320000000000003,2.6961653635774967,6.7172245e-05,2.4591043e-05,0.0,0.25,2.2393084,2.2000966,2.1454816,-4.017726,7.8337803,1.0307692307692293,0.24117126538492703,0.32499999999999907,0.10288794143673169,0.8075463942161121,0.181262509278761,True,Goblet vs Rest,Goblet,Rest,Enpep
1035,Plekhh1,0.9368,0.06320000000000003,2.6961653635774967,2.420181e-05,7.5702173e-06,0.0,0.25,1.6463544,1.6369996,1.2547288,-3.9920254,6.832385,0.2442307692307688,0.06813611133456625,0.20192307692307643,0.0583219370927511,0.20416489215077813,0.06715818270975749,True,Goblet vs Rest,Goblet,Rest,Plekhh1
1036,Lyz2,0.9366,0.06340000000000001,2.6927922882544832,0.00045544535,0.00033645236,0.0,0.25,1.7835363,2.1004443,2.4556582,-5.5836973,7.811818,8.017307692307718,6.331027270533455,0.40769230769230647,0.31397313168692303,5.536775539451074,3.760546987151308,True,Goblet vs Rest,Goblet,Rest,Lyz2
1037,Zbtb32,0.9364,0.06359999999999999,2.689429118717184,1.6129028e-05,5.5199025e-06,0.0,0.25,1.63997,1.6445475,2.0570598,-5.4512596,7.2409954,0.2307692307692305,0.052851741613707294,0.14230769230769202,0.03829136835331013,0.16935240781020972,0.03380854637267115,True,Goblet vs Rest,Goblet,Rest,Zbtb32
1038,Gpha2,0.9364,0.06359999999999999,2.689429118717184,2.9208868e-05,2.0336345e-05,0.0,0.25,1.2114363,1.2230959,2.6521585,-5.809758,9.346049,0.8769230769230766,0.27954307778939985,0.15769230769230735,0.06435524092993228,0.6268875570758382,0.17030199083411604,True,Goblet vs Rest,Goblet,Rest,Gpha2
1039,Galnt3,0.9364,0.06359999999999999,2.689429118717184,3.4944864e-05,1.1691709e-05,0.0,0.25,1.8580803,1.9231935,1.3359293,-3.2255983,5.5752697,0.4865384615384608,0.11254122757622104,0.27692307692307616,0.07561740809267115,0.34376648087789674,0.07656580571461936,True,Goblet vs Rest,Goblet,Rest,Galnt3
1040,Slc10a5,0.9364,0.06359999999999999,2.689429118717184,1.2758442e-05,5.4378897e-06,0.0,0.25,1.9409586,2.155941,1.8498417,-4.9074097,6.753895,0.15576923076923052,0.03788914809749815,0.12307692307692286,0.029683854878931812,0.12773580829770204,0.029805841931198982,True,Goblet vs Rest,Goblet,Rest,Slc10a5
1041,Slc29a1,0.9362,0.06379999999999997,2.6860757924569056,2.4662679e-05,9.728111e-05,0.0,0.25,-1.9189471,-1.9738879,1.8202596,-6.768626,3.1612234,0.15961538461538446,0.8183573324752281,0.1153846153846152,0.3975545008446779,0.11231311961121655,0.9120480339294732,False,Goblet vs Rest,Goblet,Rest,Slc29a1
1042,Cybb,0.9362,0.06379999999999997,2.6860757924569056,5.5624263e-05,2.445754e-05,0.0,0.25,1.5516322,1.6488881,1.8841497,-4.761054,7.946249,0.3807692307692306,0.2205775882873476,0.11346153846153828,0.07320408655779853,0.30664250122280995,0.1407815054589807,True,Goblet vs Rest,Goblet,Rest,Cybb
1043,Itpripl1,0.9362,0.06379999999999997,2.6860757924569056,3.2460794e-05,1.3255269e-05,0.0,0.25,1.5218608,1.6218715,1.3618915,-3.389679,4.9940825,0.3615384615384609,0.1373984393854083,0.2557692307692301,0.097015525701875,0.2854848982167911,0.10873340282302799,True,Goblet vs Rest,Goblet,Rest,Itpripl1
1044,Endod1,0.9362,0.06379999999999997,2.6860757924569056,0.00016222152,5.415597e-05,0.0,0.25,1.7349135,1.7219238,1.3086283,-2.7373962,6.996763,2.067307692307687,0.5368031534068123,0.6788461538461517,0.28847236746843574,1.5828764988259942,0.4757131790670975,True,Goblet vs Rest,Goblet,Rest,Endod1
1045,Sh3bp5,0.9362,0.06379999999999997,2.6860757924569056,3.67408e-05,0.00013820438,0.0,0.25,-1.6615473,-1.6890435,1.2183709,-6.046606,2.2752676,0.3576923076923071,1.7626096050195865,0.24807692307692242,0.5283565280347541,0.2658620414263954,1.3243291462955686,True,Goblet vs Rest,Goblet,Rest,Sh3bp5
1046,Akip1,0.936,0.06399999999999995,2.682732247551694,5.3467105e-05,2.1201913e-05,0.0,0.25,1.53949,1.6677003,0.95040035,-2.1512651,4.8864956,0.7057692307692289,0.23505751749658627,0.4615384615384601,0.17198938138525088,0.543909656607199,0.1817590098712069,False,Goblet vs Rest,Goblet,Rest,Akip1
1047,Grb7,0.9358,0.06420000000000003,2.679398422659016,0.000110519955,3.830296e-05,0.0,0.25,1.5659193,1.5641189,1.1198918,-3.5495367,4.988943,1.42884615384615,0.43134100233289124,0.6576923076923056,0.2652240366824962,1.167906753541832,0.33868582898763705,False,Goblet vs Rest,Goblet,Rest,Grb7
1048,Alox12,0.9358,0.06420000000000003,2.679398422659016,3.1347452e-05,1.2382562e-05,0.0,0.25,1.6126238,1.7347741,1.2151113,-3.7180967,5.651335,0.3807692307692302,0.10256616523208124,0.24423076923076859,0.06974499235781445,0.3464554698227055,0.09094852255818847,False,Goblet vs Rest,Goblet,Rest,Alox12
1049,Ppfia3,0.9358,0.06420000000000003,2.679398422659016,1.9086832e-05,9.8348e-06,0.0,0.25,1.5396402,1.5062971,2.3923607,-5.2187386,6.959096,0.23653846153846123,0.100796396106508,0.1749999999999996,0.07610007239964567,0.21374646591396787,0.06772917589483178,False,Goblet vs Rest,Goblet,Rest,Ppfia3
1050,Mansc1,0.9358,0.06420000000000003,2.679398422659016,3.9974657e-05,1.3070528e-05,0.0,0.25,1.9583309,2.0218663,1.496475,-3.024166,5.749421,0.44807692307692215,0.15879655699461215,0.31153846153846065,0.1139087764459833,0.3349747702685923,0.10960601007346986,False,Goblet vs Rest,Goblet,Rest,Mansc1
1051,Tlr3,0.9358,0.06420000000000003,2.679398422659016,4.364219e-05,1.7470522e-05,0.0,0.25,1.5427762,1.5182095,1.1579047,-3.2624846,6.1803493,0.5076923076923066,0.16491030488295588,0.31153846153846065,0.11801142305526674,0.3664462947559602,0.15653641051809175,False,Goblet vs Rest,Goblet,Rest,Tlr3
1052,Ctsh,0.9358,0.06420000000000003,2.679398422659016,0.0014134152,0.0007512753,0.0,0.25,1.9963332,2.1153717,2.4564834,-4.533861,7.529575,18.459615384615425,13.143753519427518,0.946153846153843,0.6046174885366761,12.922050226586109,7.634673209099819,False,Goblet vs Rest,Goblet,Rest,Ctsh
1053,Osbpl3,0.9356,0.06440000000000001,2.676074257008553,7.168248e-05,2.2138483e-05,0.0,0.25,2.1989791,2.1992445,1.8979932,-3.5606394,8.187366,0.946153846153844,0.26546536883597904,0.42884615384615254,0.14946504705977315,0.8263880165178407,0.19754166058328296,False,Goblet vs Rest,Goblet,Rest,Osbpl3
1054,Metrnl,0.9356,0.06440000000000001,2.676074257008553,0.000149248,8.508727e-05,0.0,0.25,1.4042147,1.5036898,1.9606926,-5.4729633,6.6690207,2.1173076923076875,1.4544284450164247,0.601923076923075,0.36232000643553774,1.4630465411354916,0.9140660534311817,False,Goblet vs Rest,Goblet,Rest,Metrnl
1055,Sulf2,0.9356,0.06440000000000001,2.676074257008553,4.4188895e-05,1.411446e-05,0.0,0.25,1.731032,1.8162122,1.5019054,-4.338331,6.235262,0.7269230769230752,0.16257742739924552,0.3538461538461528,0.10248572118091959,0.5593784763494687,0.12950695488177644,False,Goblet vs Rest,Goblet,Rest,Sulf2
1056,Cenpm,0.9354,0.06459999999999999,2.672759690395094,9.518826e-05,3.386009e-05,0.0,0.25,1.7334121,1.7908206,1.8960793,-4.246378,8.198548,0.40769230769230735,0.15203925669696808,0.11346153846153828,0.06934277210200235,0.3323646313916929,0.0931543056537161,False,Goblet vs Rest,Goblet,Rest,Cenpm
1057,Noxo1,0.9352,0.06479999999999997,2.669454663171554,3.9486535e-05,1.6333473e-05,0.0,0.25,1.4528723,1.5230274,1.0118088,-2.2850113,5.6204176,0.3673076923076918,0.14600595285978735,0.2326923076923071,0.10546215107392914,0.27745741855736245,0.12744608769439128,False,Goblet vs Rest,Goblet,Rest,Noxo1
1058,Myl7,0.9352,0.06479999999999997,2.669454663171554,0.00010724588,8.977328e-05,0.0,0.25,1.1012893,1.217958,2.221433,-6.399976,7.709655,1.3865384615384602,1.5134743785696738,0.3019230769230761,0.19829458611536238,0.9732000775670594,0.8875023653677184,False,Goblet vs Rest,Goblet,Rest,Myl7
1059,Csf2,0.9352,0.06479999999999997,2.669454663171554,4.816849e-05,1.6350888e-05,0.0,0.25,2.5812786,2.4347067,2.4719462,-4.3128605,9.546032,0.7326923076923071,0.19403105140374918,0.17692307692307652,0.04826643069744941,0.5120334826142705,0.11161436701002227,False,Goblet vs Rest,Goblet,Rest,Csf2
1060,Pik3r3,0.935,0.06499999999999995,2.666159116242096,6.936528e-05,2.496704e-05,0.0,0.25,1.7635131,1.8523059,1.4766636,-4.972069,6.9113703,0.8596153846153828,0.28428927680798605,0.41730769230769105,0.1783444614270821,0.6532735963068799,0.22344570894584134,False,Goblet vs Rest,Goblet,Rest,Pik3r3
1061,Prkch,0.935,0.06499999999999995,2.666159116242096,3.1520034e-05,8.759544e-06,0.0,0.25,1.8054254,1.7870145,1.3677667,-3.8558102,6.9512663,0.38076923076922986,0.083259592953101,0.2692307692307685,0.06459657308341954,0.33344261581756135,0.07075379623224547,False,Goblet vs Rest,Goblet,Rest,Prkch
1062,Pwwp2b,0.935,0.06499999999999995,2.666159116242096,3.6833768e-05,1.4502753e-05,0.0,0.25,1.4506028,1.4841866,0.8896269,-1.6841345,4.901601,0.48076923076922967,0.14745394578071117,0.3403846153846144,0.12018341243665209,0.38260877437378177,0.13877903985097623,False,Goblet vs Rest,Goblet,Rest,Pwwp2b
1063,Plekhs1,0.935,0.06499999999999995,2.666159116242096,2.861585e-05,1.1750962e-05,0.0,0.25,1.9309727,1.9744625,1.7714902,-4.2823973,7.339691,0.19615384615384596,0.07931783444614257,0.1269230769230767,0.039498029120746334,0.16185085577270178,0.057115809049145205,False,Goblet vs Rest,Goblet,Rest,Plekhs1
1064,Epha2,0.9348,0.06520000000000004,2.662872991055349,4.243957e-05,1.2863399e-05,0.0,0.25,1.8901672,1.8772249,1.8085972,-4.0340014,7.379409,0.42307692307692224,0.11028879414367335,0.2826923076923069,0.07931783444614249,0.38240312334939053,0.09088552558231311,False,Goblet vs Rest,Goblet,Rest,Epha2
1065,Scnn1a,0.9348,0.06520000000000004,2.662872991055349,8.616034e-05,3.7422527e-05,0.0,0.25,1.3240976,1.418129,0.9308599,-2.346078,4.63871,1.303846153846151,0.3587804681843857,0.5519230769230752,0.1862279784409993,0.9899040037128367,0.29493055482487635,False,Goblet vs Rest,Goblet,Rest,Scnn1a
1066,Macroh2a2,0.9348,0.06520000000000004,2.662872991055349,1.521187e-05,6.832698e-05,0.0,0.25,-1.9937242,-2.032827,1.8257604,-7.7630196,3.6658182,0.14230769230769214,0.47043681119782654,0.10769230769230753,0.2820368433754421,0.09929721840567961,0.5437717050056844,False,Goblet vs Rest,Goblet,Rest,Macroh2a2
1067,Ly6k,0.9348,0.06520000000000004,2.662872991055349,0.0003737432,9.5615826e-05,0.0,0.25,1.8154705,1.7844577,1.5612898,-3.3347206,8.184274,5.961538461538469,1.0565521679671455,0.5192307692307676,0.26538492478482106,4.416709532072862,0.8681563751961406,False,Goblet vs Rest,Goblet,Rest,Ly6k
1068,Dhx32,0.9346,0.06540000000000001,2.65959622959775,5.8592774e-05,1.9982363e-05,0.0,0.25,2.0433388,2.0321107,1.5856998,-4.4534254,5.982848,0.7634615384615365,0.22677178022685648,0.44038461538461404,0.155176574692305,0.6417630004514266,0.1711108081157955,False,Goblet vs Rest,Goblet,Rest,Dhx32
1069,Pgd,0.9346,0.06540000000000001,2.65959622959775,0.000106791435,4.5637153e-05,0.0,0.25,1.3031301,1.3562665,0.79491866,-2.5893126,3.4062786,1.334615384615381,0.5828171506717065,0.6230769230769211,0.3433352103612065,1.0057697356090587,0.45151019788494234,False,Goblet vs Rest,Goblet,Rest,Pgd
1070,Celf3,0.9346,0.06540000000000001,2.65959622959775,5.352021e-05,2.613294e-05,0.0,0.25,1.2991388,1.3943071,2.3645222,-6.0183125,8.112043,0.3653846153846152,0.1552570187434647,0.11923076923076903,0.06813611133456604,0.2639829038788123,0.12126580818064273,False,Goblet vs Rest,Goblet,Rest,Celf3
1071,H2-M2,0.9344,0.06559999999999999,2.6563287743869615,7.802921e-05,0.00027737438,0.0,0.25,-1.6062932,-1.6628432,1.4716178,-6.9613,4.5709085,0.2865384615384614,3.316788673477586,0.11923076923076903,0.5379293701230755,0.19480820563319362,2.6801739971969774,False,Goblet vs Rest,Goblet,Rest,H2-M2
1072,Liph,0.9344,0.06559999999999999,2.6563287743869615,9.120617e-05,3.675166e-05,0.0,0.25,1.9851472,2.0884476,2.0072386,-4.7973022,7.960191,1.2615384615384586,0.46705816104900194,0.47499999999999853,0.21454428445017132,0.945837694452737,0.3161068393051424,False,Goblet vs Rest,Goblet,Rest,Liph
1073,Tom1,0.9344,0.06559999999999999,2.6563287743869615,5.5966757e-05,1.7921957e-05,0.0,0.25,1.6985906,1.6673193,1.7941821,-5.1783495,7.2710857,0.8596153846153831,0.23208108760357501,0.4134615384615372,0.13184779985520306,0.6288194902555225,0.17652377165186423,False,Goblet vs Rest,Goblet,Rest,Tom1
1074,Fhdc1,0.9344,0.06559999999999999,2.6563287743869615,1.9725754e-05,9.075415e-06,0.0,0.25,1.4881238,1.5571537,1.355604,-3.8997383,7.4099073,0.24615384615384578,0.0639530206741206,0.20192307692307643,0.04866865095326148,0.18537542962754497,0.060571713337331745,False,Goblet vs Rest,Goblet,Rest,Fhdc1
1075,Cpm,0.9342,0.06579999999999997,2.6530705684654103,6.93521e-05,1.8686284e-05,0.0,0.25,1.9960436,1.9744043,1.8613623,-6.1038637,9.55993,0.8615384615384601,0.17504625532942017,0.3173076923076914,0.0986244067251234,0.7533797157048033,0.15281236716406213,False,Goblet vs Rest,Goblet,Rest,Cpm
1076,Prr15l,0.9342,0.06579999999999997,2.6530705684654103,0.00012959319,4.9032275e-05,0.0,0.25,2.2168744,2.2667203,1.7502487,-3.2267427,6.5179443,1.5576923076923035,0.5305285174161452,0.6096153846153827,0.216394497626907,1.270862650965614,0.3530214974997393,False,Goblet vs Rest,Goblet,Rest,Prr15l
1077,Fmo2,0.9342,0.06579999999999997,2.6530705684654103,4.02191e-05,2.4103489e-05,0.0,0.25,2.1670852,2.2087584,2.4398263,-5.146961,8.221364,0.24615384615384597,0.15123481618534332,0.1384615384615382,0.035878046818437724,0.1840709356431819,0.1067049931488956,False,Goblet vs Rest,Goblet,Rest,Fmo2
1078,Rhbg,0.934,0.06599999999999995,2.6498215553939164,3.7852253e-05,1.7465987e-05,0.0,0.25,1.5994227,1.7687259,1.6827191,-4.1196623,5.9124804,0.48076923076922984,0.19636392888746068,0.2923076923076915,0.10554259512509157,0.37188711694982,0.12832988608288998,False,Goblet vs Rest,Goblet,Rest,Rhbg
1079,Foxa1,0.9338,0.06620000000000004,2.646581679245415,5.9495036e-05,2.0025078e-05,0.0,0.25,1.777747,1.7735658,1.6107341,-4.8568506,7.1006355,0.6865384615384603,0.1432708551202644,0.3153846153846145,0.08245515244147689,0.531442794268238,0.10756703505647593,False,Goblet vs Rest,Goblet,Rest,Foxa1
1080,Mras,0.9338,0.06620000000000004,2.646581679245415,2.7802449e-05,9.282785e-05,0.0,0.25,-1.4983417,-1.4266367,1.1268605,-5.558649,2.0962706,0.1865384615384613,1.2232322419756432,0.1153846153846152,0.4218486042957289,0.11894490259143263,0.835825340824265,False,Goblet vs Rest,Goblet,Rest,Mras
1081,Mpzl3,0.9338,0.06620000000000004,2.646581679245415,8.4944935e-05,2.989672e-05,0.0,0.25,1.845876,1.9617143,1.5572819,-3.7049599,7.642598,1.059615384615382,0.2834043922451992,0.4923076923076908,0.17110449682246426,0.9091715499469771,0.24111235024675343,False,Goblet vs Rest,Goblet,Rest,Mpzl3
1082,Il11ra1,0.9336,0.06640000000000001,2.643350884598785,8.979349e-05,0.00030879542,0.0,0.25,-1.5763898,-1.6486168,1.1905226,-5.1859837,2.9175816,0.7519230769230754,4.489421607272148,0.3980769230769219,0.7242377926151128,0.5306311246760149,3.2175817880970956,False,Goblet vs Rest,Goblet,Rest,Il11ra1
1083,Fermt1,0.9334,0.06659999999999999,2.6401291165327536,5.3997308e-05,0.00012484251,0.0,0.25,-1.1761094,-1.2023764,0.7812997,-3.953948,2.829543,0.32692307692307637,1.3940149625934082,0.22692307692307634,0.5271498672673186,0.22810170166404928,1.1591086236459087,False,Goblet vs Rest,Goblet,Rest,Fermt1
1084,Mxd1,0.9334,0.06659999999999999,2.6401291165327536,0.00035800884,0.000100596466,0.0,0.25,1.8111224,1.8280835,1.7772168,-4.368271,8.158098,5.350000000000011,1.2996540905799248,0.7749999999999975,0.4269970235701238,4.3557547625349375,1.011608018564629,False,Goblet vs Rest,Goblet,Rest,Mxd1
1085,Htra1,0.9332,0.06679999999999997,2.636916320619904,6.0125774e-05,0.00019321188,0.0,0.25,-1.5523525,-1.6546631,1.9879972,-6.6976023,5.209859,0.6307692307692301,1.420561499477032,0.257692307692307,0.481940310514057,0.43779183948731726,1.8291304868545022,False,Goblet vs Rest,Goblet,Rest,Htra1
1086,Slc46a1,0.9332,0.06679999999999997,2.636916320619904,2.2338592e-05,8.8217885e-06,0.0,0.25,1.5816987,1.5011463,1.2048137,-2.7445211,6.703533,0.24230769230769197,0.07352586276244846,0.19230769230769185,0.057678384683451794,0.16737247233686894,0.06583114513566393,False,Goblet vs Rest,Goblet,Rest,Slc46a1
1087,Muc15,0.933,0.06699999999999995,2.633712442920772,7.216467e-05,4.249859e-05,0.0,0.25,1.8829187,1.9285493,2.5950656,-5.7241316,8.651891,0.8038461538461525,0.3543560453704491,0.3307692307692298,0.11093234655297374,0.5872356172975504,0.22760050768893747,False,Goblet vs Rest,Goblet,Rest,Muc15
1088,Gm14137,0.933,0.06699999999999995,2.633712442920772,4.0401814e-05,1.2703686e-05,0.0,0.25,1.9308867,2.0326962,1.9114656,-4.426528,8.766691,0.5384615384615377,0.1376397715388953,0.2923076923076915,0.08325959295310109,0.4980557422890489,0.09582504353224694,False,Goblet vs Rest,Goblet,Rest,Gm14137
1089,Spmip11,0.933,0.06699999999999995,2.633712442920772,5.4772674e-05,1.6939402e-05,0.0,0.25,1.5599765,1.489923,1.958437,-4.3610077,8.401736,0.7057692307692298,0.11688520633899153,0.32499999999999907,0.06596412195318069,0.5871180506617071,0.07819725985543403,False,Goblet vs Rest,Goblet,Rest,Spmip11
1090,Klk1,0.933,0.06699999999999995,2.633712442920772,5.9242255e-05,3.757078e-05,0.0,0.25,1.8998525,1.9741764,2.6119456,-6.0275707,8.743903,0.740384615384615,0.5458933311881594,0.1038461538461537,0.05808060493926386,0.5753358004416758,0.3420792066290546,False,Goblet vs Rest,Goblet,Rest,Klk1
1091,Erbb3,0.933,0.06699999999999995,2.633712442920772,9.951841e-05,3.691021e-05,0.0,0.25,1.8217614,1.873002,1.394351,-3.907855,6.022107,1.1749999999999967,0.4146086396911063,0.5711538461538443,0.23159842329660446,0.9383888687774006,0.303450660001131,False,Goblet vs Rest,Goblet,Rest,Erbb3
1092,Rgma,0.933,0.06699999999999995,2.633712442920772,1.4257106e-05,3.6213416e-05,0.0,0.25,-1.0605184,-1.1905198,2.1636512,-8.433449,6.043744,0.12692307692307683,0.22009492398037644,0.10192307692307678,0.1670018502131808,0.08843469446716111,0.32922539386646565,False,Goblet vs Rest,Goblet,Rest,Rgma
1093,Paqr5,0.9328,0.06720000000000004,2.6305174299780223,3.3739063e-05,1.26173945e-05,0.0,0.25,2.2230191,2.3710036,1.8581281,-4.3075895,6.895878,0.5288461538461527,0.14729305767838566,0.3192307692307683,0.08301826079961383,0.38794752830196716,0.10019879268709468,False,Goblet vs Rest,Goblet,Rest,Paqr5
1094,Niban2,0.9328,0.06720000000000004,2.6305174299780223,0.00014201559,4.407148e-05,0.0,0.25,1.7202421,1.708972,1.3608413,-3.4018488,6.158164,1.8673076923076877,0.5159681441557515,0.6346153846153826,0.28662215429170007,1.4841310625046615,0.44458354865325933,False,Goblet vs Rest,Goblet,Rest,Niban2
1095,Copz2,0.9328,0.06720000000000004,2.6305174299780223,4.2439362e-05,0.000111493064,0.0,0.25,-1.1462271,-1.2266388,1.9305071,-6.43972,4.7398767,0.338461538461538,0.8463518622797384,0.22692307692307634,0.4017375915051238,0.23136601202206108,0.9849554576066325,False,Goblet vs Rest,Goblet,Rest,Copz2
1096,Slc37a1,0.9328,0.06720000000000004,2.6305174299780223,4.7742455e-05,2.191537e-05,0.0,0.25,1.7062948,1.7347445,1.9506605,-5.414583,6.385336,0.44999999999999885,0.25862762448717436,0.33461538461538365,0.17174804923176362,0.35890457610376136,0.1929283641775656,False,Goblet vs Rest,Goblet,Rest,Slc37a1
1097,Dgat2,0.9326,0.06740000000000002,2.627331228810728,9.460457e-05,4.531606e-05,0.0,0.25,1.913508,2.0252604,2.082842,-4.642476,6.846818,1.346153846153843,0.6108921245273902,0.5596153846153828,0.22612822781755987,0.9495112813814351,0.4158222523740123,False,Goblet vs Rest,Goblet,Rest,Dgat2
1098,Arhgap27,0.9326,0.06740000000000002,2.627331228810728,4.205535e-05,1.7453249e-05,0.0,0.25,1.339361,1.360105,0.95179445,-2.568036,5.145467,0.5384615384615373,0.1921808382270167,0.3769230769230758,0.1484997184458241,0.4323063613302973,0.16867587501939946,False,Goblet vs Rest,Goblet,Rest,Arhgap27
1099,Kif1c,0.9326,0.06740000000000002,2.627331228810728,5.8767557e-05,2.5519994e-05,0.0,0.25,1.4013207,1.498755,1.0918852,-3.128335,5.274658,0.7249999999999983,0.25420320167324184,0.45576923076922937,0.1814817794224165,0.6039337017701238,0.2435943377194932,False,Goblet vs Rest,Goblet,Rest,Kif1c
1100,Gjb2,0.9324,0.0676,2.6241537869087113,0.00011258757,0.00010483681,0.0,0.25,1.3064964,1.3209395,2.5303676,-5.3857603,7.8103256,1.413461538461536,1.6080765827366603,0.38269230769230655,0.2652240366824962,0.9692872798683428,1.0615894038939722,False,Goblet vs Rest,Goblet,Rest,Gjb2
1101,Ttc7,0.9322,0.06779999999999997,2.6209850522269886,7.175642e-05,3.1685333e-05,0.0,0.25,1.3340541,1.3882504,0.9622147,-2.9525871,4.5440874,0.7615384615384596,0.3205695438822387,0.4480769230769217,0.21727938218969362,0.5972947189293629,0.2815624438858927,False,Goblet vs Rest,Goblet,Rest,Ttc7
1102,Birc2,0.9322,0.06779999999999997,2.6209850522269886,8.8084045e-05,0.0002425503,0.0,0.25,-1.3982682,-1.4454322,1.0147203,-5.009471,2.027275,0.91730769230769,2.865658434558699,0.4846153846153831,0.7168369399081752,0.707356968388094,2.471855713951003,False,Goblet vs Rest,Goblet,Rest,Birc2
1103,Adi1,0.932,0.06799999999999995,2.6178249731802863,6.0732455e-05,2.7238217e-05,0.0,0.25,1.3384001,1.4506683,1.1167278,-2.8627558,4.6520214,0.5076923076923071,0.24881345024535872,0.23653846153846092,0.1501085994690725,0.3494888387142753,0.20851920625917197,False,Goblet vs Rest,Goblet,Rest,Adi1
1104,Tent5a,0.932,0.06799999999999995,2.6178249731802863,0.00042083985,0.00010286641,0.0,0.25,1.9032826,1.8034196,1.5394478,-3.2108622,8.548529,6.603846153846178,0.9926795913441829,0.7807692307692282,0.32306330946827655,5.281537040841945,0.9412320152943289,False,Goblet vs Rest,Goblet,Rest,Tent5a
1105,Apoe,0.9318,0.06820000000000004,2.6146734986376408,0.00029876304,0.0012549777,0.0,0.25,-1.302819,-1.2798982,2.3500068,-7.6505866,6.334095,1.824999999999999,10.716515163704077,0.3057692307692299,0.6143512187273222,1.300586255900454,16.137428885249292,False,Goblet vs Rest,Goblet,Rest,Apoe
1106,St14,0.9318,0.06820000000000004,2.6146734986376408,0.00023187418,8.914842e-05,0.0,0.25,1.5881789,1.5797601,1.0975981,-2.1444168,4.7263527,2.8615384615384536,1.0198696806370613,0.830769230769228,0.4681843777652831,2.2472843308439394,0.8513924413101381,False,Goblet vs Rest,Goblet,Rest,St14
1107,G6pdx,0.9316,0.06840000000000002,2.611530577917082,4.5139815e-05,2.0081337e-05,0.0,0.25,1.3423446,1.4827404,0.7943937,-1.709239,3.2194586,0.5653846153846142,0.23562062585472332,0.3538461538461528,0.17448314697128592,0.4302684708546064,0.17901258498324943,False,Goblet vs Rest,Goblet,Rest,G6pdx
1108,Galnt6,0.9316,0.06840000000000002,2.611530577917082,3.8032595e-05,1.4785308e-05,0.0,0.25,1.5555699,1.6495471,1.5596312,-5.2757034,6.460641,0.3115384615384611,0.11632209798085429,0.1865384615384611,0.06620545410666795,0.2292161435666921,0.08339178240876473,False,Goblet vs Rest,Goblet,Rest,Galnt6
1109,Ebag9,0.9314,0.0686,2.608396160780379,8.991369e-05,3.791103e-05,0.0,0.25,1.1980383,1.1696115,0.85080874,-2.078004,3.603693,1.1403846153846127,0.4537848926072061,0.5307692307692291,0.29080524495214594,0.8372102677779962,0.3556872264341553,False,Goblet vs Rest,Goblet,Rest,Ebag9
1110,Add3,0.9312,0.06879999999999997,2.6052701974278807,0.00014483355,5.274786e-05,0.0,0.25,1.579667,1.5986867,1.1750344,-2.5888166,6.3403664,1.8038461538461494,0.5434800096532912,0.5923076923076904,0.2887941436730854,1.3895756210219237,0.4867830938499637,False,Goblet vs Rest,Goblet,Rest,Add3
1111,Tmsb10,0.9312,0.06879999999999997,2.6052701974278807,0.0003930837,0.0010269351,0.0,0.25,-1.2878324,-1.3850384,1.7420274,-5.384923,5.1921625,4.663461538461537,11.430375673719283,0.6730769230769209,0.8704046335771299,3.7138569109163573,10.799283680762185,False,Goblet vs Rest,Goblet,Rest,Tmsb10
1112,Plk3,0.9312,0.06879999999999997,2.6052701974278807,3.5114954e-05,1.4961349e-05,0.0,0.25,1.596868,1.6703467,2.0435674,-5.5552406,7.417884,0.3826923076923071,0.1534068055667291,0.22884615384615326,0.0888102324833081,0.34383127482218206,0.11605331492507928,False,Goblet vs Rest,Goblet,Rest,Plk3
1113,Trp53inp2,0.931,0.06899999999999995,2.6021526384934215,0.0002383995,6.434962e-05,0.0,0.25,1.8339568,1.7866979,1.4143299,-3.455575,8.256181,3.1499999999999924,0.6853028718526079,0.6826923076923055,0.3410023328774963,2.6046295149842527,0.5829365542263408,False,Goblet vs Rest,Goblet,Rest,Trp53inp2
1114,Glrx,0.9308,0.06920000000000004,2.5990434350392984,0.00011582501,3.2993572e-05,0.0,0.25,1.8543936,1.8249841,2.1438186,-5.9524794,8.645999,1.8826923076923054,0.43640897755611674,0.39230769230769114,0.14552328855281454,1.389961604602609,0.33511934168946217,False,Goblet vs Rest,Goblet,Rest,Glrx
1115,Slc15a1,0.9306,0.06940000000000002,2.595942538551336,2.4474344e-05,8.54414e-06,0.0,0.25,1.5431638,1.6122408,1.9368217,-5.845955,7.0745964,0.2749999999999996,0.08108760357171571,0.19615384615384568,0.05598905960904111,0.21469839668827445,0.06702435946641917,False,Goblet vs Rest,Goblet,Rest,Slc15a1
1116,Pcx,0.9306,0.06940000000000002,2.595942538551336,4.5939585e-05,1.4472574e-05,0.0,0.25,1.7383085,1.826901,1.5632042,-4.760351,6.2662983,0.5826923076923066,0.14182286219934137,0.32115384615384523,0.10256616523208201,0.43028154828277293,0.10173641835176782,False,Goblet vs Rest,Goblet,Rest,Pcx
1117,Flvcr1,0.9306,0.06940000000000002,2.595942538551336,1.825877e-05,5.4454147e-05,0.0,0.25,-1.473996,-1.4754429,1.1319191,-5.1862173,2.8492165,0.11730769230769218,0.5693025500764228,0.10769230769230753,0.30818116000322876,0.09448052484976609,0.4384151270025929,False,Goblet vs Rest,Goblet,Rest,Flvcr1
1118,Ehd4,0.9306,0.06940000000000002,2.595942538551336,6.599238e-05,2.4961446e-05,0.0,0.25,1.7496338,1.7616029,1.221428,-1.7461872,4.854306,0.9423076923076901,0.3228219773147851,0.4942307692307677,0.18823907972005982,0.7150577876531263,0.22559894173412737,False,Goblet vs Rest,Goblet,Rest,Ehd4
1119,Slc5a9,0.9304,0.0696,2.5928499009339956,0.00028380586,0.00012119979,0.0,0.25,1.5024896,1.5671325,1.584369,-4.4845686,6.756774,3.9749999999999903,1.506717078271978,0.7884615384615359,0.42908856890034675,2.9887028161548503,1.167852262790226,False,Goblet vs Rest,Goblet,Rest,Slc5a9
1120,Shisa4,0.9304,0.0696,2.5928499009339956,3.3853517e-05,9.3421746e-05,0.0,0.25,-1.434105,-1.46734,2.1022663,-6.92414,6.897811,0.34423076923076873,0.6892446303595647,0.211538461538461,0.3467943045611906,0.24690703829290944,0.9038965497431428,False,Goblet vs Rest,Goblet,Rest,Shisa4
1121,Lzts3,0.9304,0.0696,2.5928499009339956,2.783192e-05,9.12638e-06,0.0,0.25,1.6655918,1.6389909,1.5481257,-4.27489,8.054291,0.29615384615384555,0.06515968144155676,0.211538461538461,0.05558683935322904,0.3020411239205221,0.06083022822835674,False,Goblet vs Rest,Goblet,Rest,Lzts3
1122,Ccdc162,0.9304,0.0696,2.5928499009339956,9.828046e-05,5.2203493e-05,0.0,0.25,1.8062297,1.9237552,2.1330662,-3.9454756,6.5009117,1.4307692307692275,0.8002574209637058,0.532692307692306,0.27318799774757585,1.0332813912331822,0.4851554092801676,False,Goblet vs Rest,Goblet,Rest,Ccdc162
1123,Actn1,0.9304,0.0696,2.5928499009339956,6.3542066e-05,0.00017895711,0.0,0.25,-1.3913734,-1.4555287,1.1138792,-5.2163925,3.1473331,0.5538461538461529,2.0896146729948004,0.2961538461538453,0.6470919475504048,0.43030994968204633,1.8338876983871617,False,Goblet vs Rest,Goblet,Rest,Actn1
1124,Enpp3,0.9302,0.06979999999999997,2.5897654745055814,1.0368444e-05,4.3852465e-06,0.0,0.25,1.6777791,1.8368292,1.5170851,-4.173856,6.430089,0.14615384615384602,0.04665754967420136,0.10576923076923062,0.03378650148821497,0.11638786092615377,0.0354877752641921,False,Goblet vs Rest,Goblet,Rest,Enpp3
1125,Muc1,0.9302,0.06979999999999997,2.5897654745055814,0.00018147113,5.7123667e-05,0.0,0.25,2.0607128,2.0504732,1.7254401,-2.968175,6.6658688,1.54230769230769,0.641621752071431,0.4346153846153833,0.22484112299896114,1.3237073837656144,0.3686507163804758,False,Goblet vs Rest,Goblet,Rest,Muc1
1126,Rdh10,0.9302,0.06979999999999997,2.5897654745055814,0.0001510905,4.471797e-05,0.0,0.25,1.5884538,1.566731,1.2539856,-4.3016424,5.6066704,1.438461538461536,0.40117448314698123,0.41538461538461413,0.22202558120827642,1.204160603926847,0.3485052481381838,False,Goblet vs Rest,Goblet,Rest,Rdh10
1127,Adh1,0.9302,0.06979999999999997,2.5897654745055814,2.4022718e-05,1.30743165e-05,0.0,0.25,1.7084374,1.7424974,1.9357815,-5.7364664,7.42717,0.2576923076923075,0.10023328774837104,0.1288461538461536,0.044324672190491146,0.19307045406831833,0.08258845696329102,False,Goblet vs Rest,Goblet,Rest,Adh1
1128,Ptk7,0.9302,0.06979999999999997,2.5897654745055814,1.2904455e-05,2.5127274e-05,0.0,0.25,-1.0972763,-1.0325146,2.3199492,-9.60368,6.745618,0.16538461538461513,0.1674845145201541,0.14230769230769202,0.142546858659805,0.12806680060388828,0.22886956616569828,False,Goblet vs Rest,Goblet,Rest,Ptk7
1129,Ildr1,0.9302,0.06979999999999997,2.5897654745055814,0.00012091941,4.5898254e-05,0.0,0.25,1.6502002,1.7478161,1.1769094,-2.349206,5.2637663,1.4653846153846117,0.5853109162577421,0.6038461538461519,0.28975947228703447,1.1546844675231054,0.41228079412577306,False,Goblet vs Rest,Goblet,Rest,Ildr1
1130,Cgn,0.93,0.06999999999999995,2.586689211993499,8.646123e-05,3.5148718e-05,0.0,0.25,1.5416732,1.6053233,1.2441318,-3.1346006,6.2445335,1.005769230769228,0.3932909661330657,0.555769230769229,0.2392406081570344,0.8473093240649769,0.3584904906339491,False,Goblet vs Rest,Goblet,Rest,Cgn
1131,Arhgef38,0.93,0.06999999999999995,2.586689211993499,3.461958e-05,1.5212118e-05,0.0,0.25,1.971666,2.0378304,1.8685131,-5.2831774,7.7714853,0.4269230769230761,0.13369801303193676,0.2846153846153838,0.08205293218566478,0.30366829871144047,0.10362167217203141,False,Goblet vs Rest,Goblet,Rest,Arhgef38
1132,Plat,0.93,0.06999999999999995,2.586689211993499,7.750465e-05,2.6321411e-05,0.0,0.25,1.5729135,1.5643249,1.5877823,-3.563692,7.6441584,0.8788461538461526,0.3091464886171704,0.27307692307692233,0.12187273751106292,0.8760199546197989,0.23734964507697665,False,Goblet vs Rest,Goblet,Rest,Plat
1133,Oas2,0.9298,0.07020000000000004,2.583621066529587,2.7072218e-05,8.853792e-06,0.0,0.25,1.6886711,1.7145476,2.4184525,-6.9179344,8.844785,0.31923076923076893,0.027190089292896846,0.18269230769230727,0.020915453302228357,0.2440828384370944,0.03991234410331914,False,Goblet vs Rest,Goblet,Rest,Oas2
1134,Sestd1,0.9298,0.07020000000000004,2.583621066529587,5.3506912e-05,2.141832e-05,0.0,0.25,1.4248029,1.4514203,1.0063654,-2.0397072,5.7827587,0.5711538461538449,0.1868715308502965,0.3423076923076913,0.1359504464644865,0.5008466789069933,0.1677822060888875,False,Goblet vs Rest,Goblet,Rest,Sestd1
1135,Armc9,0.9298,0.07020000000000004,2.583621066529587,4.9461538e-05,1.6910302e-05,0.0,0.25,1.5342696,1.5276237,1.0532057,-2.1150446,5.595909,0.33076923076923037,0.1219531815622241,0.1999999999999995,0.09146488617166798,0.27097272108931053,0.10771518834391021,False,Goblet vs Rest,Goblet,Rest,Armc9
1136,Shisa2,0.9296,0.07040000000000002,2.5805609916455206,3.6510086e-05,0.00013333591,0.0,0.25,-1.7045953,-1.7895818,1.7196223,-6.0425615,3.944871,0.3269230769230766,1.0735258627623885,0.16923076923076885,0.4261925830584996,0.2194387874503352,1.3180416537848734,False,Goblet vs Rest,Goblet,Rest,Shisa2
1137,F3,0.9292,0.07079999999999997,2.5744648697155985,0.000263702,0.00010036933,0.0,0.25,1.8045306,1.702096,2.1449852,-5.3790436,9.315941,3.859615384615378,0.9552731075536721,0.5865384615384597,0.2638564878127351,2.9577799912498315,0.8971038840046283,False,Goblet vs Rest,Goblet,Rest,F3
1138,Ccdc68,0.9292,0.07079999999999997,2.5744648697155985,4.724256e-05,1.8316232e-05,0.0,0.25,1.5984347,1.6217127,1.3064212,-3.1350355,6.1320524,0.49423076923076825,0.12235540181803584,0.3019230769230761,0.08020271900892911,0.3838085466185706,0.11413369772607354,False,Goblet vs Rest,Goblet,Rest,Ccdc68
1139,Slc35a1,0.9288,0.07120000000000004,2.568400482282903,5.628857e-05,2.2707307e-05,0.0,0.25,1.2865639,1.2764564,0.95449024,-2.8870907,4.682706,0.7596153846153829,0.2840479446545003,0.3980769230769219,0.20794787225485284,0.5568657074123436,0.2348319977264174,False,Goblet vs Rest,Goblet,Rest,Slc35a1
1140,Sema3f,0.9288,0.07120000000000004,2.568400482282903,0.00013166806,4.8603997e-05,0.0,0.25,1.7549709,1.7395144,1.3427032,-2.383318,6.7443686,2.046153846153841,0.5201512348161956,0.6865384615384593,0.2835652803475281,1.5536442339717906,0.5037403035498168,False,Goblet vs Rest,Goblet,Rest,Sema3f
1141,Selenbp1,0.9288,0.07120000000000004,2.568400482282903,3.0165544e-05,1.458178e-05,0.0,0.25,1.8348461,1.8614397,2.3094172,-4.744234,9.883882,0.415384615384615,0.09926795913442216,0.1749999999999996,0.041589574450969086,0.3341193913075854,0.06907941293611114,False,Goblet vs Rest,Goblet,Rest,Selenbp1
1142,Eml3,0.9286,0.07140000000000002,2.5653800769531694,3.0053494e-05,1.2410593e-05,0.0,0.25,1.3509732,1.3734708,0.91363835,-2.051588,4.7997313,0.37499999999999917,0.13112380339474008,0.2788461538461531,0.1107714584506489,0.3201580256337978,0.12014427511392138,False,Goblet vs Rest,Goblet,Rest,Eml3
1143,Zdhhc14,0.9286,0.07140000000000002,2.5653800769531694,2.5804751e-05,9.480796e-06,0.0,0.25,1.5904721,1.6682286,1.6609632,-4.5243883,7.5385494,0.334615384615384,0.07883517013916809,0.2461538461538455,0.056552167967178005,0.2788829745230274,0.05424447416734339,False,Goblet vs Rest,Goblet,Rest,Zdhhc14
1144,Frk,0.9286,0.07140000000000002,2.5653800769531694,5.022302e-05,1.7103448e-05,0.0,0.25,1.5712148,1.5600586,1.3438421,-4.0035458,7.4669256,0.5980769230769221,0.1328131284691505,0.3403846153846144,0.08929289679028263,0.4902835836643231,0.11559609339556222,False,Goblet vs Rest,Goblet,Rest,Frk
1145,Slc5a8,0.9286,0.07140000000000002,2.5653800769531694,7.614274e-05,3.051881e-05,0.0,0.25,1.6757345,1.7798467,1.6597247,-4.4153852,7.78001,0.27115384615384586,0.21197007481296948,0.1499999999999997,0.08897112058563295,0.23512257468201714,0.1626708108069785,False,Goblet vs Rest,Goblet,Rest,Slc5a8
1146,Trp63,0.9284,0.0716,2.562367471540107,5.23561e-05,0.00016440879,0.0,0.25,-1.1549286,-1.268043,1.9773623,-6.919258,4.380563,0.4461538461538454,1.122194513715624,0.27692307692307616,0.48491674040706656,0.3245357917813118,1.5884472382671992,False,Goblet vs Rest,Goblet,Rest,Trp63
1147,Trim3,0.9282,0.07179999999999997,2.559362622250681,2.7840644e-05,1.0608255e-05,0.0,0.25,1.4680294,1.4759388,1.0325273,-2.028613,5.184555,0.17884615384615365,0.07392808301826037,0.1403846153846151,0.0636312444694705,0.1769340797804339,0.07988925107428099,False,Goblet vs Rest,Goblet,Rest,Trim3
1148,Unc5b,0.928,0.07199999999999995,2.556365485657129,2.5260746e-05,1.1436028e-05,0.0,0.25,1.709109,1.7516451,1.8341988,-4.093669,8.9536495,0.16730769230769216,0.05132330464162142,0.12307692307692286,0.03467138605100152,0.15886050612807712,0.04186723310051383,False,Goblet vs Rest,Goblet,Rest,Unc5b
1149,Tnfaip2,0.928,0.07199999999999995,2.556365485657129,0.0001403395,5.8728223e-05,0.0,0.25,1.4941988,1.5271707,1.154748,-3.66469,6.080104,1.6653846153846115,0.5269889791649979,0.5826923076923058,0.20875231276647704,1.2566983248579904,0.4196360554829792,False,Goblet vs Rest,Goblet,Rest,Tnfaip2
1150,Adam15,0.928,0.07199999999999995,2.556365485657129,3.215948e-05,1.3419345e-05,0.0,0.25,1.4787868,1.5328164,1.0710384,-2.5983028,5.3453903,0.428846153846153,0.12694071273429405,0.2942307692307684,0.09942884723674761,0.3213950646237464,0.12641460083761188,False,Goblet vs Rest,Goblet,Rest,Adam15
1151,Gchfr,0.928,0.07199999999999995,2.556365485657129,3.5768695e-05,2.7470416e-05,0.0,0.25,1.5212011,1.4535146,2.3767955,-5.4326315,7.3429413,0.47692307692307623,0.4437293862118978,0.27692307692307616,0.1633818679108719,0.3239215127783838,0.2544661029379734,False,Goblet vs Rest,Goblet,Rest,Gchfr
1152,Fgfr3,0.928,0.07199999999999995,2.556365485657129,2.0046315e-05,8.073883e-06,0.0,0.25,1.566208,1.6208754,1.9502826,-6.3885193,6.9715137,0.2634615384615382,0.05204730110208325,0.1615384615384612,0.03434960984635187,0.19346469429098453,0.03863469189496034,False,Goblet vs Rest,Goblet,Rest,Fgfr3
1153,Aldh3a1,0.928,0.07199999999999995,2.556365485657129,6.6190194e-05,2.611401e-05,0.0,0.25,1.611517,1.643426,1.526491,-3.4338045,8.0478735,0.763461538461538,0.15059126377604418,0.2096153846153841,0.06990588046013929,0.5533180132393734,0.13397210899938997,False,Goblet vs Rest,Goblet,Rest,Aldh3a1
1154,Slc25a4,0.928,0.07199999999999995,2.556365485657129,0.00015285767,0.00041083727,0.0,0.25,-1.5591216,-1.4699907,1.4445655,-6.551298,4.017234,1.9346153846153804,5.401335371249287,0.5730769230769213,0.8150591263774228,1.376202845910024,4.20576416405436,False,Goblet vs Rest,Goblet,Rest,Slc25a4
1155,Arl2bp,0.928,0.07199999999999995,2.556365485657129,8.684394e-05,3.622013e-05,0.0,0.25,1.3014265,1.3293481,0.8281928,-1.9991102,3.7875195,1.0249999999999975,0.5215992277371218,0.5461538461538444,0.3159037889148211,0.7850481874042292,0.38728091368208195,False,Goblet vs Rest,Goblet,Rest,Arl2bp
1156,Abca13,0.928,0.07199999999999995,2.556365485657129,4.7907524e-05,2.7332455e-05,0.0,0.25,1.7394441,1.6580496,2.2926571,-6.7623425,7.896433,0.4461538461538459,0.2520312122918528,0.1865384615384611,0.09170621832515524,0.344997685086984,0.20232060721092582,False,Goblet vs Rest,Goblet,Rest,Abca13
1157,Magi3,0.928,0.07199999999999995,2.556365485657129,5.1891817e-05,1.9533096e-05,0.0,0.25,1.6013334,1.6549788,1.245658,-3.3194008,6.1207705,0.48269230769230675,0.18333199259915023,0.31346153846153757,0.13442200949240052,0.3731658610312549,0.15354246657357842,False,Goblet vs Rest,Goblet,Rest,Magi3
1158,Tspan6,0.928,0.07199999999999995,2.556365485657129,5.1264404e-05,2.2921338e-05,0.0,0.25,1.4960645,1.516449,1.3559744,-5.3513947,7.254755,0.6807692307692295,0.22773710884080448,0.34423076923076823,0.1288713699621935,0.4841180723067473,0.19735847540365148,False,Goblet vs Rest,Goblet,Rest,Tspan6
1159,Dcxr,0.9278,0.07220000000000004,2.5533760186929015,0.00026148322,9.7596494e-05,0.0,0.25,1.5262995,1.5776887,1.2707944,-3.8323002,5.4829884,3.9461538461538384,1.1578312283805805,0.6980769230769208,0.4215268280910792,2.661862965612263,0.8634914210633778,False,Goblet vs Rest,Goblet,Rest,Dcxr
1160,Akap6,0.9278,0.07220000000000004,2.5533760186929015,3.1710864e-05,1.1715016e-05,0.0,0.25,1.7847949,1.8222952,1.9030149,-4.805972,6.9739065,0.359615384615384,0.14198375030166596,0.23076923076923017,0.09041911350655651,0.24610721545559947,0.09818677247479178,False,Goblet vs Rest,Goblet,Rest,Akap6
1161,Atf3,0.9278,0.07220000000000004,2.5533760186929015,0.0008644768,0.0006445645,0.0,0.25,1.0400918,1.1352534,1.9998053,-5.683708,6.685504,12.942307692307716,6.609685463760048,0.7307692307692284,0.5731638645321914,9.823500752342415,7.6358199040872945,False,Goblet vs Rest,Goblet,Rest,Atf3
1162,Lrp1,0.9276,0.07240000000000002,2.550394178648677,1.3114268e-05,3.106411e-05,0.0,0.25,-1.1006,-1.1444783,2.2629638,-7.959203,6.0581007,0.13076923076923067,0.17617247204569522,0.10576923076923062,0.13796154774354702,0.1044133214874502,0.27809253799787087,False,Goblet vs Rest,Goblet,Rest,Lrp1
1163,Acad9,0.9276,0.07240000000000002,2.550394178648677,4.1782074e-05,0.00010389924,0.0,0.25,-1.2410746,-1.2088623,0.75448614,-4.1585875,1.3487864,0.5365384615384603,1.3118011423054206,0.3423076923076913,0.5238516611696616,0.3630283928897757,0.9930332990538001,False,Goblet vs Rest,Goblet,Rest,Acad9
1164,Smo,0.9276,0.07240000000000002,2.550394178648677,1.7558146e-05,3.734728e-05,0.0,0.25,-1.0924541,-1.077035,2.0583854,-7.5047617,5.8326826,0.18461538461538438,0.2513876598825582,0.13461538461538436,0.19185906202236874,0.13381339757523691,0.3364913588996309,False,Goblet vs Rest,Goblet,Rest,Smo
1165,Ly6e,0.9276,0.07240000000000002,2.550394178648677,0.0046927775,0.0020341396,0.0,0.25,1.2498386,1.2227535,0.88577455,-2.0598083,4.9951878,72.09230769230774,24.644839514117944,0.9980769230769198,0.9864853994044226,55.39268556606817,20.793094292818154,False,Goblet vs Rest,Goblet,Rest,Ly6e
1166,Cxcl2,0.9276,0.07240000000000002,2.550394178648677,0.0004317162,0.00017196176,0.0,0.25,2.0721292,1.9957023,2.113898,-3.9517145,8.43121,5.342307692307698,2.5084868473976205,0.3615384615384605,0.19813369801303754,3.870771333046701,1.4668608994841803,False,Goblet vs Rest,Goblet,Rest,Cxcl2
1167,Ctsd,0.9274,0.0726,2.5474199231684067,0.0007468189,0.00033361328,0.0,0.25,1.4550055,1.5774732,1.2993227,-3.9022036,5.7921877,9.751923076923125,4.2399646046174855,0.969230769230766,0.7379937253638772,7.592299456352851,3.34688137184715,False,Goblet vs Rest,Goblet,Rest,Ctsd
1168,Nabp1,0.9274,0.0726,2.5474199231684067,0.0002651422,0.00011418063,0.0,0.25,1.2995886,1.387074,1.9837036,-6.2978106,6.429983,3.621153846153838,1.4979486766952719,0.71730769230769,0.4392245193468117,3.187774309038514,1.2167524811805384,False,Goblet vs Rest,Goblet,Rest,Nabp1
1169,Cdc14b,0.9274,0.0726,2.5474199231684067,2.5515666e-05,7.803331e-05,0.0,0.25,-1.4777257,-1.5030212,1.1424679,-5.6706495,2.5929823,0.19230769230769207,0.6915775078432679,0.1519230769230766,0.4036682487330219,0.16797229490848165,0.7461713645930692,False,Goblet vs Rest,Goblet,Rest,Cdc14b
1170,Pdxk,0.9274,0.0726,2.5474199231684067,4.5505225e-05,1.9133064e-05,0.0,0.25,1.447246,1.5183477,1.1426464,-5.284254,5.277211,0.5865384615384607,0.1818035556270639,0.32115384615384523,0.12122918510176356,0.4879880103844153,0.15220385634313047,False,Goblet vs Rest,Goblet,Rest,Pdxk
1171,Sytl1,0.9274,0.0726,2.5474199231684067,0.00010842964,4.8989117e-05,0.0,0.25,1.4052866,1.511869,1.0983589,-2.6515265,5.042115,1.632692307692303,0.6046174885367178,0.6442307692307672,0.2915292414126077,1.2238905178937056,0.47950555018482854,False,Goblet vs Rest,Goblet,Rest,Sytl1
1172,Exph5,0.9274,0.0726,2.5474199231684067,2.5645051e-05,1.0707076e-05,0.0,0.25,1.5071305,1.5735974,1.3133466,-3.855198,6.729224,0.3346153846153842,0.10031373179953343,0.22692307692307634,0.07963961065079217,0.2698470638454387,0.1016302684769424,False,Goblet vs Rest,Goblet,Rest,Exph5
1173,Phlda1,0.9274,0.0726,2.5474199231684067,0.00030645338,0.00011862618,0.0,0.25,1.6915632,1.6250153,1.2630816,-2.295827,5.745493,4.6000000000000005,1.1718284932828544,0.7307692307692284,0.3766390475424486,3.7551313237485595,1.2022482942949515,False,Goblet vs Rest,Goblet,Rest,Phlda1
1174,H6pd,0.9272,0.07279999999999998,2.544453210245434,2.0957074e-05,8.388006e-06,0.0,0.25,1.5018908,1.5177517,1.2718779,-4.248348,7.888919,0.24423076923076875,0.06620545410666831,0.1980769230769226,0.05462151073928008,0.2066582352111278,0.07288862875148557,False,Goblet vs Rest,Goblet,Rest,H6pd
1175,Pls3,0.9272,0.07279999999999998,2.544453210245434,0.00024201619,7.492717e-05,0.0,0.25,1.646564,1.658361,1.3995627,-3.833768,6.7784815,3.1134615384615305,0.8443407610006893,0.7230769230769207,0.35322982865418423,2.385848208067563,0.7111302102980742,False,Goblet vs Rest,Goblet,Rest,Pls3
1176,Baiap2l1,0.9272,0.07279999999999998,2.544453210245434,4.3460805e-05,1.9687646e-05,0.0,0.25,1.3358924,1.3999572,1.17938,-3.2301302,6.4825077,0.4269230769230762,0.16635829780387926,0.28846153846153766,0.11374788834365845,0.3061251904323816,0.1470676706644724,False,Goblet vs Rest,Goblet,Rest,Baiap2l1
1177,Susd2,0.927,0.07299999999999995,2.5414939982186593,5.5765842e-05,2.4538269e-05,0.0,0.25,1.6538924,1.7245879,1.5901296,-4.0685024,5.80476,0.7615384615384597,0.29788432145443505,0.39615384615384497,0.1692542836457286,0.5748232140524558,0.19288101671739952,False,Goblet vs Rest,Goblet,Rest,Susd2
1178,Ptn,0.9268,0.07320000000000004,2.5385422457687565,3.5143796e-05,9.651464e-05,0.0,0.25,-1.502671,-1.5510621,2.0354152,-6.884063,6.7595787,0.25769230769230755,0.6297964765505533,0.14423076923076894,0.2792213015847574,0.17237822306650014,0.7664604737528737,False,Goblet vs Rest,Goblet,Rest,Ptn
1179,Gan,0.9268,0.07320000000000004,2.5385422457687565,8.708521e-05,3.7553484e-05,0.0,0.25,1.5203652,1.5584502,1.6687778,-7.055071,7.137706,0.9019230769230752,0.39321052208190066,0.38269230769230655,0.1933070549432923,0.7953399459741204,0.3557379452836502,False,Goblet vs Rest,Goblet,Rest,Gan
1180,Vwf,0.9268,0.07320000000000004,2.5385422457687565,2.467874e-05,1.5840062e-05,0.0,0.25,1.3997691,1.5729866,1.7976168,-6.0401793,7.952441,0.22307692307692284,0.196122596733974,0.15384615384615352,0.10699058804601513,0.19437783786878723,0.14787602554978369,False,Goblet vs Rest,Goblet,Rest,Vwf
1181,Mfap3l,0.9268,0.07320000000000004,2.5385422457687565,3.0950177e-05,1.1328357e-05,0.0,0.25,1.8127203,1.8890028,1.4376644,-3.842887,6.766386,0.25769230769230733,0.07433030327407271,0.18461538461538418,0.052047301102082846,0.20314322250119873,0.056531710831827925,False,Goblet vs Rest,Goblet,Rest,Mfap3l
1182,Slc25a48,0.9266,0.07340000000000002,2.5355979119144485,1.5250735e-05,7.5792327e-06,0.0,0.25,1.3397102,1.4075098,2.014509,-5.0064745,6.9978867,0.1673076923076922,0.04641621752071414,0.10576923076923062,0.0305687394417184,0.133388666625526,0.031023416760374373,False,Goblet vs Rest,Goblet,Rest,Slc25a48
1183,Il33,0.9266,0.07340000000000002,2.5355979119144485,6.008449e-05,2.1304857e-05,0.0,0.25,1.4819301,1.5392375,1.6903532,-4.5580873,7.3633337,0.7307692307692303,0.10473815461346628,0.1999999999999995,0.04850776285093665,0.6172404366640541,0.1024777579280884,False,Goblet vs Rest,Goblet,Rest,Il33
1184,Prrx2,0.9266,0.07340000000000002,2.5355979119144485,2.0466448e-05,8.102052e-06,0.0,0.25,1.0574478,1.0136442,2.3811743,-6.816802,10.378226,0.21538461538461523,0.03137317995334251,0.1269230769230767,0.02059367709757869,0.1758545129646975,0.03069626500161409,False,Goblet vs Rest,Goblet,Rest,Prrx2
1185,Plce1,0.9264,0.0736,2.5326609560088174,2.1459504e-05,7.181284e-05,0.0,0.25,-1.5367029,-1.5849142,1.3189652,-6.518078,4.0385714,0.15961538461538444,0.6022041670018445,0.11730769230769211,0.3570911431099804,0.10659498686285361,0.6662958080864005,False,Goblet vs Rest,Goblet,Rest,Plce1
1186,Avpi1,0.9264,0.0736,2.5326609560088174,0.0001943886,7.757714e-05,0.0,0.25,1.9003567,2.021566,1.598494,-3.710928,5.7554426,3.0826923076923003,1.198053253961806,0.7596153846153821,0.3950607352586429,2.340111407462571,0.8264130247970098,False,Goblet vs Rest,Goblet,Rest,Avpi1
1187,Rpl36a,0.9264,0.0736,2.5326609560088174,0.00012044612,0.00032515766,0.0,0.25,-1.446334,-1.4694963,1.5701696,-6.4100275,5.00807,1.3846153846153815,3.5808060493926415,0.578846153846152,0.8079800498751347,1.0362932666626101,3.1954434534772855,False,Goblet vs Rest,Goblet,Rest,Rpl36a
1188,Mkrn2os,0.9262,0.07379999999999998,2.529731337735684,9.6865435e-05,4.5956003e-05,0.0,0.25,1.9331392,2.072896,1.9419029,-3.9086742,5.881628,1.2173076923076895,0.5607754806532099,0.46346153846153704,0.2128549593757605,0.8592781258722844,0.3514717431206466,False,Goblet vs Rest,Goblet,Rest,Mkrn2os
1189,Hpn,0.9262,0.07379999999999998,2.529731337735684,2.227396e-05,9.286315e-06,0.0,0.25,1.4856764,1.5294957,1.1879176,-2.2553663,5.697606,0.2673076923076919,0.07923739039498003,0.20384615384615334,0.061539699139247644,0.1976273372702685,0.059255344254770956,False,Goblet vs Rest,Goblet,Rest,Hpn
1190,Rnf103,0.9258,0.07420000000000004,2.523893954454423,7.378445e-05,2.8786788e-05,0.0,0.25,1.433406,1.420135,1.0829698,-3.4502068,6.85415,0.890384615384613,0.3052047301102163,0.4692307692307678,0.21229185101762355,0.7087460765148537,0.28087810152886,False,Goblet vs Rest,Goblet,Rest,Rnf103
1191,Adgre5,0.9258,0.07420000000000004,2.523893954454423,2.375974e-05,1.0847297e-05,0.0,0.25,1.7879602,1.8967953,1.8225379,-5.7385826,6.542577,0.14615384615384605,0.07054943286943911,0.1038461538461537,0.04255490306491805,0.13256008850483103,0.04589375500516816,False,Goblet vs Rest,Goblet,Rest,Adgre5
1192,Igfbp7,0.9258,0.07420000000000004,2.523893954454423,0.0001222267,4.227247e-05,0.0,0.25,1.3207563,1.3150706,2.4355175,-8.552964,9.598063,1.1711538461538458,0.1603249939666965,0.13653846153846128,0.04689888182768838,0.7936994887664625,0.18992755931076552,False,Goblet vs Rest,Goblet,Rest,Igfbp7
1193,Myo5b,0.9256,0.07440000000000002,2.52098611043563,5.7074703e-05,2.1979653e-05,0.0,0.25,1.7908164,1.8864088,1.4011852,-3.4969692,5.854641,0.684615384615383,0.2355401818035601,0.41538461538461413,0.15445257823184322,0.5580910822849929,0.17331251267625167,False,Goblet vs Rest,Goblet,Rest,Myo5b
1194,Cavin3,0.9256,0.07440000000000002,2.52098611043563,4.883797e-05,0.00016087828,0.0,0.25,-1.5399425,-1.60711,2.0116494,-7.2086077,5.632739,0.3615384615384612,1.1505108197248226,0.17692307692307652,0.4142868634864614,0.2735412126718752,1.436748174507449,False,Goblet vs Rest,Goblet,Rest,Cavin3
1195,Aldh3b1,0.9256,0.07440000000000002,2.52098611043563,5.1495528e-05,1.9472698e-05,0.0,0.25,2.1916173,2.3083582,1.7513028,-4.242241,6.0565395,0.5173076923076916,0.1942723835572378,0.2692307692307685,0.09886573887861067,0.3519148675828987,0.12385162142157381,False,Goblet vs Rest,Goblet,Rest,Aldh3b1
1196,Rtl8a,0.9254,0.0746,2.518085446021074,9.967958e-06,2.7745346e-05,0.0,0.25,-1.39876,-1.4268236,0.9400539,-4.622697,2.557311,0.1326923076923075,0.24865256214303555,0.1038461538461537,0.19427238355724136,0.09277180625253914,0.24457034678280418,False,Goblet vs Rest,Goblet,Rest,Rtl8a
1197,Gpr87,0.9254,0.0746,2.518085446021074,0.00014219861,5.750264e-05,0.0,0.25,1.5217524,1.5760603,1.2994428,-3.1713457,5.9088535,1.8249999999999957,0.693829941275828,0.6346153846153826,0.3181562223473689,1.3662925222915896,0.5478007654840966,False,Goblet vs Rest,Goblet,Rest,Gpr87
1198,Jdp2,0.9254,0.0746,2.518085446021074,6.443392e-05,1.7165188e-05,0.0,0.25,1.7331283,1.6725068,1.8688442,-4.5248795,8.64821,0.6480769230769222,0.08599469069262322,0.23076923076923017,0.055184619097416975,0.491827510915098,0.07714835320728242,False,Goblet vs Rest,Goblet,Rest,Jdp2
1199,Cobl,0.9254,0.0746,2.518085446021074,0.000121872654,5.1337982e-05,0.0,0.25,1.5496266,1.5573349,1.2282612,-2.118371,7.224394,1.390384615384612,0.47108036360712474,0.5961538461538443,0.25203121229185926,1.1024785699363435,0.4319108268831918,False,Goblet vs Rest,Goblet,Rest,Cobl
1200,Ifi207,0.9254,0.0746,2.518085446021074,1.6871796e-05,6.3481057e-06,0.0,0.25,1.7133015,1.7515793,1.6033562,-4.120487,8.942399,0.19615384615384596,0.0273509773952217,0.1269230769230767,0.021237229506878025,0.1390598304924593,0.036712765217964315,False,Goblet vs Rest,Goblet,Rest,Ifi207
1201,Pkdcc,0.9252,0.07479999999999998,2.515191922495496,4.7596823e-05,0.00015929846,0.0,0.25,-1.5140132,-1.474185,1.2202286,-5.488634,3.3661823,0.28461538461538427,2.286461266189291,0.1749999999999996,0.4948918027512067,0.2203164181872293,1.5237823366429615,False,Goblet vs Rest,Goblet,Rest,Pkdcc
1202,Mindy1,0.9252,0.07479999999999998,2.515191922495496,5.264881e-05,2.3538349e-05,0.0,0.25,1.2855026,1.3394151,0.92832035,-2.4499016,4.7224884,0.7557692307692288,0.2635347116080827,0.4923076923076908,0.18992840479447065,0.5890370119058062,0.23029546267850154,False,Goblet vs Rest,Goblet,Rest,Mindy1
1203,Aktip,0.9252,0.07479999999999998,2.515191922495496,7.254378e-05,3.01639e-05,0.0,0.25,1.4027734,1.4698763,0.92914087,-2.3917084,4.140296,0.9576923076923053,0.395865175770264,0.5192307692307676,0.25830584828252806,0.7224078158336291,0.29719888962398583,False,Goblet vs Rest,Goblet,Rest,Aktip
1204,Rab27a,0.9252,0.07479999999999998,2.515191922495496,5.8006026e-05,2.2058295e-05,0.0,0.25,1.4308202,1.4302168,1.1551911,-3.2022104,8.10311,0.7480769230769213,0.20714343174322608,0.4115384615384603,0.14817794224117442,0.6171494406755732,0.18502418665603798,False,Goblet vs Rest,Goblet,Rest,Rab27a
1205,Pik3cb,0.9252,0.07479999999999998,2.515191922495496,5.6349236e-05,1.919605e-05,0.0,0.25,1.5440217,1.5516715,1.3036779,-4.417923,6.6785803,0.6115384615384601,0.17898801383637938,0.32307692307692215,0.13072158313892918,0.5147475611520014,0.1396210138510813,False,Goblet vs Rest,Goblet,Rest,Pik3cb
1206,Cebpb,0.925,0.07499999999999996,2.5123055014536018,0.00035486717,0.00015267801,0.0,0.25,1.554672,1.5243669,1.2225827,-3.0130882,5.7603693,5.39807692307693,1.681682889550196,0.8846153846153817,0.5134743785697166,4.463380988228681,1.5569724271645533,False,Goblet vs Rest,Goblet,Rest,Cebpb
1207,Pclo,0.925,0.07499999999999996,2.5123055014536018,2.4145604e-05,7.777915e-05,0.0,0.25,-1.5261893,-1.502635,1.2550253,-7.054549,2.8912115,0.22499999999999976,0.7285013273268196,0.16538461538461502,0.3656986565843594,0.1644013086607668,0.7312193323263015,False,Goblet vs Rest,Goblet,Rest,Pclo
1208,Sncg,0.925,0.07499999999999996,2.5123055014536018,0.00030751183,0.00023588567,0.0,0.25,1.4709991,1.5672274,2.195262,-5.3608465,6.6103773,1.36153846153846,2.8707264097819967,0.21346153846153793,0.24012549271982103,1.1929738280992406,2.0020985627617507,False,Goblet vs Rest,Goblet,Rest,Sncg
1209,Ppp1r14d,0.9248,0.07520000000000004,2.5094261447967527,3.168131e-05,1.3231276e-05,0.0,0.25,1.3329816,1.3823228,1.9356703,-4.799803,6.5954523,0.359615384615384,0.15606145925508944,0.21923076923076867,0.0946826482181648,0.275232481168169,0.1031174154658682,False,Goblet vs Rest,Goblet,Rest,Ppp1r14d
1210,Trf,0.9248,0.07520000000000004,2.5094261447967527,0.0002130304,2.8963024e-05,0.0,0.25,1.9720597,1.7268233,1.9466883,-5.049835,8.965861,4.20769230769231,0.21124607835250878,0.13461538461538436,0.11664387418550559,3.0024379848785645,0.19185445615009164,False,Goblet vs Rest,Goblet,Rest,Trf
1211,Golim4,0.9246,0.07540000000000002,2.5065538147297164,1.5828728e-05,4.7299323e-05,0.0,0.25,-1.6342857,-1.6068745,1.6769857,-7.4844646,4.8683767,0.14230769230769214,0.37141018421688826,0.11153846153846136,0.2482503418872255,0.10765846198744117,0.41117672766613556,False,Goblet vs Rest,Goblet,Rest,Golim4
1212,Anpep,0.9246,0.07540000000000002,2.5065538147297164,5.068949e-05,2.3280043e-05,0.0,0.25,1.1773595,1.1927891,2.3337162,-6.1620455,7.916049,0.6346153846153839,0.31139892204971964,0.2326923076923071,0.14544284450165212,0.4617923097493514,0.2175945557326148,False,Goblet vs Rest,Goblet,Rest,Anpep
1213,Marveld3,0.9246,0.07540000000000002,2.5065538147297164,7.39513e-05,3.139349e-05,0.0,0.25,1.3040704,1.3263206,0.8263594,-1.3839102,4.627467,0.9076923076923055,0.30021719893814636,0.4923076923076908,0.20891320086880188,0.7153495046536309,0.24244424969276251,False,Goblet vs Rest,Goblet,Rest,Marveld3
1214,Robo1,0.9246,0.07540000000000002,2.5065538147297164,2.2916087e-05,8.289849e-05,0.0,0.25,-1.6447871,-1.6271291,1.8962103,-7.956807,4.110096,0.19230769230769215,0.5298045209556861,0.1403846153846151,0.322580645161302,0.13131947653582285,0.7352624385563987,False,Goblet vs Rest,Goblet,Rest,Robo1
1215,Ifi213,0.9244,0.0756,2.503688473757443,2.1257307e-05,1.1350235e-05,0.0,0.25,1.4159086,1.3730202,2.1694613,-5.425333,8.029498,0.2884615384615382,0.06853833159037852,0.1749999999999996,0.05196685705092043,0.25868244088123543,0.0800052748223152,False,Goblet vs Rest,Goblet,Rest,Ifi213
1216,Bicdl1,0.9244,0.0756,2.503688473757443,6.3796026e-05,2.659416e-05,0.0,0.25,1.5778612,1.6189747,1.6273305,-4.491763,6.2011137,0.6557692307692292,0.3160646770171428,0.4115384615384603,0.20481055425951844,0.5235374387683064,0.22240403108685733,False,Goblet vs Rest,Goblet,Rest,Bicdl1
1217,Homer2,0.9244,0.0756,2.503688473757443,6.2920546e-05,3.8210477e-05,0.0,0.25,1.6163545,1.6295834,2.1570404,-5.172187,7.439872,0.880769230769229,0.4412356206258632,0.42692307692307563,0.17223071353873814,0.7073662805958025,0.29829962226439716,False,Goblet vs Rest,Goblet,Rest,Homer2
1218,Ovol1,0.9242,0.07579999999999998,2.5008300846818967,5.105033e-05,2.0751033e-05,0.0,0.25,1.5774564,1.6723623,1.5034164,-4.389702,5.878742,0.5865384615384603,0.24841122998954596,0.33461538461538365,0.13611133456681135,0.4884220172193656,0.1654127363565658,False,Goblet vs Rest,Goblet,Rest,Ovol1
